year,industry,occupation,retrench
1998,manufacturing,"professionals, managers, executives and technicians",2680
1998,manufacturing,"clerical, sales and services workers",1310
1998,manufacturing,"production and transport operators, cleaners and labourers",16700
1998,"food, beverages and tobacco","professionals, managers, executives and technicians",10
1998,"food, beverages and tobacco","clerical, sales and services workers",20
1998,"food, beverages and tobacco","production and transport operators, cleaners and labourers",200
1998,textile and wearing apparel,"professionals, managers, executives and technicians",10
1998,textile and wearing apparel,"clerical, sales and services workers",80
1998,textile and wearing apparel,"production and transport operators, cleaners and labourers",230
1998,paper products and publishing,"professionals, managers, executives and technicians",30
1998,paper products and publishing,"clerical, sales and services workers",60
1998,paper products and publishing,"production and transport operators, cleaners and labourers",420
1998,petroleum and chemical products,"professionals, managers, executives and technicians",80
1998,petroleum and chemical products,"clerical, sales and services workers",80
1998,petroleum and chemical products,"production and transport operators, cleaners and labourers",340
1998,rubber and plastic products,"professionals, managers, executives and technicians",70
1998,rubber and plastic products,"clerical, sales and services workers",40
1998,rubber and plastic products,"production and transport operators, cleaners and labourers",1000
1998,fabricated metal products,"professionals, managers, executives and technicians",100
1998,fabricated metal products,"clerical, sales and services workers",60
1998,fabricated metal products,"production and transport operators, cleaners and labourers",930
1998,machinery and equipment,"professionals, managers, executives and technicians",250
1998,machinery and equipment,"clerical, sales and services workers",160
1998,machinery and equipment,"production and transport operators, cleaners and labourers",1430
1998,electrical products,"professionals, managers, executives and technicians",110
1998,electrical products,"clerical, sales and services workers",90
1998,electrical products,"production and transport operators, cleaners and labourers",1330
1998,electronic products,"professionals, managers, executives and technicians",1690
1998,electronic products,"clerical, sales and services workers",560
1998,electronic products,"production and transport operators, cleaners and labourers",9100
1998,medical and precision instruments,"professionals, managers, executives and technicians",70
1998,medical and precision instruments,"clerical, sales and services workers",30
1998,medical and precision instruments,"production and transport operators, cleaners and labourers",160
1998,transport equipment,"professionals, managers, executives and technicians",60
1998,transport equipment,"clerical, sales and services workers",30
1998,transport equipment,"production and transport operators, cleaners and labourers",150
1998,other manufacturing industries,"professionals, managers, executives and technicians",230
1998,other manufacturing industries,"clerical, sales and services workers",110
1998,other manufacturing industries,"production and transport operators, cleaners and labourers",1430
1998,construction,"professionals, managers, executives and technicians",270
1998,construction,"clerical, sales and services workers",150
1998,construction,"production and transport operators, cleaners and labourers",2030
1998,services,"professionals, managers, executives and technicians",3140
1998,services,"clerical, sales and services workers",3980
1998,services,"production and transport operators, cleaners and labourers",2500
1998,wholesale and retail trade,"professionals, managers, executives and technicians",1050
1998,wholesale and retail trade,"clerical, sales and services workers",1490
1998,wholesale and retail trade,"production and transport operators, cleaners and labourers",1450
1998,wholesale trade,"professionals, managers, executives and technicians",900
1998,wholesale trade,"clerical, sales and services workers",1050
1998,wholesale trade,"production and transport operators, cleaners and labourers",1360
1998,retail trade,"professionals, managers, executives and technicians",140
1998,retail trade,"clerical, sales and services workers",440
1998,retail trade,"production and transport operators, cleaners and labourers",100
1998,hotels and restaurants,"professionals, managers, executives and technicians",180
1998,hotels and restaurants,"clerical, sales and services workers",1010
1998,hotels and restaurants,"production and transport operators, cleaners and labourers",210
1998,hotels,"professionals, managers, executives and technicians",130
1998,hotels,"clerical, sales and services workers",720
1998,hotels,"production and transport operators, cleaners and labourers",120
1998,restaurants,"professionals, managers, executives and technicians",50
1998,restaurants,"clerical, sales and services workers",290
1998,restaurants,"production and transport operators, cleaners and labourers",80
1998,"transport, storage and communications","professionals, managers, executives and technicians",160
1998,"transport, storage and communications","clerical, sales and services workers",260
1998,"transport, storage and communications","production and transport operators, cleaners and labourers",400
1998,financial intermediation,"professionals, managers, executives and technicians",790
1998,financial intermediation,"clerical, sales and services workers",630
1998,financial intermediation,"production and transport operators, cleaners and labourers",60
1998,financial institutions,"professionals, managers, executives and technicians",770
1998,financial institutions,"clerical, sales and services workers",600
1998,financial institutions,"production and transport operators, cleaners and labourers",60
1998,insurance and pension funding,"professionals, managers, executives and technicians",30
1998,insurance and pension funding,"clerical, sales and services workers",20
1998,insurance and pension funding,"production and transport operators, cleaners and labourers",-
1998,business and real estate services,"professionals, managers, executives and technicians",840
1998,business and real estate services,"clerical, sales and services workers",470
1998,business and real estate services,"production and transport operators, cleaners and labourers",270
1998,"community, social and personal services","professionals, managers, executives and technicians",110
1998,"community, social and personal services","clerical, sales and services workers",120
1998,"community, social and personal services","production and transport operators, cleaners and labourers",100
1998,others,"professionals, managers, executives and technicians",-
1998,others,"clerical, sales and services workers",-
1998,others,"production and transport operators, cleaners and labourers",30
1999,manufacturing,"professionals, managers, executives and technicians",1350
1999,manufacturing,"clerical, sales and services workers",740
1999,manufacturing,"production and transport operators, cleaners and labourers",6290
1999,"food, beverages and tobacco","professionals, managers, executives and technicians",50
1999,"food, beverages and tobacco","clerical, sales and services workers",60
1999,"food, beverages and tobacco","production and transport operators, cleaners and labourers",340
1999,textile and wearing apparel,"professionals, managers, executives and technicians",-
1999,textile and wearing apparel,"clerical, sales and services workers",-
1999,textile and wearing apparel,"production and transport operators, cleaners and labourers",20
1999,paper products and publishing,"professionals, managers, executives and technicians",10
1999,paper products and publishing,"clerical, sales and services workers",30
1999,paper products and publishing,"production and transport operators, cleaners and labourers",110
1999,petroleum and chemical products,"professionals, managers, executives and technicians",80
1999,petroleum and chemical products,"clerical, sales and services workers",50
1999,petroleum and chemical products,"production and transport operators, cleaners and labourers",180
1999,rubber and plastic products,"professionals, managers, executives and technicians",40
1999,rubber and plastic products,"clerical, sales and services workers",20
1999,rubber and plastic products,"production and transport operators, cleaners and labourers",240
1999,fabricated metal products,"professionals, managers, executives and technicians",30
1999,fabricated metal products,"clerical, sales and services workers",30
1999,fabricated metal products,"production and transport operators, cleaners and labourers",210
1999,machinery and equipment,"professionals, managers, executives and technicians",110
1999,machinery and equipment,"clerical, sales and services workers",70
1999,machinery and equipment,"production and transport operators, cleaners and labourers",310
1999,electrical products,"professionals, managers, executives and technicians",60
1999,electrical products,"clerical, sales and services workers",20
1999,electrical products,"production and transport operators, cleaners and labourers",240
1999,electronic products,"professionals, managers, executives and technicians",850
1999,electronic products,"clerical, sales and services workers",380
1999,electronic products,"production and transport operators, cleaners and labourers",3970
1999,medical and precision instruments,"professionals, managers, executives and technicians",40
1999,medical and precision instruments,"clerical, sales and services workers",20
1999,medical and precision instruments,"production and transport operators, cleaners and labourers",40
1999,transport equipment,"professionals, managers, executives and technicians",70
1999,transport equipment,"clerical, sales and services workers",40
1999,transport equipment,"production and transport operators, cleaners and labourers",490
1999,other manufacturing industries,"professionals, managers, executives and technicians",10
1999,other manufacturing industries,"clerical, sales and services workers",20
1999,other manufacturing industries,"production and transport operators, cleaners and labourers",130
1999,construction,"professionals, managers, executives and technicians",170
1999,construction,"clerical, sales and services workers",80
1999,construction,"production and transport operators, cleaners and labourers",590
1999,services,"professionals, managers, executives and technicians",2140
1999,services,"clerical, sales and services workers",2800
1999,services,"production and transport operators, cleaners and labourers",1390
1999,wholesale and retail trade,"professionals, managers, executives and technicians",470
1999,wholesale and retail trade,"clerical, sales and services workers",1170
1999,wholesale and retail trade,"production and transport operators, cleaners and labourers",670
1999,wholesale trade,"professionals, managers, executives and technicians",420
1999,wholesale trade,"clerical, sales and services workers",490
1999,wholesale trade,"production and transport operators, cleaners and labourers",600
1999,retail trade,"professionals, managers, executives and technicians",50
1999,retail trade,"clerical, sales and services workers",690
1999,retail trade,"production and transport operators, cleaners and labourers",70
1999,hotels and restaurants,"professionals, managers, executives and technicians",70
1999,hotels and restaurants,"clerical, sales and services workers",320
1999,hotels and restaurants,"production and transport operators, cleaners and labourers",160
1999,hotels,"professionals, managers, executives and technicians",60
1999,hotels,"clerical, sales and services workers",250
1999,hotels,"production and transport operators, cleaners and labourers",160
1999,restaurants,"professionals, managers, executives and technicians",10
1999,restaurants,"clerical, sales and services workers",80
1999,restaurants,"production and transport operators, cleaners and labourers",-
1999,"transport, storage and communications","professionals, managers, executives and technicians",140
1999,"transport, storage and communications","clerical, sales and services workers",190
1999,"transport, storage and communications","production and transport operators, cleaners and labourers",250
1999,financial intermediation,"professionals, managers, executives and technicians",840
1999,financial intermediation,"clerical, sales and services workers",680
1999,financial intermediation,"production and transport operators, cleaners and labourers",70
1999,financial institutions,"professionals, managers, executives and technicians",830
1999,financial institutions,"clerical, sales and services workers",650
1999,financial institutions,"production and transport operators, cleaners and labourers",70
1999,insurance and pension funding,"professionals, managers, executives and technicians",10
1999,insurance and pension funding,"clerical, sales and services workers",20
1999,insurance and pension funding,"production and transport operators, cleaners and labourers",-
1999,business and real estate services,"professionals, managers, executives and technicians",550
1999,business and real estate services,"clerical, sales and services workers",310
1999,business and real estate services,"production and transport operators, cleaners and labourers",220
1999,"community, social and personal services","professionals, managers, executives and technicians",70
1999,"community, social and personal services","clerical, sales and services workers",130
1999,"community, social and personal services","production and transport operators, cleaners and labourers",20
1999,others,"professionals, managers, executives and technicians",-
1999,others,"clerical, sales and services workers",-
1999,others,"production and transport operators, cleaners and labourers",-
2000,manufacturing,"professionals, managers, executives and technicians",1150
2000,manufacturing,"clerical, sales and services workers",510
2000,manufacturing,"production and transport operators, cleaners and labourers",5840
2000,"food, beverages and tobacco","professionals, managers, executives and technicians",20
2000,"food, beverages and tobacco","clerical, sales and services workers",20
2000,"food, beverages and tobacco","production and transport operators, cleaners and labourers",50
2000,paper products and printing,"professionals, managers, executives and technicians",-
2000,paper products and printing,"clerical, sales and services workers",-
2000,paper products and printing,"production and transport operators, cleaners and labourers",10
2000,"petroleum, chemical and pharmaceutical products","professionals, managers, executives and technicians",70
2000,"petroleum, chemical and pharmaceutical products","clerical, sales and services workers",50
2000,"petroleum, chemical and pharmaceutical products","production and transport operators, cleaners and labourers",80
2000,rubber and plastic products,"professionals, managers, executives and technicians",-
2000,rubber and plastic products,"clerical, sales and services workers",10
2000,rubber and plastic products,"production and transport operators, cleaners and labourers",60
2000,fabricated metal products,"professionals, managers, executives and technicians",30
2000,fabricated metal products,"clerical, sales and services workers",10
2000,fabricated metal products,"production and transport operators, cleaners and labourers",240
2000,machinery and equipment,"professionals, managers, executives and technicians",40
2000,machinery and equipment,"clerical, sales and services workers",40
2000,machinery and equipment,"production and transport operators, cleaners and labourers",220
2000,electrical products,"professionals, managers, executives and technicians",20
2000,electrical products,"clerical, sales and services workers",10
2000,electrical products,"production and transport operators, cleaners and labourers",50
2000,electronic products,"professionals, managers, executives and technicians",930
2000,electronic products,"clerical, sales and services workers",340
2000,electronic products,"production and transport operators, cleaners and labourers",4710
2000,medical and precision instruments,"professionals, managers, executives and technicians",10
2000,medical and precision instruments,"clerical, sales and services workers",-
2000,medical and precision instruments,"production and transport operators, cleaners and labourers",-
2000,transport equipment,"professionals, managers, executives and technicians",10
2000,transport equipment,"clerical, sales and services workers",-
2000,transport equipment,"production and transport operators, cleaners and labourers",200
2000,other manufacturing industries,"professionals, managers, executives and technicians",20
2000,other manufacturing industries,"clerical, sales and services workers",20
2000,other manufacturing industries,"production and transport operators, cleaners and labourers",210
2000,construction,"professionals, managers, executives and technicians",50
2000,construction,"clerical, sales and services workers",30
2000,construction,"production and transport operators, cleaners and labourers",300
2000,services producing industries,"professionals, managers, executives and technicians",1620
2000,services producing industries,"clerical, sales and services workers",1340
2000,services producing industries,"production and transport operators, cleaners and labourers",1120
2000,wholesale and retail trade,"professionals, managers, executives and technicians",380
2000,wholesale and retail trade,"clerical, sales and services workers",360
2000,wholesale and retail trade,"production and transport operators, cleaners and labourers",270
2000,wholesale trade,"professionals, managers, executives and technicians",340
2000,wholesale trade,"clerical, sales and services workers",290
2000,wholesale trade,"production and transport operators, cleaners and labourers",260
2000,retail trade,"professionals, managers, executives and technicians",50
2000,retail trade,"clerical, sales and services workers",70
2000,retail trade,"production and transport operators, cleaners and labourers",10
2000,transport and storage,"professionals, managers, executives and technicians",100
2000,transport and storage,"clerical, sales and services workers",110
2000,transport and storage,"production and transport operators, cleaners and labourers",430
2000,land transport and supporting services,"professionals, managers, executives and technicians",-
2000,land transport and supporting services,"clerical, sales and services workers",-
2000,land transport and supporting services,"production and transport operators, cleaners and labourers",10
2000,water transport and supporting services,"professionals, managers, executives and technicians",60
2000,water transport and supporting services,"clerical, sales and services workers",60
2000,water transport and supporting services,"production and transport operators, cleaners and labourers",50
2000,air transport and supporting services,"professionals, managers, executives and technicians",-
2000,air transport and supporting services,"clerical, sales and services workers",20
2000,air transport and supporting services,"production and transport operators, cleaners and labourers",-
2000,other transport and storage services,"professionals, managers, executives and technicians",30
2000,other transport and storage services,"clerical, sales and services workers",40
2000,other transport and storage services,"production and transport operators, cleaners and labourers",370
2000,hotels and restaurants,"professionals, managers, executives and technicians",80
2000,hotels and restaurants,"clerical, sales and services workers",320
2000,hotels and restaurants,"production and transport operators, cleaners and labourers",50
2000,hotels,"professionals, managers, executives and technicians",60
2000,hotels,"clerical, sales and services workers",200
2000,hotels,"production and transport operators, cleaners and labourers",10
2000,restaurants,"professionals, managers, executives and technicians",20
2000,restaurants,"clerical, sales and services workers",120
2000,restaurants,"production and transport operators, cleaners and labourers",40
2000,information and communications,"professionals, managers, executives and technicians",330
2000,information and communications,"clerical, sales and services workers",70
2000,information and communications,"production and transport operators, cleaners and labourers",20
2000,broadcasting and publishing,"professionals, managers, executives and technicians",240
2000,broadcasting and publishing,"clerical, sales and services workers",40
2000,broadcasting and publishing,"production and transport operators, cleaners and labourers",20
2000,telecommunications,"professionals, managers, executives and technicians",10
2000,telecommunications,"clerical, sales and services workers",10
2000,telecommunications,"production and transport operators, cleaners and labourers",-
2000,it and other information services,"professionals, managers, executives and technicians",70
2000,it and other information services,"clerical, sales and services workers",20
2000,it and other information services,"production and transport operators, cleaners and labourers",-
2000,financial services,"professionals, managers, executives and technicians",460
2000,financial services,"clerical, sales and services workers",350
2000,financial services,"production and transport operators, cleaners and labourers",120
2000,financial institutions,"professionals, managers, executives and technicians",450
2000,financial institutions,"clerical, sales and services workers",320
2000,financial institutions,"production and transport operators, cleaners and labourers",120
2000,insurance,"professionals, managers, executives and technicians",10
2000,insurance,"clerical, sales and services workers",20
2000,insurance,"production and transport operators, cleaners and labourers",-
2000,real estate and leasing services,"professionals, managers, executives and technicians",10
2000,real estate and leasing services,"clerical, sales and services workers",10
2000,real estate and leasing services,"production and transport operators, cleaners and labourers",20
2000,professional services,"professionals, managers, executives and technicians",240
2000,professional services,"clerical, sales and services workers",70
2000,professional services,"production and transport operators, cleaners and labourers",190
2000,"legal, accounting and management services","professionals, managers, executives and technicians",110
2000,"legal, accounting and management services","clerical, sales and services workers",40
2000,"legal, accounting and management services","production and transport operators, cleaners and labourers",140
2000,architectural and engineering services,"professionals, managers, executives and technicians",120
2000,architectural and engineering services,"clerical, sales and services workers",30
2000,architectural and engineering services,"production and transport operators, cleaners and labourers",50
2000,other professional services,"professionals, managers, executives and technicians",10
2000,other professional services,"clerical, sales and services workers",10
2000,other professional services,"production and transport operators, cleaners and labourers",-
2000,administrative and support services,"professionals, managers, executives and technicians",10
2000,administrative and support services,"clerical, sales and services workers",20
2000,administrative and support services,"production and transport operators, cleaners and labourers",-
2000,"community, social and personal services","professionals, managers, executives and technicians",20
2000,"community, social and personal services","clerical, sales and services workers",40
2000,"community, social and personal services","production and transport operators, cleaners and labourers",30
2000,education,"professionals, managers, executives and technicians",-
2000,education,"clerical, sales and services workers",10
2000,education,"production and transport operators, cleaners and labourers",-
2000,"health, social and community services","professionals, managers, executives and technicians",-
2000,"health, social and community services","clerical, sales and services workers",10
2000,"health, social and community services","production and transport operators, cleaners and labourers",-
2000,"other community, social and personal services","professionals, managers, executives and technicians",20
2000,"other community, social and personal services","clerical, sales and services workers",30
2000,"other community, social and personal services","production and transport operators, cleaners and labourers",20
2000,others,"professionals, managers, executives and technicians",-
2000,others,"clerical, sales and services workers",-
2000,others,"production and transport operators, cleaners and labourers",-
2001,manufacturing,"professionals, managers, executives and technicians",3020
2001,manufacturing,"clerical, sales and services workers",1040
2001,manufacturing,"production and transport operators, cleaners and labourers",11620
2001,"food, beverages and tobacco","professionals, managers, executives and technicians",10
2001,"food, beverages and tobacco","clerical, sales and services workers",20
2001,"food, beverages and tobacco","production and transport operators, cleaners and labourers",70
2001,paper products and printing,"professionals, managers, executives and technicians",70
2001,paper products and printing,"clerical, sales and services workers",10
2001,paper products and printing,"production and transport operators, cleaners and labourers",60
2001,"petroleum, chemical and pharmaceutical products","professionals, managers, executives and technicians",100
2001,"petroleum, chemical and pharmaceutical products","clerical, sales and services workers",70
2001,"petroleum, chemical and pharmaceutical products","production and transport operators, cleaners and labourers",150
2001,rubber and plastic products,"professionals, managers, executives and technicians",60
2001,rubber and plastic products,"clerical, sales and services workers",160
2001,rubber and plastic products,"production and transport operators, cleaners and labourers",1210
2001,fabricated metal products,"professionals, managers, executives and technicians",100
2001,fabricated metal products,"clerical, sales and services workers",60
2001,fabricated metal products,"production and transport operators, cleaners and labourers",720
2001,machinery and equipment,"professionals, managers, executives and technicians",390
2001,machinery and equipment,"clerical, sales and services workers",120
2001,machinery and equipment,"production and transport operators, cleaners and labourers",670
2001,electrical products,"professionals, managers, executives and technicians",70
2001,electrical products,"clerical, sales and services workers",40
2001,electrical products,"production and transport operators, cleaners and labourers",510
2001,electronic products,"professionals, managers, executives and technicians",2050
2001,electronic products,"clerical, sales and services workers",460
2001,electronic products,"production and transport operators, cleaners and labourers",7280
2001,medical and precision instruments,"professionals, managers, executives and technicians",50
2001,medical and precision instruments,"clerical, sales and services workers",30
2001,medical and precision instruments,"production and transport operators, cleaners and labourers",170
2001,transport equipment,"professionals, managers, executives and technicians",50
2001,transport equipment,"clerical, sales and services workers",30
2001,transport equipment,"production and transport operators, cleaners and labourers",150
2001,other manufacturing industries,"professionals, managers, executives and technicians",60
2001,other manufacturing industries,"clerical, sales and services workers",40
2001,other manufacturing industries,"production and transport operators, cleaners and labourers",650
2001,construction,"professionals, managers, executives and technicians",230
2001,construction,"clerical, sales and services workers",120
2001,construction,"production and transport operators, cleaners and labourers",550
2001,services producing industries,"professionals, managers, executives and technicians",5400
2001,services producing industries,"clerical, sales and services workers",2920
2001,services producing industries,"production and transport operators, cleaners and labourers",2460
2001,wholesale and retail trade,"professionals, managers, executives and technicians",1270
2001,wholesale and retail trade,"clerical, sales and services workers",720
2001,wholesale and retail trade,"production and transport operators, cleaners and labourers",980
2001,wholesale trade,"professionals, managers, executives and technicians",1160
2001,wholesale trade,"clerical, sales and services workers",650
2001,wholesale trade,"production and transport operators, cleaners and labourers",950
2001,retail trade,"professionals, managers, executives and technicians",110
2001,retail trade,"clerical, sales and services workers",70
2001,retail trade,"production and transport operators, cleaners and labourers",30
2001,transport and storage,"professionals, managers, executives and technicians",130
2001,transport and storage,"clerical, sales and services workers",470
2001,transport and storage,"production and transport operators, cleaners and labourers",490
2001,land transport and supporting services,"professionals, managers, executives and technicians",10
2001,land transport and supporting services,"clerical, sales and services workers",10
2001,land transport and supporting services,"production and transport operators, cleaners and labourers",180
2001,water transport and supporting services,"professionals, managers, executives and technicians",40
2001,water transport and supporting services,"clerical, sales and services workers",40
2001,water transport and supporting services,"production and transport operators, cleaners and labourers",50
2001,air transport and supporting services,"professionals, managers, executives and technicians",10
2001,air transport and supporting services,"clerical, sales and services workers",310
2001,air transport and supporting services,"production and transport operators, cleaners and labourers",-
2001,other transport and storage services,"professionals, managers, executives and technicians",70
2001,other transport and storage services,"clerical, sales and services workers",120
2001,other transport and storage services,"production and transport operators, cleaners and labourers",260
2001,hotels and restaurants,"professionals, managers, executives and technicians",30
2001,hotels and restaurants,"clerical, sales and services workers",140
2001,hotels and restaurants,"production and transport operators, cleaners and labourers",70
2001,hotels,"professionals, managers, executives and technicians",20
2001,hotels,"clerical, sales and services workers",30
2001,hotels,"production and transport operators, cleaners and labourers",10
2001,restaurants,"professionals, managers, executives and technicians",10
2001,restaurants,"clerical, sales and services workers",110
2001,restaurants,"production and transport operators, cleaners and labourers",60
2001,information and communications,"professionals, managers, executives and technicians",1510
2001,information and communications,"clerical, sales and services workers",170
2001,information and communications,"production and transport operators, cleaners and labourers",20
2001,broadcasting and publishing,"professionals, managers, executives and technicians",450
2001,broadcasting and publishing,"clerical, sales and services workers",50
2001,broadcasting and publishing,"production and transport operators, cleaners and labourers",20
2001,telecommunications,"professionals, managers, executives and technicians",170
2001,telecommunications,"clerical, sales and services workers",40
2001,telecommunications,"production and transport operators, cleaners and labourers",-
2001,it and other information services,"professionals, managers, executives and technicians",890
2001,it and other information services,"clerical, sales and services workers",80
2001,it and other information services,"production and transport operators, cleaners and labourers",10
2001,financial services,"professionals, managers, executives and technicians",1390
2001,financial services,"clerical, sales and services workers",1030
2001,financial services,"production and transport operators, cleaners and labourers",100
2001,financial institutions,"professionals, managers, executives and technicians",1340
2001,financial institutions,"clerical, sales and services workers",950
2001,financial institutions,"production and transport operators, cleaners and labourers",100
2001,insurance,"professionals, managers, executives and technicians",60
2001,insurance,"clerical, sales and services workers",80
2001,insurance,"production and transport operators, cleaners and labourers",-
2001,real estate and leasing services,"professionals, managers, executives and technicians",30
2001,real estate and leasing services,"clerical, sales and services workers",30
2001,real estate and leasing services,"production and transport operators, cleaners and labourers",40
2001,professional services,"professionals, managers, executives and technicians",910
2001,professional services,"clerical, sales and services workers",230
2001,professional services,"production and transport operators, cleaners and labourers",560
2001,"legal, accounting and management services","professionals, managers, executives and technicians",750
2001,"legal, accounting and management services","clerical, sales and services workers",180
2001,"legal, accounting and management services","production and transport operators, cleaners and labourers",270
2001,architectural and engineering services,"professionals, managers, executives and technicians",110
2001,architectural and engineering services,"clerical, sales and services workers",30
2001,architectural and engineering services,"production and transport operators, cleaners and labourers",50
2001,other professional services,"professionals, managers, executives and technicians",50
2001,other professional services,"clerical, sales and services workers",30
2001,other professional services,"production and transport operators, cleaners and labourers",240
2001,administrative and support services,"professionals, managers, executives and technicians",50
2001,administrative and support services,"clerical, sales and services workers",80
2001,administrative and support services,"production and transport operators, cleaners and labourers",140
2001,"community, social and personal services","professionals, managers, executives and technicians",70
2001,"community, social and personal services","clerical, sales and services workers",50
2001,"community, social and personal services","production and transport operators, cleaners and labourers",60
2001,education,"professionals, managers, executives and technicians",10
2001,education,"clerical, sales and services workers",10
2001,education,"production and transport operators, cleaners and labourers",-
2001,"health, social and community services","professionals, managers, executives and technicians",10
2001,"health, social and community services","clerical, sales and services workers",10
2001,"health, social and community services","production and transport operators, cleaners and labourers",-
2001,"other community, social and personal services","professionals, managers, executives and technicians",50
2001,"other community, social and personal services","clerical, sales and services workers",40
2001,"other community, social and personal services","production and transport operators, cleaners and labourers",50
2001,others,"professionals, managers, executives and technicians",80
2001,others,"clerical, sales and services workers",10
2001,others,"production and transport operators, cleaners and labourers",120
2002,manufacturing,"professionals, managers, executives and technicians",2170
2002,manufacturing,"clerical, sales and services workers",730
2002,manufacturing,"production and transport operators, cleaners and labourers",6760
2002,"food, beverages and tobacco","professionals, managers, executives and technicians",10
2002,"food, beverages and tobacco","clerical, sales and services workers",20
2002,"food, beverages and tobacco","production and transport operators, cleaners and labourers",50
2002,paper products and printing,"professionals, managers, executives and technicians",50
2002,paper products and printing,"clerical, sales and services workers",40
2002,paper products and printing,"production and transport operators, cleaners and labourers",340
2002,"petroleum, chemical and pharmaceutical products","professionals, managers, executives and technicians",70
2002,"petroleum, chemical and pharmaceutical products","clerical, sales and services workers",50
2002,"petroleum, chemical and pharmaceutical products","production and transport operators, cleaners and labourers",130
2002,rubber and plastic products,"professionals, managers, executives and technicians",80
2002,rubber and plastic products,"clerical, sales and services workers",30
2002,rubber and plastic products,"production and transport operators, cleaners and labourers",600
2002,fabricated metal products,"professionals, managers, executives and technicians",200
2002,fabricated metal products,"clerical, sales and services workers",70
2002,fabricated metal products,"production and transport operators, cleaners and labourers",1170
2002,machinery and equipment,"professionals, managers, executives and technicians",320
2002,machinery and equipment,"clerical, sales and services workers",90
2002,machinery and equipment,"production and transport operators, cleaners and labourers",590
2002,electrical products,"professionals, managers, executives and technicians",70
2002,electrical products,"clerical, sales and services workers",20
2002,electrical products,"production and transport operators, cleaners and labourers",700
2002,electronic products,"professionals, managers, executives and technicians",1210
2002,electronic products,"clerical, sales and services workers",310
2002,electronic products,"production and transport operators, cleaners and labourers",2570
2002,medical and precision instruments,"professionals, managers, executives and technicians",30
2002,medical and precision instruments,"clerical, sales and services workers",10
2002,medical and precision instruments,"production and transport operators, cleaners and labourers",60
2002,transport equipment,"professionals, managers, executives and technicians",60
2002,transport equipment,"clerical, sales and services workers",50
2002,transport equipment,"production and transport operators, cleaners and labourers",170
2002,other manufacturing industries,"professionals, managers, executives and technicians",80
2002,other manufacturing industries,"clerical, sales and services workers",50
2002,other manufacturing industries,"production and transport operators, cleaners and labourers",380
2002,construction,"professionals, managers, executives and technicians",230
2002,construction,"clerical, sales and services workers",140
2002,construction,"production and transport operators, cleaners and labourers",630
2002,services producing industries,"professionals, managers, executives and technicians",4710
2002,services producing industries,"clerical, sales and services workers",2990
2002,services producing industries,"production and transport operators, cleaners and labourers",1590
2002,wholesale and retail trade,"professionals, managers, executives and technicians",1040
2002,wholesale and retail trade,"clerical, sales and services workers",660
2002,wholesale and retail trade,"production and transport operators, cleaners and labourers",670
2002,wholesale trade,"professionals, managers, executives and technicians",1000
2002,wholesale trade,"clerical, sales and services workers",520
2002,wholesale trade,"production and transport operators, cleaners and labourers",610
2002,retail trade,"professionals, managers, executives and technicians",40
2002,retail trade,"clerical, sales and services workers",150
2002,retail trade,"production and transport operators, cleaners and labourers",70
2002,transport and storage,"professionals, managers, executives and technicians",100
2002,transport and storage,"clerical, sales and services workers",170
2002,transport and storage,"production and transport operators, cleaners and labourers",260
2002,land transport and supporting services,"professionals, managers, executives and technicians",-
2002,land transport and supporting services,"clerical, sales and services workers",10
2002,land transport and supporting services,"production and transport operators, cleaners and labourers",30
2002,water transport and supporting services,"professionals, managers, executives and technicians",60
2002,water transport and supporting services,"clerical, sales and services workers",70
2002,water transport and supporting services,"production and transport operators, cleaners and labourers",70
2002,air transport and supporting services,"professionals, managers, executives and technicians",10
2002,air transport and supporting services,"clerical, sales and services workers",10
2002,air transport and supporting services,"production and transport operators, cleaners and labourers",-
2002,other transport and storage services,"professionals, managers, executives and technicians",40
2002,other transport and storage services,"clerical, sales and services workers",70
2002,other transport and storage services,"production and transport operators, cleaners and labourers",160
2002,hotels and restaurants,"professionals, managers, executives and technicians",60
2002,hotels and restaurants,"clerical, sales and services workers",270
2002,hotels and restaurants,"production and transport operators, cleaners and labourers",50
2002,hotels,"professionals, managers, executives and technicians",40
2002,hotels,"clerical, sales and services workers",150
2002,hotels,"production and transport operators, cleaners and labourers",50
2002,restaurants,"professionals, managers, executives and technicians",20
2002,restaurants,"clerical, sales and services workers",130
2002,restaurants,"production and transport operators, cleaners and labourers",10
2002,information and communications,"professionals, managers, executives and technicians",1370
2002,information and communications,"clerical, sales and services workers",290
2002,information and communications,"production and transport operators, cleaners and labourers",70
2002,broadcasting and publishing,"professionals, managers, executives and technicians",210
2002,broadcasting and publishing,"clerical, sales and services workers",60
2002,broadcasting and publishing,"production and transport operators, cleaners and labourers",40
2002,telecommunications,"professionals, managers, executives and technicians",340
2002,telecommunications,"clerical, sales and services workers",130
2002,telecommunications,"production and transport operators, cleaners and labourers",20
2002,it and other information services,"professionals, managers, executives and technicians",810
2002,it and other information services,"clerical, sales and services workers",110
2002,it and other information services,"production and transport operators, cleaners and labourers",10
2002,financial services,"professionals, managers, executives and technicians",1460
2002,financial services,"clerical, sales and services workers",1220
2002,financial services,"production and transport operators, cleaners and labourers",100
2002,financial institutions,"professionals, managers, executives and technicians",1400
2002,financial institutions,"clerical, sales and services workers",1150
2002,financial institutions,"production and transport operators, cleaners and labourers",90
2002,insurance,"professionals, managers, executives and technicians",60
2002,insurance,"clerical, sales and services workers",70
2002,insurance,"production and transport operators, cleaners and labourers",-
2002,real estate and leasing services,"professionals, managers, executives and technicians",70
2002,real estate and leasing services,"clerical, sales and services workers",90
2002,real estate and leasing services,"production and transport operators, cleaners and labourers",70
2002,professional services,"professionals, managers, executives and technicians",500
2002,professional services,"clerical, sales and services workers",170
2002,professional services,"production and transport operators, cleaners and labourers",300
2002,"legal, accounting and management services","professionals, managers, executives and technicians",300
2002,"legal, accounting and management services","clerical, sales and services workers",90
2002,"legal, accounting and management services","production and transport operators, cleaners and labourers",150
2002,architectural and engineering services,"professionals, managers, executives and technicians",120
2002,architectural and engineering services,"clerical, sales and services workers",30
2002,architectural and engineering services,"production and transport operators, cleaners and labourers",30
2002,other professional services,"professionals, managers, executives and technicians",90
2002,other professional services,"clerical, sales and services workers",50
2002,other professional services,"production and transport operators, cleaners and labourers",120
2002,administrative and support services,"professionals, managers, executives and technicians",40
2002,administrative and support services,"clerical, sales and services workers",10
2002,administrative and support services,"production and transport operators, cleaners and labourers",60
2002,"community, social and personal services","professionals, managers, executives and technicians",80
2002,"community, social and personal services","clerical, sales and services workers",100
2002,"community, social and personal services","production and transport operators, cleaners and labourers",20
2002,education,"professionals, managers, executives and technicians",10
2002,education,"clerical, sales and services workers",-
2002,education,"production and transport operators, cleaners and labourers",-
2002,"health, social and community services","professionals, managers, executives and technicians",-
2002,"health, social and community services","clerical, sales and services workers",-
2002,"health, social and community services","production and transport operators, cleaners and labourers",-
2002,"other community, social and personal services","professionals, managers, executives and technicians",60
2002,"other community, social and personal services","clerical, sales and services workers",100
2002,"other community, social and personal services","production and transport operators, cleaners and labourers",20
2002,others,"professionals, managers, executives and technicians",40
2002,others,"clerical, sales and services workers",10
2002,others,"production and transport operators, cleaners and labourers",130
2003,manufacturing,"professionals, managers, executives and technicians",1780
2003,manufacturing,"clerical, sales and services workers",620
2003,manufacturing,"production and transport operators, cleaners and labourers",5080
2003,"food, beverages and tobacco","professionals, managers, executives and technicians",40
2003,"food, beverages and tobacco","clerical, sales and services workers",20
2003,"food, beverages and tobacco","production and transport operators, cleaners and labourers",120
2003,paper products and printing,"professionals, managers, executives and technicians",30
2003,paper products and printing,"clerical, sales and services workers",30
2003,paper products and printing,"production and transport operators, cleaners and labourers",170
2003,"petroleum, chemical and pharmaceutical products","professionals, managers, executives and technicians",80
2003,"petroleum, chemical and pharmaceutical products","clerical, sales and services workers",110
2003,"petroleum, chemical and pharmaceutical products","production and transport operators, cleaners and labourers",80
2003,rubber and plastic products,"professionals, managers, executives and technicians",70
2003,rubber and plastic products,"clerical, sales and services workers",20
2003,rubber and plastic products,"production and transport operators, cleaners and labourers",490
2003,fabricated metal products,"professionals, managers, executives and technicians",140
2003,fabricated metal products,"clerical, sales and services workers",30
2003,fabricated metal products,"production and transport operators, cleaners and labourers",500
2003,machinery and equipment,"professionals, managers, executives and technicians",200
2003,machinery and equipment,"clerical, sales and services workers",70
2003,machinery and equipment,"production and transport operators, cleaners and labourers",230
2003,electrical products,"professionals, managers, executives and technicians",50
2003,electrical products,"clerical, sales and services workers",30
2003,electrical products,"production and transport operators, cleaners and labourers",170
2003,electronic products,"professionals, managers, executives and technicians",1040
2003,electronic products,"clerical, sales and services workers",240
2003,electronic products,"production and transport operators, cleaners and labourers",2500
2003,medical and precision instruments,"professionals, managers, executives and technicians",30
2003,medical and precision instruments,"clerical, sales and services workers",10
2003,medical and precision instruments,"production and transport operators, cleaners and labourers",160
2003,transport equipment,"professionals, managers, executives and technicians",70
2003,transport equipment,"clerical, sales and services workers",30
2003,transport equipment,"production and transport operators, cleaners and labourers",340
2003,other manufacturing industries,"professionals, managers, executives and technicians",40
2003,other manufacturing industries,"clerical, sales and services workers",30
2003,other manufacturing industries,"production and transport operators, cleaners and labourers",330
2003,construction,"professionals, managers, executives and technicians",240
2003,construction,"clerical, sales and services workers",100
2003,construction,"production and transport operators, cleaners and labourers",410
2003,services producing industries,"professionals, managers, executives and technicians",4090
2003,services producing industries,"clerical, sales and services workers",2990
2003,services producing industries,"production and transport operators, cleaners and labourers",1690
2003,wholesale and retail trade,"professionals, managers, executives and technicians",950
2003,wholesale and retail trade,"clerical, sales and services workers",930
2003,wholesale and retail trade,"production and transport operators, cleaners and labourers",560
2003,wholesale trade,"professionals, managers, executives and technicians",870
2003,wholesale trade,"clerical, sales and services workers",530
2003,wholesale trade,"production and transport operators, cleaners and labourers",500
2003,retail trade,"professionals, managers, executives and technicians",90
2003,retail trade,"clerical, sales and services workers",400
2003,retail trade,"production and transport operators, cleaners and labourers",60
2003,transport and storage,"professionals, managers, executives and technicians",680
2003,transport and storage,"clerical, sales and services workers",790
2003,transport and storage,"production and transport operators, cleaners and labourers",620
2003,land transport and supporting services,"professionals, managers, executives and technicians",190
2003,land transport and supporting services,"clerical, sales and services workers",160
2003,land transport and supporting services,"production and transport operators, cleaners and labourers",110
2003,water transport and supporting services,"professionals, managers, executives and technicians",340
2003,water transport and supporting services,"clerical, sales and services workers",170
2003,water transport and supporting services,"production and transport operators, cleaners and labourers",170
2003,air transport and supporting services,"professionals, managers, executives and technicians",120
2003,air transport and supporting services,"clerical, sales and services workers",410
2003,air transport and supporting services,"production and transport operators, cleaners and labourers",200
2003,other transport and storage services,"professionals, managers, executives and technicians",30
2003,other transport and storage services,"clerical, sales and services workers",50
2003,other transport and storage services,"production and transport operators, cleaners and labourers",150
2003,hotels and restaurants,"professionals, managers, executives and technicians",80
2003,hotels and restaurants,"clerical, sales and services workers",260
2003,hotels and restaurants,"production and transport operators, cleaners and labourers",100
2003,hotels,"professionals, managers, executives and technicians",40
2003,hotels,"clerical, sales and services workers",130
2003,hotels,"production and transport operators, cleaners and labourers",60
2003,restaurants,"professionals, managers, executives and technicians",40
2003,restaurants,"clerical, sales and services workers",130
2003,restaurants,"production and transport operators, cleaners and labourers",40
2003,information and communications,"professionals, managers, executives and technicians",770
2003,information and communications,"clerical, sales and services workers",100
2003,information and communications,"production and transport operators, cleaners and labourers",10
2003,broadcasting and publishing,"professionals, managers, executives and technicians",100
2003,broadcasting and publishing,"clerical, sales and services workers",10
2003,broadcasting and publishing,"production and transport operators, cleaners and labourers",-
2003,telecommunications,"professionals, managers, executives and technicians",200
2003,telecommunications,"clerical, sales and services workers",50
2003,telecommunications,"production and transport operators, cleaners and labourers",-
2003,it and other information services,"professionals, managers, executives and technicians",460
2003,it and other information services,"clerical, sales and services workers",50
2003,it and other information services,"production and transport operators, cleaners and labourers",-
2003,financial services,"professionals, managers, executives and technicians",970
2003,financial services,"clerical, sales and services workers",490
2003,financial services,"production and transport operators, cleaners and labourers",90
2003,financial institutions,"professionals, managers, executives and technicians",930
2003,financial institutions,"clerical, sales and services workers",440
2003,financial institutions,"production and transport operators, cleaners and labourers",90
2003,insurance,"professionals, managers, executives and technicians",40
2003,insurance,"clerical, sales and services workers",50
2003,insurance,"production and transport operators, cleaners and labourers",10
2003,real estate and leasing services,"professionals, managers, executives and technicians",40
2003,real estate and leasing services,"clerical, sales and services workers",70
2003,real estate and leasing services,"production and transport operators, cleaners and labourers",30
2003,professional services,"professionals, managers, executives and technicians",440
2003,professional services,"clerical, sales and services workers",170
2003,professional services,"production and transport operators, cleaners and labourers",150
2003,"legal, accounting and management services","professionals, managers, executives and technicians",130
2003,"legal, accounting and management services","clerical, sales and services workers",100
2003,"legal, accounting and management services","production and transport operators, cleaners and labourers",20
2003,architectural and engineering services,"professionals, managers, executives and technicians",230
2003,architectural and engineering services,"clerical, sales and services workers",40
2003,architectural and engineering services,"production and transport operators, cleaners and labourers",100
2003,other professional services,"professionals, managers, executives and technicians",80
2003,other professional services,"clerical, sales and services workers",30
2003,other professional services,"production and transport operators, cleaners and labourers",30
2003,administrative and support services,"professionals, managers, executives and technicians",90
2003,administrative and support services,"clerical, sales and services workers",90
2003,administrative and support services,"production and transport operators, cleaners and labourers",60
2003,"community, social and personal services","professionals, managers, executives and technicians",80
2003,"community, social and personal services","clerical, sales and services workers",100
2003,"community, social and personal services","production and transport operators, cleaners and labourers",70
2003,education,"professionals, managers, executives and technicians",20
2003,education,"clerical, sales and services workers",10
2003,education,"production and transport operators, cleaners and labourers",-
2003,"health, social and community services","professionals, managers, executives and technicians",10
2003,"health, social and community services","clerical, sales and services workers",10
2003,"health, social and community services","production and transport operators, cleaners and labourers",10
2003,"other community, social and personal services","professionals, managers, executives and technicians",40
2003,"other community, social and personal services","clerical, sales and services workers",90
2003,"other community, social and personal services","production and transport operators, cleaners and labourers",60
2003,others,"professionals, managers, executives and technicians",120
2003,others,"clerical, sales and services workers",120
2003,others,"production and transport operators, cleaners and labourers",30
2004,manufacturing,"professionals, managers, executives and technicians",1170
2004,manufacturing,"clerical, sales and services workers",450
2004,manufacturing,"production and transport operators, cleaners and labourers",3080
2004,"food, beverages and tobacco","professionals, managers, executives and technicians",40
2004,"food, beverages and tobacco","clerical, sales and services workers",40
2004,"food, beverages and tobacco","production and transport operators, cleaners and labourers",60
2004,paper products and printing,"professionals, managers, executives and technicians",20
2004,paper products and printing,"clerical, sales and services workers",10
2004,paper products and printing,"production and transport operators, cleaners and labourers",40
2004,"petroleum, chemical and pharmaceutical products","professionals, managers, executives and technicians",180
2004,"petroleum, chemical and pharmaceutical products","clerical, sales and services workers",120
2004,"petroleum, chemical and pharmaceutical products","production and transport operators, cleaners and labourers",180
2004,rubber and plastic products,"professionals, managers, executives and technicians",40
2004,rubber and plastic products,"clerical, sales and services workers",10
2004,rubber and plastic products,"production and transport operators, cleaners and labourers",360
2004,fabricated metal products,"professionals, managers, executives and technicians",10
2004,fabricated metal products,"clerical, sales and services workers",30
2004,fabricated metal products,"production and transport operators, cleaners and labourers",240
2004,machinery and equipment,"professionals, managers, executives and technicians",120
2004,machinery and equipment,"clerical, sales and services workers",30
2004,machinery and equipment,"production and transport operators, cleaners and labourers",210
2004,electrical products,"professionals, managers, executives and technicians",70
2004,electrical products,"clerical, sales and services workers",20
2004,electrical products,"production and transport operators, cleaners and labourers",280
2004,electronic products,"professionals, managers, executives and technicians",580
2004,electronic products,"clerical, sales and services workers",150
2004,electronic products,"production and transport operators, cleaners and labourers",1080
2004,medical and precision instruments,"professionals, managers, executives and technicians",40
2004,medical and precision instruments,"clerical, sales and services workers",20
2004,medical and precision instruments,"production and transport operators, cleaners and labourers",80
2004,transport equipment,"professionals, managers, executives and technicians",30
2004,transport equipment,"clerical, sales and services workers",10
2004,transport equipment,"production and transport operators, cleaners and labourers",110
2004,other manufacturing industries,"professionals, managers, executives and technicians",40
2004,other manufacturing industries,"clerical, sales and services workers",30
2004,other manufacturing industries,"production and transport operators, cleaners and labourers",440
2004,construction,"professionals, managers, executives and technicians",100
2004,construction,"clerical, sales and services workers",60
2004,construction,"production and transport operators, cleaners and labourers",240
2004,services producing industries,"professionals, managers, executives and technicians",2010
2004,services producing industries,"clerical, sales and services workers",1760
2004,services producing industries,"production and transport operators, cleaners and labourers",1440
2004,wholesale and retail trade,"professionals, managers, executives and technicians",490
2004,wholesale and retail trade,"clerical, sales and services workers",460
2004,wholesale and retail trade,"production and transport operators, cleaners and labourers",310
2004,wholesale trade,"professionals, managers, executives and technicians",430
2004,wholesale trade,"clerical, sales and services workers",320
2004,wholesale trade,"production and transport operators, cleaners and labourers",300
2004,retail trade,"professionals, managers, executives and technicians",60
2004,retail trade,"clerical, sales and services workers",140
2004,retail trade,"production and transport operators, cleaners and labourers",10
2004,transport and storage,"professionals, managers, executives and technicians",70
2004,transport and storage,"clerical, sales and services workers",230
2004,transport and storage,"production and transport operators, cleaners and labourers",780
2004,land transport and supporting services,"professionals, managers, executives and technicians",20
2004,land transport and supporting services,"clerical, sales and services workers",10
2004,land transport and supporting services,"production and transport operators, cleaners and labourers",20
2004,water transport and supporting services,"professionals, managers, executives and technicians",30
2004,water transport and supporting services,"clerical, sales and services workers",20
2004,water transport and supporting services,"production and transport operators, cleaners and labourers",60
2004,air transport and supporting services,"professionals, managers, executives and technicians",-
2004,air transport and supporting services,"clerical, sales and services workers",160
2004,air transport and supporting services,"production and transport operators, cleaners and labourers",640
2004,other transport and storage services,"professionals, managers, executives and technicians",20
2004,other transport and storage services,"clerical, sales and services workers",40
2004,other transport and storage services,"production and transport operators, cleaners and labourers",60
2004,hotels and restaurants,"professionals, managers, executives and technicians",100
2004,hotels and restaurants,"clerical, sales and services workers",430
2004,hotels and restaurants,"production and transport operators, cleaners and labourers",80
2004,hotels,"professionals, managers, executives and technicians",80
2004,hotels,"clerical, sales and services workers",220
2004,hotels,"production and transport operators, cleaners and labourers",30
2004,restaurants,"professionals, managers, executives and technicians",10
2004,restaurants,"clerical, sales and services workers",220
2004,restaurants,"production and transport operators, cleaners and labourers",40
2004,information and communications,"professionals, managers, executives and technicians",340
2004,information and communications,"clerical, sales and services workers",150
2004,information and communications,"production and transport operators, cleaners and labourers",10
2004,broadcasting and publishing,"professionals, managers, executives and technicians",90
2004,broadcasting and publishing,"clerical, sales and services workers",20
2004,broadcasting and publishing,"production and transport operators, cleaners and labourers",-
2004,telecommunications,"professionals, managers, executives and technicians",60
2004,telecommunications,"clerical, sales and services workers",110
2004,telecommunications,"production and transport operators, cleaners and labourers",-
2004,it and other information services,"professionals, managers, executives and technicians",190
2004,it and other information services,"clerical, sales and services workers",20
2004,it and other information services,"production and transport operators, cleaners and labourers",-
2004,financial services,"professionals, managers, executives and technicians",720
2004,financial services,"clerical, sales and services workers",230
2004,financial services,"production and transport operators, cleaners and labourers",70
2004,financial institutions,"professionals, managers, executives and technicians",680
2004,financial institutions,"clerical, sales and services workers",190
2004,financial institutions,"production and transport operators, cleaners and labourers",70
2004,insurance,"professionals, managers, executives and technicians",40
2004,insurance,"clerical, sales and services workers",40
2004,insurance,"production and transport operators, cleaners and labourers",-
2004,real estate and leasing services,"professionals, managers, executives and technicians",20
2004,real estate and leasing services,"clerical, sales and services workers",20
2004,real estate and leasing services,"production and transport operators, cleaners and labourers",60
2004,professional services,"professionals, managers, executives and technicians",180
2004,professional services,"clerical, sales and services workers",70
2004,professional services,"production and transport operators, cleaners and labourers",10
2004,"legal, accounting and management services","professionals, managers, executives and technicians",70
2004,"legal, accounting and management services","clerical, sales and services workers",50
2004,"legal, accounting and management services","production and transport operators, cleaners and labourers",10
2004,architectural and engineering services,"professionals, managers, executives and technicians",80
2004,architectural and engineering services,"clerical, sales and services workers",10
2004,architectural and engineering services,"production and transport operators, cleaners and labourers",-
2004,other professional services,"professionals, managers, executives and technicians",30
2004,other professional services,"clerical, sales and services workers",10
2004,other professional services,"production and transport operators, cleaners and labourers",-
2004,administrative and support services,"professionals, managers, executives and technicians",20
2004,administrative and support services,"clerical, sales and services workers",30
2004,administrative and support services,"production and transport operators, cleaners and labourers",50
2004,"community, social and personal services","professionals, managers, executives and technicians",70
2004,"community, social and personal services","clerical, sales and services workers",140
2004,"community, social and personal services","production and transport operators, cleaners and labourers",90
2004,education,"professionals, managers, executives and technicians",30
2004,education,"clerical, sales and services workers",30
2004,education,"production and transport operators, cleaners and labourers",10
2004,"health, social and community services","professionals, managers, executives and technicians",10
2004,"health, social and community services","clerical, sales and services workers",10
2004,"health, social and community services","production and transport operators, cleaners and labourers",-
2004,"other community, social and personal services","professionals, managers, executives and technicians",30
2004,"other community, social and personal services","clerical, sales and services workers",110
2004,"other community, social and personal services","production and transport operators, cleaners and labourers",80
2004,others,"professionals, managers, executives and technicians",160
2004,others,"clerical, sales and services workers",20
2004,others,"production and transport operators, cleaners and labourers",130
2005,manufacturing,"professionals, managers, executives and technicians",1290
2005,manufacturing,"clerical, sales and services workers",440
2005,manufacturing,"production and transport operators, cleaners and labourers",5350
2005,"food, beverages and tobacco","professionals, managers, executives and technicians",10
2005,"food, beverages and tobacco","clerical, sales and services workers",20
2005,"food, beverages and tobacco","production and transport operators, cleaners and labourers",60
2005,paper products and printing,"professionals, managers, executives and technicians",-
2005,paper products and printing,"clerical, sales and services workers",-
2005,paper products and printing,"production and transport operators, cleaners and labourers",60
2005,"petroleum, chemical and pharmaceutical products","professionals, managers, executives and technicians",60
2005,"petroleum, chemical and pharmaceutical products","clerical, sales and services workers",20
2005,"petroleum, chemical and pharmaceutical products","production and transport operators, cleaners and labourers",70
2005,rubber and plastic products,"professionals, managers, executives and technicians",60
2005,rubber and plastic products,"clerical, sales and services workers",30
2005,rubber and plastic products,"production and transport operators, cleaners and labourers",590
2005,fabricated metal products,"professionals, managers, executives and technicians",50
2005,fabricated metal products,"clerical, sales and services workers",30
2005,fabricated metal products,"production and transport operators, cleaners and labourers",360
2005,machinery and equipment,"professionals, managers, executives and technicians",80
2005,machinery and equipment,"clerical, sales and services workers",50
2005,machinery and equipment,"production and transport operators, cleaners and labourers",260
2005,electrical products,"professionals, managers, executives and technicians",70
2005,electrical products,"clerical, sales and services workers",140
2005,electrical products,"production and transport operators, cleaners and labourers",160
2005,electronic products,"professionals, managers, executives and technicians",890
2005,electronic products,"clerical, sales and services workers",120
2005,electronic products,"production and transport operators, cleaners and labourers",3290
2005,medical and precision instruments,"professionals, managers, executives and technicians",10
2005,medical and precision instruments,"clerical, sales and services workers",10
2005,medical and precision instruments,"production and transport operators, cleaners and labourers",60
2005,transport equipment,"professionals, managers, executives and technicians",10
2005,transport equipment,"clerical, sales and services workers",-
2005,transport equipment,"production and transport operators, cleaners and labourers",20
2005,other manufacturing industries,"professionals, managers, executives and technicians",40
2005,other manufacturing industries,"clerical, sales and services workers",30
2005,other manufacturing industries,"production and transport operators, cleaners and labourers",430
2005,construction,"professionals, managers, executives and technicians",120
2005,construction,"clerical, sales and services workers",50
2005,construction,"production and transport operators, cleaners and labourers",380
2005,services producing industries,"professionals, managers, executives and technicians",1950
2005,services producing industries,"clerical, sales and services workers",890
2005,services producing industries,"production and transport operators, cleaners and labourers",670
2005,wholesale and retail trade,"professionals, managers, executives and technicians",490
2005,wholesale and retail trade,"clerical, sales and services workers",230
2005,wholesale and retail trade,"production and transport operators, cleaners and labourers",260
2005,wholesale trade,"professionals, managers, executives and technicians",470
2005,wholesale trade,"clerical, sales and services workers",170
2005,wholesale trade,"production and transport operators, cleaners and labourers",230
2005,retail trade,"professionals, managers, executives and technicians",30
2005,retail trade,"clerical, sales and services workers",60
2005,retail trade,"production and transport operators, cleaners and labourers",30
2005,transport and storage,"professionals, managers, executives and technicians",70
2005,transport and storage,"clerical, sales and services workers",100
2005,transport and storage,"production and transport operators, cleaners and labourers",120
2005,land transport and supporting services,"professionals, managers, executives and technicians",20
2005,land transport and supporting services,"clerical, sales and services workers",-
2005,land transport and supporting services,"production and transport operators, cleaners and labourers",10
2005,water transport and supporting services,"professionals, managers, executives and technicians",10
2005,water transport and supporting services,"clerical, sales and services workers",20
2005,water transport and supporting services,"production and transport operators, cleaners and labourers",20
2005,air transport and supporting services,"professionals, managers, executives and technicians",20
2005,air transport and supporting services,"clerical, sales and services workers",40
2005,air transport and supporting services,"production and transport operators, cleaners and labourers",-
2005,other transport and storage services,"professionals, managers, executives and technicians",30
2005,other transport and storage services,"clerical, sales and services workers",40
2005,other transport and storage services,"production and transport operators, cleaners and labourers",90
2005,hotels and restaurants,"professionals, managers, executives and technicians",10
2005,hotels and restaurants,"clerical, sales and services workers",50
2005,hotels and restaurants,"production and transport operators, cleaners and labourers",20
2005,hotels,"professionals, managers, executives and technicians",-
2005,hotels,"clerical, sales and services workers",-
2005,hotels,"production and transport operators, cleaners and labourers",-
2005,restaurants,"professionals, managers, executives and technicians",10
2005,restaurants,"clerical, sales and services workers",50
2005,restaurants,"production and transport operators, cleaners and labourers",20
2005,information and communications,"professionals, managers, executives and technicians",490
2005,information and communications,"clerical, sales and services workers",140
2005,information and communications,"production and transport operators, cleaners and labourers",20
2005,broadcasting and publishing,"professionals, managers, executives and technicians",170
2005,broadcasting and publishing,"clerical, sales and services workers",20
2005,broadcasting and publishing,"production and transport operators, cleaners and labourers",-
2005,telecommunications,"professionals, managers, executives and technicians",200
2005,telecommunications,"clerical, sales and services workers",120
2005,telecommunications,"production and transport operators, cleaners and labourers",10
2005,it and other information services,"professionals, managers, executives and technicians",130
2005,it and other information services,"clerical, sales and services workers",10
2005,it and other information services,"production and transport operators, cleaners and labourers",10
2005,financial services,"professionals, managers, executives and technicians",420
2005,financial services,"clerical, sales and services workers",190
2005,financial services,"production and transport operators, cleaners and labourers",80
2005,financial institutions,"professionals, managers, executives and technicians",400
2005,financial institutions,"clerical, sales and services workers",180
2005,financial institutions,"production and transport operators, cleaners and labourers",80
2005,insurance,"professionals, managers, executives and technicians",10
2005,insurance,"clerical, sales and services workers",10
2005,insurance,"production and transport operators, cleaners and labourers",-
2005,real estate and leasing services,"professionals, managers, executives and technicians",10
2005,real estate and leasing services,"clerical, sales and services workers",20
2005,real estate and leasing services,"production and transport operators, cleaners and labourers",60
2005,professional services,"professionals, managers, executives and technicians",220
2005,professional services,"clerical, sales and services workers",100
2005,professional services,"production and transport operators, cleaners and labourers",30
2005,"legal, accounting and management services","professionals, managers, executives and technicians",80
2005,"legal, accounting and management services","clerical, sales and services workers",20
2005,"legal, accounting and management services","production and transport operators, cleaners and labourers",10
2005,architectural and engineering services,"professionals, managers, executives and technicians",110
2005,architectural and engineering services,"clerical, sales and services workers",80
2005,architectural and engineering services,"production and transport operators, cleaners and labourers",20
2005,other professional services,"professionals, managers, executives and technicians",20
2005,other professional services,"clerical, sales and services workers",-
2005,other professional services,"production and transport operators, cleaners and labourers",-
2005,administrative and support services,"professionals, managers, executives and technicians",30
2005,administrative and support services,"clerical, sales and services workers",20
2005,administrative and support services,"production and transport operators, cleaners and labourers",20
2005,"community, social and personal services","professionals, managers, executives and technicians",210
2005,"community, social and personal services","clerical, sales and services workers",40
2005,"community, social and personal services","production and transport operators, cleaners and labourers",50
2005,education,"professionals, managers, executives and technicians",10
2005,education,"clerical, sales and services workers",-
2005,education,"production and transport operators, cleaners and labourers",-
2005,"health, social and community services","professionals, managers, executives and technicians",180
2005,"health, social and community services","clerical, sales and services workers",20
2005,"health, social and community services","production and transport operators, cleaners and labourers",30
2005,"other community, social and personal services","professionals, managers, executives and technicians",30
2005,"other community, social and personal services","clerical, sales and services workers",20
2005,"other community, social and personal services","production and transport operators, cleaners and labourers",20
2005,others,"professionals, managers, executives and technicians",10
2005,others,"clerical, sales and services workers",10
2005,others,"production and transport operators, cleaners and labourers",-
2006,manufacturing,"professionals, managers, executives and technicians",2070
2006,manufacturing,"clerical, sales and services workers",410
2006,manufacturing,"production and transport operators, cleaners and labourers",6380
2006,"food, beverages and tobacco","professionals, managers, executives and technicians",30
2006,"food, beverages and tobacco","clerical, sales and services workers",60
2006,"food, beverages and tobacco","production and transport operators, cleaners and labourers",50
2006,"paper,rubber,plastic products and printing","professionals, managers, executives and technicians",40
2006,"paper,rubber,plastic products and printing","clerical, sales and services workers",40
2006,"paper,rubber,plastic products and printing","production and transport operators, cleaners and labourers",170
2006,"petroleum, chemical and pharmaceutical products","professionals, managers, executives and technicians",30
2006,"petroleum, chemical and pharmaceutical products","clerical, sales and services workers",30
2006,"petroleum, chemical and pharmaceutical products","production and transport operators, cleaners and labourers",50
2006,"fabricated metal products, machinery and equipment","professionals, managers, executives and technicians",180
2006,"fabricated metal products, machinery and equipment","clerical, sales and services workers",70
2006,"fabricated metal products, machinery and equipment","production and transport operators, cleaners and labourers",880
2006,"electronic, computer and optical products","professionals, managers, executives and technicians",1730
2006,"electronic, computer and optical products","clerical, sales and services workers",170
2006,"electronic, computer and optical products","production and transport operators, cleaners and labourers",4730
2006,transport equipment,"professionals, managers, executives and technicians",20
2006,transport equipment,"clerical, sales and services workers",-
2006,transport equipment,"production and transport operators, cleaners and labourers",80
2006,other manufacturing industries,"professionals, managers, executives and technicians",40
2006,other manufacturing industries,"clerical, sales and services workers",40
2006,other manufacturing industries,"production and transport operators, cleaners and labourers",410
2006,construction,"professionals, managers, executives and technicians",70
2006,construction,"clerical, sales and services workers",20
2006,construction,"production and transport operators, cleaners and labourers",400
2006,services,"professionals, managers, executives and technicians",1640
2006,services,"clerical, sales and services workers",1030
2006,services,"production and transport operators, cleaners and labourers",1000
2006,wholesale and retail trade,"professionals, managers, executives and technicians",480
2006,wholesale and retail trade,"clerical, sales and services workers",220
2006,wholesale and retail trade,"production and transport operators, cleaners and labourers",310
2006,wholesale trade,"professionals, managers, executives and technicians",470
2006,wholesale trade,"clerical, sales and services workers",210
2006,wholesale trade,"production and transport operators, cleaners and labourers",280
2006,retail trade,"professionals, managers, executives and technicians",10
2006,retail trade,"clerical, sales and services workers",10
2006,retail trade,"production and transport operators, cleaners and labourers",40
2006,transportation and storage,"professionals, managers, executives and technicians",70
2006,transportation and storage,"clerical, sales and services workers",220
2006,transportation and storage,"production and transport operators, cleaners and labourers",120
2006,land transport and supporting services,"professionals, managers, executives and technicians",10
2006,land transport and supporting services,"clerical, sales and services workers",20
2006,land transport and supporting services,"production and transport operators, cleaners and labourers",-
2006,water transport and supporting services,"professionals, managers, executives and technicians",30
2006,water transport and supporting services,"clerical, sales and services workers",50
2006,water transport and supporting services,"production and transport operators, cleaners and labourers",20
2006,air transport and supporting services,"professionals, managers, executives and technicians",20
2006,air transport and supporting services,"clerical, sales and services workers",130
2006,air transport and supporting services,"production and transport operators, cleaners and labourers",-
2006,other transport and storage services,"professionals, managers, executives and technicians",10
2006,other transport and storage services,"clerical, sales and services workers",20
2006,other transport and storage services,"production and transport operators, cleaners and labourers",100
2006,accommodation and food services,"professionals, managers, executives and technicians",20
2006,accommodation and food services,"clerical, sales and services workers",150
2006,accommodation and food services,"production and transport operators, cleaners and labourers",70
2006,accommodation,"professionals, managers, executives and technicians",10
2006,accommodation,"clerical, sales and services workers",50
2006,accommodation,"production and transport operators, cleaners and labourers",30
2006,food and beverage services,"professionals, managers, executives and technicians",10
2006,food and beverage services,"clerical, sales and services workers",90
2006,food and beverage services,"production and transport operators, cleaners and labourers",40
2006,information and communications,"professionals, managers, executives and technicians",500
2006,information and communications,"clerical, sales and services workers",100
2006,information and communications,"production and transport operators, cleaners and labourers",20
2006,"telecommunications, broadcasting and publishing","professionals, managers, executives and technicians",410
2006,"telecommunications, broadcasting and publishing","clerical, sales and services workers",90
2006,"telecommunications, broadcasting and publishing","production and transport operators, cleaners and labourers",-
2006,it and other information services,"professionals, managers, executives and technicians",90
2006,it and other information services,"clerical, sales and services workers",10
2006,it and other information services,"production and transport operators, cleaners and labourers",20
2006,financial and insurance services,"professionals, managers, executives and technicians",240
2006,financial and insurance services,"clerical, sales and services workers",150
2006,financial and insurance services,"production and transport operators, cleaners and labourers",20
2006,financial services,"professionals, managers, executives and technicians",230
2006,financial services,"clerical, sales and services workers",140
2006,financial services,"production and transport operators, cleaners and labourers",20
2006,insurance services,"professionals, managers, executives and technicians",10
2006,insurance services,"clerical, sales and services workers",10
2006,insurance services,"production and transport operators, cleaners and labourers",-
2006,real estate services,"professionals, managers, executives and technicians",20
2006,real estate services,"clerical, sales and services workers",80
2006,real estate services,"production and transport operators, cleaners and labourers",50
2006,professional services,"professionals, managers, executives and technicians",190
2006,professional services,"clerical, sales and services workers",30
2006,professional services,"production and transport operators, cleaners and labourers",50
2006,"legal, accounting and management services","professionals, managers, executives and technicians",130
2006,"legal, accounting and management services","clerical, sales and services workers",20
2006,"legal, accounting and management services","production and transport operators, cleaners and labourers",50
2006,architectural and engineering services,"professionals, managers, executives and technicians",30
2006,architectural and engineering services,"clerical, sales and services workers",-
2006,architectural and engineering services,"production and transport operators, cleaners and labourers",10
2006,other professional services,"professionals, managers, executives and technicians",30
2006,other professional services,"clerical, sales and services workers",10
2006,other professional services,"production and transport operators, cleaners and labourers",-
2006,administrative and support services,"professionals, managers, executives and technicians",30
2006,administrative and support services,"clerical, sales and services workers",30
2006,administrative and support services,"production and transport operators, cleaners and labourers",150
2006,security and investigation,"professionals, managers, executives and technicians",-
2006,security and investigation,"clerical, sales and services workers",-
2006,security and investigation,"production and transport operators, cleaners and labourers",-
2006,cleaning and landscaping,"professionals, managers, executives and technicians",-
2006,cleaning and landscaping,"clerical, sales and services workers",10
2006,cleaning and landscaping,"production and transport operators, cleaners and labourers",10
2006,other administrative and support services,"professionals, managers, executives and technicians",30
2006,other administrative and support services,"clerical, sales and services workers",20
2006,other administrative and support services,"production and transport operators, cleaners and labourers",140
2006,"community, social and personal services","professionals, managers, executives and technicians",110
2006,"community, social and personal services","clerical, sales and services workers",70
2006,"community, social and personal services","production and transport operators, cleaners and labourers",200
2006,public administration and education,"professionals, managers, executives and technicians",80
2006,public administration and education,"clerical, sales and services workers",30
2006,public administration and education,"production and transport operators, cleaners and labourers",60
2006,health and social services,"professionals, managers, executives and technicians",10
2006,health and social services,"clerical, sales and services workers",-
2006,health and social services,"production and transport operators, cleaners and labourers",100
2006,"arts, entertainment and recreation","professionals, managers, executives and technicians",10
2006,"arts, entertainment and recreation","clerical, sales and services workers",20
2006,"arts, entertainment and recreation","production and transport operators, cleaners and labourers",20
2006,"other community, social and personal services","professionals, managers, executives and technicians",10
2006,"other community, social and personal services","clerical, sales and services workers",10
2006,"other community, social and personal services","production and transport operators, cleaners and labourers",20
2006,others,"professionals, managers, executives and technicians",-
2006,others,"clerical, sales and services workers",-
2006,others,"production and transport operators, cleaners and labourers",70
2007,manufacturing,"professionals, managers, executives and technicians",1400
2007,manufacturing,"clerical, sales and services workers",230
2007,manufacturing,"production and transport operators, cleaners and labourers",3870
2007,"food, beverages and tobacco","professionals, managers, executives and technicians",20
2007,"food, beverages and tobacco","clerical, sales and services workers",10
2007,"food, beverages and tobacco","production and transport operators, cleaners and labourers",100
2007,"paper,rubber,plastic products and printing","professionals, managers, executives and technicians",30
2007,"paper,rubber,plastic products and printing","clerical, sales and services workers",20
2007,"paper,rubber,plastic products and printing","production and transport operators, cleaners and labourers",380
2007,"petroleum, chemical and pharmaceutical products","professionals, managers, executives and technicians",20
2007,"petroleum, chemical and pharmaceutical products","clerical, sales and services workers",10
2007,"petroleum, chemical and pharmaceutical products","production and transport operators, cleaners and labourers",30
2007,"fabricated metal products, machinery and equipment","professionals, managers, executives and technicians",200
2007,"fabricated metal products, machinery and equipment","clerical, sales and services workers",40
2007,"fabricated metal products, machinery and equipment","production and transport operators, cleaners and labourers",820
2007,"electronic, computer and optical products","professionals, managers, executives and technicians",750
2007,"electronic, computer and optical products","clerical, sales and services workers",90
2007,"electronic, computer and optical products","production and transport operators, cleaners and labourers",1450
2007,transport equipment,"professionals, managers, executives and technicians",10
2007,transport equipment,"clerical, sales and services workers",-
2007,transport equipment,"production and transport operators, cleaners and labourers",90
2007,other manufacturing industries,"professionals, managers, executives and technicians",370
2007,other manufacturing industries,"clerical, sales and services workers",70
2007,other manufacturing industries,"production and transport operators, cleaners and labourers",1010
2007,construction,"professionals, managers, executives and technicians",10
2007,construction,"clerical, sales and services workers",-
2007,construction,"production and transport operators, cleaners and labourers",70
2007,services,"professionals, managers, executives and technicians",1260
2007,services,"clerical, sales and services workers",860
2007,services,"production and transport operators, cleaners and labourers",880
2007,wholesale and retail trade,"professionals, managers, executives and technicians",480
2007,wholesale and retail trade,"clerical, sales and services workers",270
2007,wholesale and retail trade,"production and transport operators, cleaners and labourers",490
2007,wholesale trade,"professionals, managers, executives and technicians",460
2007,wholesale trade,"clerical, sales and services workers",210
2007,wholesale trade,"production and transport operators, cleaners and labourers",470
2007,retail trade,"professionals, managers, executives and technicians",20
2007,retail trade,"clerical, sales and services workers",60
2007,retail trade,"production and transport operators, cleaners and labourers",20
2007,transportation and storage,"professionals, managers, executives and technicians",40
2007,transportation and storage,"clerical, sales and services workers",130
2007,transportation and storage,"production and transport operators, cleaners and labourers",100
2007,land transport and supporting services,"professionals, managers, executives and technicians",-
2007,land transport and supporting services,"clerical, sales and services workers",-
2007,land transport and supporting services,"production and transport operators, cleaners and labourers",30
2007,water transport and supporting services,"professionals, managers, executives and technicians",10
2007,water transport and supporting services,"clerical, sales and services workers",10
2007,water transport and supporting services,"production and transport operators, cleaners and labourers",10
2007,air transport and supporting services,"professionals, managers, executives and technicians",20
2007,air transport and supporting services,"clerical, sales and services workers",110
2007,air transport and supporting services,"production and transport operators, cleaners and labourers",-
2007,other transport and storage services,"professionals, managers, executives and technicians",10
2007,other transport and storage services,"clerical, sales and services workers",20
2007,other transport and storage services,"production and transport operators, cleaners and labourers",70
2007,accommodation and food services,"professionals, managers, executives and technicians",70
2007,accommodation and food services,"clerical, sales and services workers",250
2007,accommodation and food services,"production and transport operators, cleaners and labourers",-
2007,accommodation,"professionals, managers, executives and technicians",40
2007,accommodation,"clerical, sales and services workers",120
2007,accommodation,"production and transport operators, cleaners and labourers",-
2007,food and beverage services,"professionals, managers, executives and technicians",30
2007,food and beverage services,"clerical, sales and services workers",140
2007,food and beverage services,"production and transport operators, cleaners and labourers",-
2007,information and communications,"professionals, managers, executives and technicians",240
2007,information and communications,"clerical, sales and services workers",30
2007,information and communications,"production and transport operators, cleaners and labourers",-
2007,"telecommunications, broadcasting and publishing","professionals, managers, executives and technicians",110
2007,"telecommunications, broadcasting and publishing","clerical, sales and services workers",20
2007,"telecommunications, broadcasting and publishing","production and transport operators, cleaners and labourers",-
2007,it and other information services,"professionals, managers, executives and technicians",130
2007,it and other information services,"clerical, sales and services workers",10
2007,it and other information services,"production and transport operators, cleaners and labourers",-
2007,financial and insurance services,"professionals, managers, executives and technicians",120
2007,financial and insurance services,"clerical, sales and services workers",60
2007,financial and insurance services,"production and transport operators, cleaners and labourers",-
2007,financial services,"professionals, managers, executives and technicians",120
2007,financial services,"clerical, sales and services workers",60
2007,financial services,"production and transport operators, cleaners and labourers",-
2007,insurance services,"professionals, managers, executives and technicians",-
2007,insurance services,"clerical, sales and services workers",-
2007,insurance services,"production and transport operators, cleaners and labourers",-
2007,real estate services,"professionals, managers, executives and technicians",10
2007,real estate services,"clerical, sales and services workers",-
2007,real estate services,"production and transport operators, cleaners and labourers",-
2007,professional services,"professionals, managers, executives and technicians",150
2007,professional services,"clerical, sales and services workers",30
2007,professional services,"production and transport operators, cleaners and labourers",110
2007,"legal, accounting and management services","professionals, managers, executives and technicians",80
2007,"legal, accounting and management services","clerical, sales and services workers",20
2007,"legal, accounting and management services","production and transport operators, cleaners and labourers",100
2007,architectural and engineering services,"professionals, managers, executives and technicians",30
2007,architectural and engineering services,"clerical, sales and services workers",-
2007,architectural and engineering services,"production and transport operators, cleaners and labourers",-
2007,other professional services,"professionals, managers, executives and technicians",40
2007,other professional services,"clerical, sales and services workers",-
2007,other professional services,"production and transport operators, cleaners and labourers",10
2007,administrative and support services,"professionals, managers, executives and technicians",70
2007,administrative and support services,"clerical, sales and services workers",10
2007,administrative and support services,"production and transport operators, cleaners and labourers",70
2007,security and investigation,"professionals, managers, executives and technicians",-
2007,security and investigation,"clerical, sales and services workers",-
2007,security and investigation,"production and transport operators, cleaners and labourers",-
2007,cleaning and landscaping,"professionals, managers, executives and technicians",-
2007,cleaning and landscaping,"clerical, sales and services workers",-
2007,cleaning and landscaping,"production and transport operators, cleaners and labourers",20
2007,other administrative and support services,"professionals, managers, executives and technicians",70
2007,other administrative and support services,"clerical, sales and services workers",10
2007,other administrative and support services,"production and transport operators, cleaners and labourers",50
2007,"community, social and personal services","professionals, managers, executives and technicians",100
2007,"community, social and personal services","clerical, sales and services workers",80
2007,"community, social and personal services","production and transport operators, cleaners and labourers",90
2007,public administration and education,"professionals, managers, executives and technicians",60
2007,public administration and education,"clerical, sales and services workers",50
2007,public administration and education,"production and transport operators, cleaners and labourers",10
2007,health and social services,"professionals, managers, executives and technicians",20
2007,health and social services,"clerical, sales and services workers",-
2007,health and social services,"production and transport operators, cleaners and labourers",20
2007,"arts, entertainment and recreation","professionals, managers, executives and technicians",10
2007,"arts, entertainment and recreation","clerical, sales and services workers",20
2007,"arts, entertainment and recreation","production and transport operators, cleaners and labourers",60
2007,"other community, social and personal services","professionals, managers, executives and technicians",10
2007,"other community, social and personal services","clerical, sales and services workers",10
2007,"other community, social and personal services","production and transport operators, cleaners and labourers",10
2007,others,"professionals, managers, executives and technicians",10
2007,others,"clerical, sales and services workers",-
2007,others,"production and transport operators, cleaners and labourers",10
2008,manufacturing,"professionals, managers, executives and technicians",2850
2008,manufacturing,"clerical, sales and services workers",500
2008,manufacturing,"production and transport operators, cleaners and labourers",7080
2008,"food, beverages and tobacco","professionals, managers, executives and technicians",20
2008,"food, beverages and tobacco","clerical, sales and services workers",10
2008,"food, beverages and tobacco","production and transport operators, cleaners and labourers",40
2008,"paper,rubber,plastic products and printing","professionals, managers, executives and technicians",120
2008,"paper,rubber,plastic products and printing","clerical, sales and services workers",50
2008,"paper,rubber,plastic products and printing","production and transport operators, cleaners and labourers",670
2008,"petroleum, chemical and pharmaceutical products","professionals, managers, executives and technicians",50
2008,"petroleum, chemical and pharmaceutical products","clerical, sales and services workers",20
2008,"petroleum, chemical and pharmaceutical products","production and transport operators, cleaners and labourers",130
2008,"fabricated metal products, machinery and equipment","professionals, managers, executives and technicians",560
2008,"fabricated metal products, machinery and equipment","clerical, sales and services workers",130
2008,"fabricated metal products, machinery and equipment","production and transport operators, cleaners and labourers",1310
2008,"electronic, computer and optical products","professionals, managers, executives and technicians",1770
2008,"electronic, computer and optical products","clerical, sales and services workers",210
2008,"electronic, computer and optical products","production and transport operators, cleaners and labourers",3340
2008,transport equipment,"professionals, managers, executives and technicians",50
2008,transport equipment,"clerical, sales and services workers",40
2008,transport equipment,"production and transport operators, cleaners and labourers",710
2008,other manufacturing industries,"professionals, managers, executives and technicians",280
2008,other manufacturing industries,"clerical, sales and services workers",40
2008,other manufacturing industries,"production and transport operators, cleaners and labourers",880
2008,construction,"professionals, managers, executives and technicians",50
2008,construction,"clerical, sales and services workers",60
2008,construction,"production and transport operators, cleaners and labourers",440
2008,services,"professionals, managers, executives and technicians",3290
2008,services,"clerical, sales and services workers",1360
2008,services,"production and transport operators, cleaners and labourers",1220
2008,wholesale and retail trade,"professionals, managers, executives and technicians",690
2008,wholesale and retail trade,"clerical, sales and services workers",380
2008,wholesale and retail trade,"production and transport operators, cleaners and labourers",460
2008,wholesale trade,"professionals, managers, executives and technicians",670
2008,wholesale trade,"clerical, sales and services workers",320
2008,wholesale trade,"production and transport operators, cleaners and labourers",420
2008,retail trade,"professionals, managers, executives and technicians",20
2008,retail trade,"clerical, sales and services workers",70
2008,retail trade,"production and transport operators, cleaners and labourers",40
2008,transportation and storage,"professionals, managers, executives and technicians",90
2008,transportation and storage,"clerical, sales and services workers",220
2008,transportation and storage,"production and transport operators, cleaners and labourers",280
2008,land transport and supporting services,"professionals, managers, executives and technicians",-
2008,land transport and supporting services,"clerical, sales and services workers",10
2008,land transport and supporting services,"production and transport operators, cleaners and labourers",50
2008,water transport and supporting services,"professionals, managers, executives and technicians",50
2008,water transport and supporting services,"clerical, sales and services workers",30
2008,water transport and supporting services,"production and transport operators, cleaners and labourers",-
2008,air transport and supporting services,"professionals, managers, executives and technicians",-
2008,air transport and supporting services,"clerical, sales and services workers",130
2008,air transport and supporting services,"production and transport operators, cleaners and labourers",-
2008,other transport and storage services,"professionals, managers, executives and technicians",30
2008,other transport and storage services,"clerical, sales and services workers",50
2008,other transport and storage services,"production and transport operators, cleaners and labourers",230
2008,accommodation and food services,"professionals, managers, executives and technicians",20
2008,accommodation and food services,"clerical, sales and services workers",90
2008,accommodation and food services,"production and transport operators, cleaners and labourers",50
2008,accommodation,"professionals, managers, executives and technicians",-
2008,accommodation,"clerical, sales and services workers",10
2008,accommodation,"production and transport operators, cleaners and labourers",20
2008,food and beverage services,"professionals, managers, executives and technicians",10
2008,food and beverage services,"clerical, sales and services workers",80
2008,food and beverage services,"production and transport operators, cleaners and labourers",30
2008,information and communications,"professionals, managers, executives and technicians",360
2008,information and communications,"clerical, sales and services workers",70
2008,information and communications,"production and transport operators, cleaners and labourers",30
2008,"telecommunications, broadcasting and publishing","professionals, managers, executives and technicians",80
2008,"telecommunications, broadcasting and publishing","clerical, sales and services workers",30
2008,"telecommunications, broadcasting and publishing","production and transport operators, cleaners and labourers",10
2008,it and other information services,"professionals, managers, executives and technicians",280
2008,it and other information services,"clerical, sales and services workers",40
2008,it and other information services,"production and transport operators, cleaners and labourers",20
2008,financial and insurance services,"professionals, managers, executives and technicians",1270
2008,financial and insurance services,"clerical, sales and services workers",140
2008,financial and insurance services,"production and transport operators, cleaners and labourers",30
2008,financial services,"professionals, managers, executives and technicians",1230
2008,financial services,"clerical, sales and services workers",120
2008,financial services,"production and transport operators, cleaners and labourers",30
2008,insurance services,"professionals, managers, executives and technicians",40
2008,insurance services,"clerical, sales and services workers",10
2008,insurance services,"production and transport operators, cleaners and labourers",10
2008,real estate services,"professionals, managers, executives and technicians",10
2008,real estate services,"clerical, sales and services workers",50
2008,real estate services,"production and transport operators, cleaners and labourers",20
2008,professional services,"professionals, managers, executives and technicians",530
2008,professional services,"clerical, sales and services workers",90
2008,professional services,"production and transport operators, cleaners and labourers",80
2008,"legal, accounting and management services","professionals, managers, executives and technicians",220
2008,"legal, accounting and management services","clerical, sales and services workers",40
2008,"legal, accounting and management services","production and transport operators, cleaners and labourers",30
2008,architectural and engineering services,"professionals, managers, executives and technicians",160
2008,architectural and engineering services,"clerical, sales and services workers",30
2008,architectural and engineering services,"production and transport operators, cleaners and labourers",50
2008,other professional services,"professionals, managers, executives and technicians",140
2008,other professional services,"clerical, sales and services workers",20
2008,other professional services,"production and transport operators, cleaners and labourers",10
2008,administrative and support services,"professionals, managers, executives and technicians",190
2008,administrative and support services,"clerical, sales and services workers",40
2008,administrative and support services,"production and transport operators, cleaners and labourers",130
2008,security and investigation,"professionals, managers, executives and technicians",-
2008,security and investigation,"clerical, sales and services workers",-
2008,security and investigation,"production and transport operators, cleaners and labourers",-
2008,cleaning and landscaping,"professionals, managers, executives and technicians",-
2008,cleaning and landscaping,"clerical, sales and services workers",-
2008,cleaning and landscaping,"production and transport operators, cleaners and labourers",20
2008,other administrative and support services,"professionals, managers, executives and technicians",190
2008,other administrative and support services,"clerical, sales and services workers",40
2008,other administrative and support services,"production and transport operators, cleaners and labourers",110
2008,"community, social and personal services","professionals, managers, executives and technicians",150
2008,"community, social and personal services","clerical, sales and services workers",290
2008,"community, social and personal services","production and transport operators, cleaners and labourers",130
2008,public administration and education,"professionals, managers, executives and technicians",40
2008,public administration and education,"clerical, sales and services workers",50
2008,public administration and education,"production and transport operators, cleaners and labourers",30
2008,health and social services,"professionals, managers, executives and technicians",70
2008,health and social services,"clerical, sales and services workers",60
2008,health and social services,"production and transport operators, cleaners and labourers",30
2008,"arts, entertainment and recreation","professionals, managers, executives and technicians",20
2008,"arts, entertainment and recreation","clerical, sales and services workers",170
2008,"arts, entertainment and recreation","production and transport operators, cleaners and labourers",30
2008,"other community, social and personal services","professionals, managers, executives and technicians",20
2008,"other community, social and personal services","clerical, sales and services workers",10
2008,"other community, social and personal services","production and transport operators, cleaners and labourers",40
2008,others,"professionals, managers, executives and technicians",10
2008,others,"clerical, sales and services workers",-
2008,others,"production and transport operators, cleaners and labourers",30
2009,manufacturing,"professionals, managers, executives and technicians",4050
2009,manufacturing,"clerical, sales and services workers",780
2009,manufacturing,"production and transport operators, cleaners and labourers",8820
2009,"food, beverages and tobacco","professionals, managers, executives and technicians",-
2009,"food, beverages and tobacco","clerical, sales and services workers",-
2009,"food, beverages and tobacco","production and transport operators, cleaners and labourers",10
2009,"paper,rubber,plastic products and printing","professionals, managers, executives and technicians",110
2009,"paper,rubber,plastic products and printing","clerical, sales and services workers",60
2009,"paper,rubber,plastic products and printing","production and transport operators, cleaners and labourers",620
2009,"petroleum, chemical and pharmaceutical products","professionals, managers, executives and technicians",90
2009,"petroleum, chemical and pharmaceutical products","clerical, sales and services workers",20
2009,"petroleum, chemical and pharmaceutical products","production and transport operators, cleaners and labourers",120
2009,"fabricated metal products, machinery and equipment","professionals, managers, executives and technicians",880
2009,"fabricated metal products, machinery and equipment","clerical, sales and services workers",230
2009,"fabricated metal products, machinery and equipment","production and transport operators, cleaners and labourers",2070
2009,"electronic, computer and optical products","professionals, managers, executives and technicians",2640
2009,"electronic, computer and optical products","clerical, sales and services workers",300
2009,"electronic, computer and optical products","production and transport operators, cleaners and labourers",3520
2009,transport equipment,"professionals, managers, executives and technicians",170
2009,transport equipment,"clerical, sales and services workers",50
2009,transport equipment,"production and transport operators, cleaners and labourers",1240
2009,other manufacturing industries,"professionals, managers, executives and technicians",160
2009,other manufacturing industries,"clerical, sales and services workers",110
2009,other manufacturing industries,"production and transport operators, cleaners and labourers",1240
2009,construction,"professionals, managers, executives and technicians",120
2009,construction,"clerical, sales and services workers",60
2009,construction,"production and transport operators, cleaners and labourers",810
2009,services,"professionals, managers, executives and technicians",5350
2009,services,"clerical, sales and services workers",1690
2009,services,"production and transport operators, cleaners and labourers",1680
2009,wholesale and retail trade,"professionals, managers, executives and technicians",1550
2009,wholesale and retail trade,"clerical, sales and services workers",560
2009,wholesale and retail trade,"production and transport operators, cleaners and labourers",560
2009,wholesale trade,"professionals, managers, executives and technicians",1490
2009,wholesale trade,"clerical, sales and services workers",460
2009,wholesale trade,"production and transport operators, cleaners and labourers",530
2009,retail trade,"professionals, managers, executives and technicians",50
2009,retail trade,"clerical, sales and services workers",100
2009,retail trade,"production and transport operators, cleaners and labourers",30
2009,transportation and storage,"professionals, managers, executives and technicians",270
2009,transportation and storage,"clerical, sales and services workers",310
2009,transportation and storage,"production and transport operators, cleaners and labourers",470
2009,land transport and supporting services,"professionals, managers, executives and technicians",-
2009,land transport and supporting services,"clerical, sales and services workers",20
2009,land transport and supporting services,"production and transport operators, cleaners and labourers",30
2009,water transport and supporting services,"professionals, managers, executives and technicians",120
2009,water transport and supporting services,"clerical, sales and services workers",40
2009,water transport and supporting services,"production and transport operators, cleaners and labourers",60
2009,air transport and supporting services,"professionals, managers, executives and technicians",70
2009,air transport and supporting services,"clerical, sales and services workers",170
2009,air transport and supporting services,"production and transport operators, cleaners and labourers",170
2009,other transport and storage services,"professionals, managers, executives and technicians",70
2009,other transport and storage services,"clerical, sales and services workers",80
2009,other transport and storage services,"production and transport operators, cleaners and labourers",210
2009,accommodation and food services,"professionals, managers, executives and technicians",30
2009,accommodation and food services,"clerical, sales and services workers",120
2009,accommodation and food services,"production and transport operators, cleaners and labourers",50
2009,accommodation,"professionals, managers, executives and technicians",20
2009,accommodation,"clerical, sales and services workers",30
2009,accommodation,"production and transport operators, cleaners and labourers",-
2009,food and beverage services,"professionals, managers, executives and technicians",10
2009,food and beverage services,"clerical, sales and services workers",80
2009,food and beverage services,"production and transport operators, cleaners and labourers",50
2009,information and communications,"professionals, managers, executives and technicians",590
2009,information and communications,"clerical, sales and services workers",80
2009,information and communications,"production and transport operators, cleaners and labourers",20
2009,"telecommunications, broadcasting and publishing","professionals, managers, executives and technicians",240
2009,"telecommunications, broadcasting and publishing","clerical, sales and services workers",20
2009,"telecommunications, broadcasting and publishing","production and transport operators, cleaners and labourers",-
2009,it and other information services,"professionals, managers, executives and technicians",350
2009,it and other information services,"clerical, sales and services workers",60
2009,it and other information services,"production and transport operators, cleaners and labourers",20
2009,financial and insurance services,"professionals, managers, executives and technicians",1660
2009,financial and insurance services,"clerical, sales and services workers",170
2009,financial and insurance services,"production and transport operators, cleaners and labourers",10
2009,financial services,"professionals, managers, executives and technicians",1610
2009,financial services,"clerical, sales and services workers",160
2009,financial services,"production and transport operators, cleaners and labourers",10
2009,insurance services,"professionals, managers, executives and technicians",50
2009,insurance services,"clerical, sales and services workers",10
2009,insurance services,"production and transport operators, cleaners and labourers",-
2009,real estate services,"professionals, managers, executives and technicians",60
2009,real estate services,"clerical, sales and services workers",10
2009,real estate services,"production and transport operators, cleaners and labourers",70
2009,professional services,"professionals, managers, executives and technicians",910
2009,professional services,"clerical, sales and services workers",140
2009,professional services,"production and transport operators, cleaners and labourers",170
2009,"legal, accounting and management services","professionals, managers, executives and technicians",440
2009,"legal, accounting and management services","clerical, sales and services workers",70
2009,"legal, accounting and management services","production and transport operators, cleaners and labourers",100
2009,architectural and engineering services,"professionals, managers, executives and technicians",280
2009,architectural and engineering services,"clerical, sales and services workers",40
2009,architectural and engineering services,"production and transport operators, cleaners and labourers",60
2009,other professional services,"professionals, managers, executives and technicians",180
2009,other professional services,"clerical, sales and services workers",30
2009,other professional services,"production and transport operators, cleaners and labourers",10
2009,administrative and support services,"professionals, managers, executives and technicians",210
2009,administrative and support services,"clerical, sales and services workers",200
2009,administrative and support services,"production and transport operators, cleaners and labourers",280
2009,security and investigation,"professionals, managers, executives and technicians",-
2009,security and investigation,"clerical, sales and services workers",-
2009,security and investigation,"production and transport operators, cleaners and labourers",60
2009,cleaning and landscaping,"professionals, managers, executives and technicians",-
2009,cleaning and landscaping,"clerical, sales and services workers",10
2009,cleaning and landscaping,"production and transport operators, cleaners and labourers",70
2009,other administrative and support services,"professionals, managers, executives and technicians",200
2009,other administrative and support services,"clerical, sales and services workers",190
2009,other administrative and support services,"production and transport operators, cleaners and labourers",140
2009,"community, social and personal services","professionals, managers, executives and technicians",80
2009,"community, social and personal services","clerical, sales and services workers",100
2009,"community, social and personal services","production and transport operators, cleaners and labourers",60
2009,public administration and education,"professionals, managers, executives and technicians",50
2009,public administration and education,"clerical, sales and services workers",50
2009,public administration and education,"production and transport operators, cleaners and labourers",10
2009,health and social services,"professionals, managers, executives and technicians",10
2009,health and social services,"clerical, sales and services workers",10
2009,health and social services,"production and transport operators, cleaners and labourers",-
2009,"arts, entertainment and recreation","professionals, managers, executives and technicians",-
2009,"arts, entertainment and recreation","clerical, sales and services workers",10
2009,"arts, entertainment and recreation","production and transport operators, cleaners and labourers",-
2009,"other community, social and personal services","professionals, managers, executives and technicians",20
2009,"other community, social and personal services","clerical, sales and services workers",40
2009,"other community, social and personal services","production and transport operators, cleaners and labourers",50
2009,others,"professionals, managers, executives and technicians",60
2009,others,"clerical, sales and services workers",-
2009,others,"production and transport operators, cleaners and labourers",30
2010,manufacturing,"professionals, managers, executives and technicians",1360
2010,manufacturing,"clerical, sales and services workers",300
2010,manufacturing,"production and transport operators, cleaners and labourers",2840
2010,"food, beverages and tobacco","professionals, managers, executives and technicians",10
2010,"food, beverages and tobacco","clerical, sales and services workers",10
2010,"food, beverages and tobacco","production and transport operators, cleaners and labourers",10
2010,"paper,rubber,plastic products and printing","professionals, managers, executives and technicians",80
2010,"paper,rubber,plastic products and printing","clerical, sales and services workers",40
2010,"paper,rubber,plastic products and printing","production and transport operators, cleaners and labourers",350
2010,"petroleum, chemical and pharmaceutical products","professionals, managers, executives and technicians",90
2010,"petroleum, chemical and pharmaceutical products","clerical, sales and services workers",10
2010,"petroleum, chemical and pharmaceutical products","production and transport operators, cleaners and labourers",60
2010,"fabricated metal products, machinery and equipment","professionals, managers, executives and technicians",460
2010,"fabricated metal products, machinery and equipment","clerical, sales and services workers",90
2010,"fabricated metal products, machinery and equipment","production and transport operators, cleaners and labourers",1020
2010,"electronic, computer and optical products","professionals, managers, executives and technicians",590
2010,"electronic, computer and optical products","clerical, sales and services workers",110
2010,"electronic, computer and optical products","production and transport operators, cleaners and labourers",1030
2010,transport equipment,"professionals, managers, executives and technicians",40
2010,transport equipment,"clerical, sales and services workers",20
2010,transport equipment,"production and transport operators, cleaners and labourers",220
2010,other manufacturing industries,"professionals, managers, executives and technicians",90
2010,other manufacturing industries,"clerical, sales and services workers",30
2010,other manufacturing industries,"production and transport operators, cleaners and labourers",150
2010,construction,"professionals, managers, executives and technicians",140
2010,construction,"clerical, sales and services workers",100
2010,construction,"production and transport operators, cleaners and labourers",1100
2010,services,"professionals, managers, executives and technicians",1950
2010,services,"clerical, sales and services workers",1050
2010,services,"production and transport operators, cleaners and labourers",960
2010,wholesale and retail trade,"professionals, managers, executives and technicians",610
2010,wholesale and retail trade,"clerical, sales and services workers",340
2010,wholesale and retail trade,"production and transport operators, cleaners and labourers",230
2010,wholesale trade,"professionals, managers, executives and technicians",570
2010,wholesale trade,"clerical, sales and services workers",200
2010,wholesale trade,"production and transport operators, cleaners and labourers",170
2010,retail trade,"professionals, managers, executives and technicians",40
2010,retail trade,"clerical, sales and services workers",140
2010,retail trade,"production and transport operators, cleaners and labourers",50
2010,transportation and storage,"professionals, managers, executives and technicians",90
2010,transportation and storage,"clerical, sales and services workers",140
2010,transportation and storage,"production and transport operators, cleaners and labourers",100
2010,land transport and supporting services,"professionals, managers, executives and technicians",10
2010,land transport and supporting services,"clerical, sales and services workers",10
2010,land transport and supporting services,"production and transport operators, cleaners and labourers",30
2010,water transport and supporting services,"professionals, managers, executives and technicians",50
2010,water transport and supporting services,"clerical, sales and services workers",10
2010,water transport and supporting services,"production and transport operators, cleaners and labourers",20
2010,air transport and supporting services,"professionals, managers, executives and technicians",10
2010,air transport and supporting services,"clerical, sales and services workers",100
2010,air transport and supporting services,"production and transport operators, cleaners and labourers",-
2010,other transport and storage services,"professionals, managers, executives and technicians",20
2010,other transport and storage services,"clerical, sales and services workers",10
2010,other transport and storage services,"production and transport operators, cleaners and labourers",40
2010,accommodation and food services,"professionals, managers, executives and technicians",20
2010,accommodation and food services,"clerical, sales and services workers",100
2010,accommodation and food services,"production and transport operators, cleaners and labourers",20
2010,accommodation,"professionals, managers, executives and technicians",-
2010,accommodation,"clerical, sales and services workers",-
2010,accommodation,"production and transport operators, cleaners and labourers",-
2010,food and beverage services,"professionals, managers, executives and technicians",20
2010,food and beverage services,"clerical, sales and services workers",100
2010,food and beverage services,"production and transport operators, cleaners and labourers",20
2010,information and communications,"professionals, managers, executives and technicians",250
2010,information and communications,"clerical, sales and services workers",90
2010,information and communications,"production and transport operators, cleaners and labourers",-
2010,"telecommunications, broadcasting and publishing","professionals, managers, executives and technicians",140
2010,"telecommunications, broadcasting and publishing","clerical, sales and services workers",80
2010,"telecommunications, broadcasting and publishing","production and transport operators, cleaners and labourers",-
2010,it and other information services,"professionals, managers, executives and technicians",120
2010,it and other information services,"clerical, sales and services workers",10
2010,it and other information services,"production and transport operators, cleaners and labourers",-
2010,financial and insurance services,"professionals, managers, executives and technicians",500
2010,financial and insurance services,"clerical, sales and services workers",110
2010,financial and insurance services,"production and transport operators, cleaners and labourers",10
2010,financial services,"professionals, managers, executives and technicians",490
2010,financial services,"clerical, sales and services workers",80
2010,financial services,"production and transport operators, cleaners and labourers",10
2010,insurance services,"professionals, managers, executives and technicians",10
2010,insurance services,"clerical, sales and services workers",30
2010,insurance services,"production and transport operators, cleaners and labourers",-
2010,real estate services,"professionals, managers, executives and technicians",30
2010,real estate services,"clerical, sales and services workers",10
2010,real estate services,"production and transport operators, cleaners and labourers",80
2010,professional services,"professionals, managers, executives and technicians",360
2010,professional services,"clerical, sales and services workers",40
2010,professional services,"production and transport operators, cleaners and labourers",320
2010,"legal, accounting and management services","professionals, managers, executives and technicians",260
2010,"legal, accounting and management services","clerical, sales and services workers",20
2010,"legal, accounting and management services","production and transport operators, cleaners and labourers",100
2010,architectural and engineering services,"professionals, managers, executives and technicians",90
2010,architectural and engineering services,"clerical, sales and services workers",20
2010,architectural and engineering services,"production and transport operators, cleaners and labourers",220
2010,other professional services,"professionals, managers, executives and technicians",20
2010,other professional services,"clerical, sales and services workers",-
2010,other professional services,"production and transport operators, cleaners and labourers",-
2010,administrative and support services,"professionals, managers, executives and technicians",30
2010,administrative and support services,"clerical, sales and services workers",60
2010,administrative and support services,"production and transport operators, cleaners and labourers",190
2010,security and investigation,"professionals, managers, executives and technicians",-
2010,security and investigation,"clerical, sales and services workers",-
2010,security and investigation,"production and transport operators, cleaners and labourers",-
2010,cleaning and landscaping,"professionals, managers, executives and technicians",-
2010,cleaning and landscaping,"clerical, sales and services workers",-
2010,cleaning and landscaping,"production and transport operators, cleaners and labourers",50
2010,other administrative and support services,"professionals, managers, executives and technicians",30
2010,other administrative and support services,"clerical, sales and services workers",60
2010,other administrative and support services,"production and transport operators, cleaners and labourers",140
2010,"community, social and personal services","professionals, managers, executives and technicians",70
2010,"community, social and personal services","clerical, sales and services workers",160
2010,"community, social and personal services","production and transport operators, cleaners and labourers",40
2010,public administration and education,"professionals, managers, executives and technicians",30
2010,public administration and education,"clerical, sales and services workers",10
2010,public administration and education,"production and transport operators, cleaners and labourers",10
2010,health and social services,"professionals, managers, executives and technicians",-
2010,health and social services,"clerical, sales and services workers",30
2010,health and social services,"production and transport operators, cleaners and labourers",-
2010,"arts, entertainment and recreation","professionals, managers, executives and technicians",-
2010,"arts, entertainment and recreation","clerical, sales and services workers",50
2010,"arts, entertainment and recreation","production and transport operators, cleaners and labourers",-
2010,"other community, social and personal services","professionals, managers, executives and technicians",30
2010,"other community, social and personal services","clerical, sales and services workers",80
2010,"other community, social and personal services","production and transport operators, cleaners and labourers",20
2010,others,"professionals, managers, executives and technicians",-
2010,others,"clerical, sales and services workers",-
2010,others,"production and transport operators, cleaners and labourers",-
2011,manufacturing,"professionals, managers, executives and technicians",1110
2011,manufacturing,"clerical, sales and services workers",200
2011,manufacturing,"production and transport operators, cleaners and labourers",3150
2011,"food, beverages and tobacco","professionals, managers, executives and technicians",10
2011,"food, beverages and tobacco","clerical, sales and services workers",-
2011,"food, beverages and tobacco","production and transport operators, cleaners and labourers",-
2011,"paper,rubber,plastic products and printing","professionals, managers, executives and technicians",80
2011,"paper,rubber,plastic products and printing","clerical, sales and services workers",50
2011,"paper,rubber,plastic products and printing","production and transport operators, cleaners and labourers",520
2011,"petroleum, chemical and pharmaceutical products","professionals, managers, executives and technicians",120
2011,"petroleum, chemical and pharmaceutical products","clerical, sales and services workers",20
2011,"petroleum, chemical and pharmaceutical products","production and transport operators, cleaners and labourers",180
2011,"fabricated metal products, machinery and equipment","professionals, managers, executives and technicians",130
2011,"fabricated metal products, machinery and equipment","clerical, sales and services workers",30
2011,"fabricated metal products, machinery and equipment","production and transport operators, cleaners and labourers",470
2011,"electronic, computer and optical products","professionals, managers, executives and technicians",700
2011,"electronic, computer and optical products","clerical, sales and services workers",90
2011,"electronic, computer and optical products","production and transport operators, cleaners and labourers",1230
2011,transport equipment,"professionals, managers, executives and technicians",20
2011,transport equipment,"clerical, sales and services workers",-
2011,transport equipment,"production and transport operators, cleaners and labourers",150
2011,other manufacturing industries,"professionals, managers, executives and technicians",40
2011,other manufacturing industries,"clerical, sales and services workers",10
2011,other manufacturing industries,"production and transport operators, cleaners and labourers",590
2011,construction,"professionals, managers, executives and technicians",150
2011,construction,"clerical, sales and services workers",70
2011,construction,"production and transport operators, cleaners and labourers",840
2011,services,"professionals, managers, executives and technicians",2890
2011,services,"clerical, sales and services workers",800
2011,services,"production and transport operators, cleaners and labourers",740
2011,wholesale and retail trade,"professionals, managers, executives and technicians",700
2011,wholesale and retail trade,"clerical, sales and services workers",150
2011,wholesale and retail trade,"production and transport operators, cleaners and labourers",200
2011,wholesale trade,"professionals, managers, executives and technicians",540
2011,wholesale trade,"clerical, sales and services workers",80
2011,wholesale trade,"production and transport operators, cleaners and labourers",140
2011,retail trade,"professionals, managers, executives and technicians",160
2011,retail trade,"clerical, sales and services workers",70
2011,retail trade,"production and transport operators, cleaners and labourers",70
2011,transportation and storage,"professionals, managers, executives and technicians",70
2011,transportation and storage,"clerical, sales and services workers",100
2011,transportation and storage,"production and transport operators, cleaners and labourers",70
2011,land transport and supporting services,"professionals, managers, executives and technicians",-
2011,land transport and supporting services,"clerical, sales and services workers",40
2011,land transport and supporting services,"production and transport operators, cleaners and labourers",30
2011,water transport and supporting services,"professionals, managers, executives and technicians",30
2011,water transport and supporting services,"clerical, sales and services workers",10
2011,water transport and supporting services,"production and transport operators, cleaners and labourers",20
2011,air transport and supporting services,"professionals, managers, executives and technicians",-
2011,air transport and supporting services,"clerical, sales and services workers",30
2011,air transport and supporting services,"production and transport operators, cleaners and labourers",-
2011,other transport and storage services,"professionals, managers, executives and technicians",30
2011,other transport and storage services,"clerical, sales and services workers",10
2011,other transport and storage services,"production and transport operators, cleaners and labourers",20
2011,accommodation and food services,"professionals, managers, executives and technicians",70
2011,accommodation and food services,"clerical, sales and services workers",230
2011,accommodation and food services,"production and transport operators, cleaners and labourers",50
2011,accommodation,"professionals, managers, executives and technicians",60
2011,accommodation,"clerical, sales and services workers",110
2011,accommodation,"production and transport operators, cleaners and labourers",30
2011,food and beverage services,"professionals, managers, executives and technicians",10
2011,food and beverage services,"clerical, sales and services workers",120
2011,food and beverage services,"production and transport operators, cleaners and labourers",20
2011,information and communications,"professionals, managers, executives and technicians",430
2011,information and communications,"clerical, sales and services workers",60
2011,information and communications,"production and transport operators, cleaners and labourers",20
2011,"telecommunications, broadcasting and publishing","professionals, managers, executives and technicians",200
2011,"telecommunications, broadcasting and publishing","clerical, sales and services workers",40
2011,"telecommunications, broadcasting and publishing","production and transport operators, cleaners and labourers",10
2011,it and other information services,"professionals, managers, executives and technicians",220
2011,it and other information services,"clerical, sales and services workers",20
2011,it and other information services,"production and transport operators, cleaners and labourers",10
2011,financial and insurance services,"professionals, managers, executives and technicians",780
2011,financial and insurance services,"clerical, sales and services workers",80
2011,financial and insurance services,"production and transport operators, cleaners and labourers",-
2011,financial services,"professionals, managers, executives and technicians",720
2011,financial services,"clerical, sales and services workers",70
2011,financial services,"production and transport operators, cleaners and labourers",-
2011,insurance services,"professionals, managers, executives and technicians",60
2011,insurance services,"clerical, sales and services workers",10
2011,insurance services,"production and transport operators, cleaners and labourers",-
2011,real estate services,"professionals, managers, executives and technicians",50
2011,real estate services,"clerical, sales and services workers",30
2011,real estate services,"production and transport operators, cleaners and labourers",60
2011,professional services,"professionals, managers, executives and technicians",710
2011,professional services,"clerical, sales and services workers",70
2011,professional services,"production and transport operators, cleaners and labourers",160
2011,"legal, accounting and management services","professionals, managers, executives and technicians",330
2011,"legal, accounting and management services","clerical, sales and services workers",40
2011,"legal, accounting and management services","production and transport operators, cleaners and labourers",80
2011,architectural and engineering services,"professionals, managers, executives and technicians",110
2011,architectural and engineering services,"clerical, sales and services workers",30
2011,architectural and engineering services,"production and transport operators, cleaners and labourers",60
2011,other professional services,"professionals, managers, executives and technicians",260
2011,other professional services,"clerical, sales and services workers",10
2011,other professional services,"production and transport operators, cleaners and labourers",20
2011,administrative and support services,"professionals, managers, executives and technicians",50
2011,administrative and support services,"clerical, sales and services workers",10
2011,administrative and support services,"production and transport operators, cleaners and labourers",40
2011,security and investigation,"professionals, managers, executives and technicians",-
2011,security and investigation,"clerical, sales and services workers",-
2011,security and investigation,"production and transport operators, cleaners and labourers",-
2011,cleaning and landscaping,"professionals, managers, executives and technicians",-
2011,cleaning and landscaping,"clerical, sales and services workers",-
2011,cleaning and landscaping,"production and transport operators, cleaners and labourers",10
2011,other administrative and support services,"professionals, managers, executives and technicians",50
2011,other administrative and support services,"clerical, sales and services workers",10
2011,other administrative and support services,"production and transport operators, cleaners and labourers",30
2011,"community, social and personal services","professionals, managers, executives and technicians",50
2011,"community, social and personal services","clerical, sales and services workers",90
2011,"community, social and personal services","production and transport operators, cleaners and labourers",130
2011,public administration and education,"professionals, managers, executives and technicians",10
2011,public administration and education,"clerical, sales and services workers",10
2011,public administration and education,"production and transport operators, cleaners and labourers",-
2011,health and social services,"professionals, managers, executives and technicians",-
2011,health and social services,"clerical, sales and services workers",-
2011,health and social services,"production and transport operators, cleaners and labourers",-
2011,"arts, entertainment and recreation","professionals, managers, executives and technicians",10
2011,"arts, entertainment and recreation","clerical, sales and services workers",40
2011,"arts, entertainment and recreation","production and transport operators, cleaners and labourers",-
2011,"other community, social and personal services","professionals, managers, executives and technicians",30
2011,"other community, social and personal services","clerical, sales and services workers",40
2011,"other community, social and personal services","production and transport operators, cleaners and labourers",120
2011,others,"professionals, managers, executives and technicians",20
2011,others,"clerical, sales and services workers",-
2011,others,"production and transport operators, cleaners and labourers",30
2012,manufacturing,"professionals, managers, executives and technicians",1630
2012,manufacturing,"clerical, sales and services workers",270
2012,manufacturing,"production and transport operators, cleaners and labourers",2160
2012,"food, beverages and tobacco","professionals, managers, executives and technicians",-
2012,"food, beverages and tobacco","clerical, sales and services workers",10
2012,"food, beverages and tobacco","production and transport operators, cleaners and labourers",20
2012,"paper,rubber,plastic products and printing","professionals, managers, executives and technicians",70
2012,"paper,rubber,plastic products and printing","clerical, sales and services workers",10
2012,"paper,rubber,plastic products and printing","production and transport operators, cleaners and labourers",510
2012,"petroleum, chemical and pharmaceutical products","professionals, managers, executives and technicians",150
2012,"petroleum, chemical and pharmaceutical products","clerical, sales and services workers",20
2012,"petroleum, chemical and pharmaceutical products","production and transport operators, cleaners and labourers",70
2012,"fabricated metal products, machinery and equipment","professionals, managers, executives and technicians",240
2012,"fabricated metal products, machinery and equipment","clerical, sales and services workers",30
2012,"fabricated metal products, machinery and equipment","production and transport operators, cleaners and labourers",480
2012,"electronic, computer and optical products","professionals, managers, executives and technicians",960
2012,"electronic, computer and optical products","clerical, sales and services workers",170
2012,"electronic, computer and optical products","production and transport operators, cleaners and labourers",670
2012,transport equipment,"professionals, managers, executives and technicians",20
2012,transport equipment,"clerical, sales and services workers",-
2012,transport equipment,"production and transport operators, cleaners and labourers",100
2012,other manufacturing industries,"professionals, managers, executives and technicians",190
2012,other manufacturing industries,"clerical, sales and services workers",40
2012,other manufacturing industries,"production and transport operators, cleaners and labourers",310
2012,construction,"professionals, managers, executives and technicians",90
2012,construction,"clerical, sales and services workers",30
2012,construction,"production and transport operators, cleaners and labourers",530
2012,services,"professionals, managers, executives and technicians",4250
2012,services,"clerical, sales and services workers",1170
2012,services,"production and transport operators, cleaners and labourers",880
2012,wholesale and retail trade,"professionals, managers, executives and technicians",990
2012,wholesale and retail trade,"clerical, sales and services workers",610
2012,wholesale and retail trade,"production and transport operators, cleaners and labourers",240
2012,wholesale trade,"professionals, managers, executives and technicians",880
2012,wholesale trade,"clerical, sales and services workers",180
2012,wholesale trade,"production and transport operators, cleaners and labourers",210
2012,retail trade,"professionals, managers, executives and technicians",100
2012,retail trade,"clerical, sales and services workers",430
2012,retail trade,"production and transport operators, cleaners and labourers",30
2012,transportation and storage,"professionals, managers, executives and technicians",160
2012,transportation and storage,"clerical, sales and services workers",60
2012,transportation and storage,"production and transport operators, cleaners and labourers",60
2012,land transport and supporting services,"professionals, managers, executives and technicians",-
2012,land transport and supporting services,"clerical, sales and services workers",-
2012,land transport and supporting services,"production and transport operators, cleaners and labourers",-
2012,water transport and supporting services,"professionals, managers, executives and technicians",110
2012,water transport and supporting services,"clerical, sales and services workers",30
2012,water transport and supporting services,"production and transport operators, cleaners and labourers",20
2012,air transport and supporting services,"professionals, managers, executives and technicians",10
2012,air transport and supporting services,"clerical, sales and services workers",-
2012,air transport and supporting services,"production and transport operators, cleaners and labourers",-
2012,other transport and storage services,"professionals, managers, executives and technicians",40
2012,other transport and storage services,"clerical, sales and services workers",30
2012,other transport and storage services,"production and transport operators, cleaners and labourers",40
2012,accommodation and food services,"professionals, managers, executives and technicians",20
2012,accommodation and food services,"clerical, sales and services workers",170
2012,accommodation and food services,"production and transport operators, cleaners and labourers",80
2012,accommodation,"professionals, managers, executives and technicians",10
2012,accommodation,"clerical, sales and services workers",60
2012,accommodation,"production and transport operators, cleaners and labourers",30
2012,food and beverage services,"professionals, managers, executives and technicians",10
2012,food and beverage services,"clerical, sales and services workers",110
2012,food and beverage services,"production and transport operators, cleaners and labourers",50
2012,information and communications,"professionals, managers, executives and technicians",670
2012,information and communications,"clerical, sales and services workers",60
2012,information and communications,"production and transport operators, cleaners and labourers",-
2012,"telecommunications, broadcasting and publishing","professionals, managers, executives and technicians",320
2012,"telecommunications, broadcasting and publishing","clerical, sales and services workers",20
2012,"telecommunications, broadcasting and publishing","production and transport operators, cleaners and labourers",-
2012,it and other information services,"professionals, managers, executives and technicians",350
2012,it and other information services,"clerical, sales and services workers",40
2012,it and other information services,"production and transport operators, cleaners and labourers",-
2012,financial and insurance services,"professionals, managers, executives and technicians",1300
2012,financial and insurance services,"clerical, sales and services workers",80
2012,financial and insurance services,"production and transport operators, cleaners and labourers",-
2012,financial services,"professionals, managers, executives and technicians",1240
2012,financial services,"clerical, sales and services workers",60
2012,financial services,"production and transport operators, cleaners and labourers",-
2012,insurance services,"professionals, managers, executives and technicians",60
2012,insurance services,"clerical, sales and services workers",20
2012,insurance services,"production and transport operators, cleaners and labourers",-
2012,real estate services,"professionals, managers, executives and technicians",10
2012,real estate services,"clerical, sales and services workers",-
2012,real estate services,"production and transport operators, cleaners and labourers",40
2012,professional services,"professionals, managers, executives and technicians",820
2012,professional services,"clerical, sales and services workers",60
2012,professional services,"production and transport operators, cleaners and labourers",350
2012,"legal, accounting and management services","professionals, managers, executives and technicians",490
2012,"legal, accounting and management services","clerical, sales and services workers",40
2012,"legal, accounting and management services","production and transport operators, cleaners and labourers",20
2012,architectural and engineering services,"professionals, managers, executives and technicians",150
2012,architectural and engineering services,"clerical, sales and services workers",10
2012,architectural and engineering services,"production and transport operators, cleaners and labourers",310
2012,other professional services,"professionals, managers, executives and technicians",180
2012,other professional services,"clerical, sales and services workers",10
2012,other professional services,"production and transport operators, cleaners and labourers",10
2012,administrative and support services,"professionals, managers, executives and technicians",170
2012,administrative and support services,"clerical, sales and services workers",30
2012,administrative and support services,"production and transport operators, cleaners and labourers",70
2012,security and investigation,"professionals, managers, executives and technicians",-
2012,security and investigation,"clerical, sales and services workers",10
2012,security and investigation,"production and transport operators, cleaners and labourers",-
2012,cleaning and landscaping,"professionals, managers, executives and technicians",-
2012,cleaning and landscaping,"clerical, sales and services workers",-
2012,cleaning and landscaping,"production and transport operators, cleaners and labourers",20
2012,other administrative and support services,"professionals, managers, executives and technicians",170
2012,other administrative and support services,"clerical, sales and services workers",20
2012,other administrative and support services,"production and transport operators, cleaners and labourers",50
2012,"community, social and personal services","professionals, managers, executives and technicians",100
2012,"community, social and personal services","clerical, sales and services workers",110
2012,"community, social and personal services","production and transport operators, cleaners and labourers",30
2012,public administration and education,"professionals, managers, executives and technicians",30
2012,public administration and education,"clerical, sales and services workers",20
2012,public administration and education,"production and transport operators, cleaners and labourers",-
2012,health and social services,"professionals, managers, executives and technicians",30
2012,health and social services,"clerical, sales and services workers",-
2012,health and social services,"production and transport operators, cleaners and labourers",-
2012,"arts, entertainment and recreation","professionals, managers, executives and technicians",30
2012,"arts, entertainment and recreation","clerical, sales and services workers",50
2012,"arts, entertainment and recreation","production and transport operators, cleaners and labourers",20
2012,"other community, social and personal services","professionals, managers, executives and technicians",10
2012,"other community, social and personal services","clerical, sales and services workers",40
2012,"other community, social and personal services","production and transport operators, cleaners and labourers",10
2012,others,"professionals, managers, executives and technicians",10
2012,others,"clerical, sales and services workers",-
2012,others,"production and transport operators, cleaners and labourers",-
2013,manufacturing,"professionals, managers, executives and technicians",2020
2013,manufacturing,"clerical, sales and services workers",400
2013,manufacturing,"production and transport operators, cleaners and labourers",2580
2013,"food, beverages and tobacco","professionals, managers, executives and technicians",-
2013,"food, beverages and tobacco","clerical, sales and services workers",20
2013,"food, beverages and tobacco","production and transport operators, cleaners and labourers",20
2013,"paper,rubber,plastic products and printing","professionals, managers, executives and technicians",80
2013,"paper,rubber,plastic products and printing","clerical, sales and services workers",20
2013,"paper,rubber,plastic products and printing","production and transport operators, cleaners and labourers",280
2013,"petroleum, chemical and pharmaceutical products","professionals, managers, executives and technicians",90
2013,"petroleum, chemical and pharmaceutical products","clerical, sales and services workers",20
2013,"petroleum, chemical and pharmaceutical products","production and transport operators, cleaners and labourers",110
2013,"fabricated metal products, machinery and equipment","professionals, managers, executives and technicians",260
2013,"fabricated metal products, machinery and equipment","clerical, sales and services workers",50
2013,"fabricated metal products, machinery and equipment","production and transport operators, cleaners and labourers",390
2013,"electronic, computer and optical products","professionals, managers, executives and technicians",1050
2013,"electronic, computer and optical products","clerical, sales and services workers",230
2013,"electronic, computer and optical products","production and transport operators, cleaners and labourers",990
2013,transport equipment,"professionals, managers, executives and technicians",100
2013,transport equipment,"clerical, sales and services workers",10
2013,transport equipment,"production and transport operators, cleaners and labourers",90
2013,other manufacturing industries,"professionals, managers, executives and technicians",440
2013,other manufacturing industries,"clerical, sales and services workers",50
2013,other manufacturing industries,"production and transport operators, cleaners and labourers",710
2013,construction,"professionals, managers, executives and technicians",220
2013,construction,"clerical, sales and services workers",30
2013,construction,"production and transport operators, cleaners and labourers",870
2013,services,"professionals, managers, executives and technicians",4190
2013,services,"clerical, sales and services workers",710
2013,services,"production and transport operators, cleaners and labourers",540
2013,wholesale and retail trade,"professionals, managers, executives and technicians",910
2013,wholesale and retail trade,"clerical, sales and services workers",200
2013,wholesale and retail trade,"production and transport operators, cleaners and labourers",170
2013,wholesale trade,"professionals, managers, executives and technicians",890
2013,wholesale trade,"clerical, sales and services workers",140
2013,wholesale trade,"production and transport operators, cleaners and labourers",160
2013,retail trade,"professionals, managers, executives and technicians",20
2013,retail trade,"clerical, sales and services workers",70
2013,retail trade,"production and transport operators, cleaners and labourers",10
2013,transportation and storage,"professionals, managers, executives and technicians",240
2013,transportation and storage,"clerical, sales and services workers",50
2013,transportation and storage,"production and transport operators, cleaners and labourers",150
2013,land transport and supporting services,"professionals, managers, executives and technicians",-
2013,land transport and supporting services,"clerical, sales and services workers",10
2013,land transport and supporting services,"production and transport operators, cleaners and labourers",-
2013,water transport and supporting services,"professionals, managers, executives and technicians",70
2013,water transport and supporting services,"clerical, sales and services workers",10
2013,water transport and supporting services,"production and transport operators, cleaners and labourers",50
2013,air transport and supporting services,"professionals, managers, executives and technicians",90
2013,air transport and supporting services,"clerical, sales and services workers",10
2013,air transport and supporting services,"production and transport operators, cleaners and labourers",-
2013,other transport and storage services,"professionals, managers, executives and technicians",90
2013,other transport and storage services,"clerical, sales and services workers",20
2013,other transport and storage services,"production and transport operators, cleaners and labourers",100
2013,accommodation and food services,"professionals, managers, executives and technicians",40
2013,accommodation and food services,"clerical, sales and services workers",120
2013,accommodation and food services,"production and transport operators, cleaners and labourers",70
2013,accommodation,"professionals, managers, executives and technicians",-
2013,accommodation,"clerical, sales and services workers",10
2013,accommodation,"production and transport operators, cleaners and labourers",-
2013,food and beverage services,"professionals, managers, executives and technicians",40
2013,food and beverage services,"clerical, sales and services workers",110
2013,food and beverage services,"production and transport operators, cleaners and labourers",70
2013,information and communications,"professionals, managers, executives and technicians",790
2013,information and communications,"clerical, sales and services workers",40
2013,information and communications,"production and transport operators, cleaners and labourers",-
2013,"telecommunications, broadcasting and publishing","professionals, managers, executives and technicians",450
2013,"telecommunications, broadcasting and publishing","clerical, sales and services workers",30
2013,"telecommunications, broadcasting and publishing","production and transport operators, cleaners and labourers",-
2013,it and other information services,"professionals, managers, executives and technicians",340
2013,it and other information services,"clerical, sales and services workers",20
2013,it and other information services,"production and transport operators, cleaners and labourers",-
2013,financial and insurance services,"professionals, managers, executives and technicians",1200
2013,financial and insurance services,"clerical, sales and services workers",60
2013,financial and insurance services,"production and transport operators, cleaners and labourers",-
2013,financial services,"professionals, managers, executives and technicians",1170
2013,financial services,"clerical, sales and services workers",60
2013,financial services,"production and transport operators, cleaners and labourers",-
2013,insurance services,"professionals, managers, executives and technicians",30
2013,insurance services,"clerical, sales and services workers",-
2013,insurance services,"production and transport operators, cleaners and labourers",-
2013,real estate services,"professionals, managers, executives and technicians",10
2013,real estate services,"clerical, sales and services workers",10
2013,real estate services,"production and transport operators, cleaners and labourers",10
2013,professional services,"professionals, managers, executives and technicians",830
2013,professional services,"clerical, sales and services workers",60
2013,professional services,"production and transport operators, cleaners and labourers",70
2013,"legal, accounting and management services","professionals, managers, executives and technicians",550
2013,"legal, accounting and management services","clerical, sales and services workers",40
2013,"legal, accounting and management services","production and transport operators, cleaners and labourers",10
2013,architectural and engineering services,"professionals, managers, executives and technicians",160
2013,architectural and engineering services,"clerical, sales and services workers",20
2013,architectural and engineering services,"production and transport operators, cleaners and labourers",70
2013,other professional services,"professionals, managers, executives and technicians",120
2013,other professional services,"clerical, sales and services workers",10
2013,other professional services,"production and transport operators, cleaners and labourers",-
2013,administrative and support services,"professionals, managers, executives and technicians",120
2013,administrative and support services,"clerical, sales and services workers",40
2013,administrative and support services,"production and transport operators, cleaners and labourers",40
2013,security and investigation,"professionals, managers, executives and technicians",-
2013,security and investigation,"clerical, sales and services workers",-
2013,security and investigation,"production and transport operators, cleaners and labourers",-
2013,cleaning and landscaping,"professionals, managers, executives and technicians",-
2013,cleaning and landscaping,"clerical, sales and services workers",-
2013,cleaning and landscaping,"production and transport operators, cleaners and labourers",10
2013,other administrative and support services,"professionals, managers, executives and technicians",120
2013,other administrative and support services,"clerical, sales and services workers",40
2013,other administrative and support services,"production and transport operators, cleaners and labourers",40
2013,"community, social and personal services","professionals, managers, executives and technicians",50
2013,"community, social and personal services","clerical, sales and services workers",120
2013,"community, social and personal services","production and transport operators, cleaners and labourers",20
2013,public administration and education,"professionals, managers, executives and technicians",20
2013,public administration and education,"clerical, sales and services workers",10
2013,public administration and education,"production and transport operators, cleaners and labourers",-
2013,health and social services,"professionals, managers, executives and technicians",-
2013,health and social services,"clerical, sales and services workers",10
2013,health and social services,"production and transport operators, cleaners and labourers",-
2013,"arts, entertainment and recreation","professionals, managers, executives and technicians",10
2013,"arts, entertainment and recreation","clerical, sales and services workers",20
2013,"arts, entertainment and recreation","production and transport operators, cleaners and labourers",10
2013,"other community, social and personal services","professionals, managers, executives and technicians",20
2013,"other community, social and personal services","clerical, sales and services workers",90
2013,"other community, social and personal services","production and transport operators, cleaners and labourers",20
2013,others,"professionals, managers, executives and technicians",10
2013,others,"clerical, sales and services workers",-
2013,others,"production and transport operators, cleaners and labourers",10
2014,manufacturing,"professionals, managers, executives and technicians",1370
2014,manufacturing,"clerical, sales and services workers",270
2014,manufacturing,"production and transport operators, cleaners and labourers",2330
2014,"food, beverages and tobacco","professionals, managers, executives and technicians",10
2014,"food, beverages and tobacco","clerical, sales and services workers",10
2014,"food, beverages and tobacco","production and transport operators, cleaners and labourers",90
2014,"paper,rubber,plastic products and printing","professionals, managers, executives and technicians",40
2014,"paper,rubber,plastic products and printing","clerical, sales and services workers",10
2014,"paper,rubber,plastic products and printing","production and transport operators, cleaners and labourers",110
2014,"petroleum, chemical and pharmaceutical products","professionals, managers, executives and technicians",110
2014,"petroleum, chemical and pharmaceutical products","clerical, sales and services workers",10
2014,"petroleum, chemical and pharmaceutical products","production and transport operators, cleaners and labourers",50
2014,"fabricated metal products, machinery and equipment","professionals, managers, executives and technicians",370
2014,"fabricated metal products, machinery and equipment","clerical, sales and services workers",30
2014,"fabricated metal products, machinery and equipment","production and transport operators, cleaners and labourers",940
2014,"electronic, computer and optical products","professionals, managers, executives and technicians",600
2014,"electronic, computer and optical products","clerical, sales and services workers",180
2014,"electronic, computer and optical products","production and transport operators, cleaners and labourers",500
2014,transport equipment,"professionals, managers, executives and technicians",120
2014,transport equipment,"clerical, sales and services workers",10
2014,transport equipment,"production and transport operators, cleaners and labourers",310
2014,other manufacturing industries,"professionals, managers, executives and technicians",120
2014,other manufacturing industries,"clerical, sales and services workers",10
2014,other manufacturing industries,"production and transport operators, cleaners and labourers",330
2014,construction,"professionals, managers, executives and technicians",130
2014,construction,"clerical, sales and services workers",70
2014,construction,"production and transport operators, cleaners and labourers",1500
2014,services,"professionals, managers, executives and technicians",5030
2014,services,"clerical, sales and services workers",1520
2014,services,"production and transport operators, cleaners and labourers",710
2014,wholesale and retail trade,"professionals, managers, executives and technicians",1170
2014,wholesale and retail trade,"clerical, sales and services workers",820
2014,wholesale and retail trade,"production and transport operators, cleaners and labourers",190
2014,wholesale trade,"professionals, managers, executives and technicians",1090
2014,wholesale trade,"clerical, sales and services workers",250
2014,wholesale trade,"production and transport operators, cleaners and labourers",150
2014,retail trade,"professionals, managers, executives and technicians",80
2014,retail trade,"clerical, sales and services workers",570
2014,retail trade,"production and transport operators, cleaners and labourers",50
2014,transportation and storage,"professionals, managers, executives and technicians",220
2014,transportation and storage,"clerical, sales and services workers",140
2014,transportation and storage,"production and transport operators, cleaners and labourers",110
2014,land transport and supporting services,"professionals, managers, executives and technicians",-
2014,land transport and supporting services,"clerical, sales and services workers",-
2014,land transport and supporting services,"production and transport operators, cleaners and labourers",-
2014,water transport and supporting services,"professionals, managers, executives and technicians",100
2014,water transport and supporting services,"clerical, sales and services workers",60
2014,water transport and supporting services,"production and transport operators, cleaners and labourers",50
2014,air transport and supporting services,"professionals, managers, executives and technicians",10
2014,air transport and supporting services,"clerical, sales and services workers",10
2014,air transport and supporting services,"production and transport operators, cleaners and labourers",-
2014,other transport and storage services,"professionals, managers, executives and technicians",110
2014,other transport and storage services,"clerical, sales and services workers",70
2014,other transport and storage services,"production and transport operators, cleaners and labourers",60
2014,accommodation and food services,"professionals, managers, executives and technicians",90
2014,accommodation and food services,"clerical, sales and services workers",220
2014,accommodation and food services,"production and transport operators, cleaners and labourers",70
2014,accommodation,"professionals, managers, executives and technicians",70
2014,accommodation,"clerical, sales and services workers",130
2014,accommodation,"production and transport operators, cleaners and labourers",40
2014,food and beverage services,"professionals, managers, executives and technicians",20
2014,food and beverage services,"clerical, sales and services workers",90
2014,food and beverage services,"production and transport operators, cleaners and labourers",30
2014,information and communications,"professionals, managers, executives and technicians",750
2014,information and communications,"clerical, sales and services workers",50
2014,information and communications,"production and transport operators, cleaners and labourers",10
2014,"telecommunications, broadcasting and publishing","professionals, managers, executives and technicians",320
2014,"telecommunications, broadcasting and publishing","clerical, sales and services workers",30
2014,"telecommunications, broadcasting and publishing","production and transport operators, cleaners and labourers",-
2014,it and other information services,"professionals, managers, executives and technicians",430
2014,it and other information services,"clerical, sales and services workers",20
2014,it and other information services,"production and transport operators, cleaners and labourers",-
2014,financial and insurance services,"professionals, managers, executives and technicians",1260
2014,financial and insurance services,"clerical, sales and services workers",80
2014,financial and insurance services,"production and transport operators, cleaners and labourers",10
2014,financial services,"professionals, managers, executives and technicians",1200
2014,financial services,"clerical, sales and services workers",70
2014,financial services,"production and transport operators, cleaners and labourers",10
2014,insurance services,"professionals, managers, executives and technicians",60
2014,insurance services,"clerical, sales and services workers",-
2014,insurance services,"production and transport operators, cleaners and labourers",-
2014,real estate services,"professionals, managers, executives and technicians",30
2014,real estate services,"clerical, sales and services workers",10
2014,real estate services,"production and transport operators, cleaners and labourers",50
2014,professional services,"professionals, managers, executives and technicians",1280
2014,professional services,"clerical, sales and services workers",80
2014,professional services,"production and transport operators, cleaners and labourers",170
2014,"legal, accounting and management services","professionals, managers, executives and technicians",930
2014,"legal, accounting and management services","clerical, sales and services workers",50
2014,"legal, accounting and management services","production and transport operators, cleaners and labourers",60
2014,architectural and engineering services,"professionals, managers, executives and technicians",230
2014,architectural and engineering services,"clerical, sales and services workers",20
2014,architectural and engineering services,"production and transport operators, cleaners and labourers",110
2014,other professional services,"professionals, managers, executives and technicians",120
2014,other professional services,"clerical, sales and services workers",20
2014,other professional services,"production and transport operators, cleaners and labourers",-
2014,administrative and support services,"professionals, managers, executives and technicians",150
2014,administrative and support services,"clerical, sales and services workers",110
2014,administrative and support services,"production and transport operators, cleaners and labourers",70
2014,security and investigation,"professionals, managers, executives and technicians",10
2014,security and investigation,"clerical, sales and services workers",100
2014,security and investigation,"production and transport operators, cleaners and labourers",-
2014,cleaning and landscaping,"professionals, managers, executives and technicians",-
2014,cleaning and landscaping,"clerical, sales and services workers",-
2014,cleaning and landscaping,"production and transport operators, cleaners and labourers",10
2014,other administrative and support services,"professionals, managers, executives and technicians",140
2014,other administrative and support services,"clerical, sales and services workers",10
2014,other administrative and support services,"production and transport operators, cleaners and labourers",60
2014,"community, social and personal services","professionals, managers, executives and technicians",80
2014,"community, social and personal services","clerical, sales and services workers",20
2014,"community, social and personal services","production and transport operators, cleaners and labourers",30
2014,public administration and education,"professionals, managers, executives and technicians",40
2014,public administration and education,"clerical, sales and services workers",-
2014,public administration and education,"production and transport operators, cleaners and labourers",-
2014,health and social services,"professionals, managers, executives and technicians",20
2014,health and social services,"clerical, sales and services workers",-
2014,health and social services,"production and transport operators, cleaners and labourers",-
2014,"arts, entertainment and recreation","professionals, managers, executives and technicians",10
2014,"arts, entertainment and recreation","clerical, sales and services workers",-
2014,"arts, entertainment and recreation","production and transport operators, cleaners and labourers",10
2014,"other community, social and personal services","professionals, managers, executives and technicians",20
2014,"other community, social and personal services","clerical, sales and services workers",10
2014,"other community, social and personal services","production and transport operators, cleaners and labourers",20
2014,others,"professionals, managers, executives and technicians",10
2014,others,"clerical, sales and services workers",-
2014,others,"production and transport operators, cleaners and labourers",-
2015,manufacturing,"professionals, managers, executives and technicians",2060
2015,manufacturing,"clerical, sales and services workers",300
2015,manufacturing,"production and transport operators, cleaners and labourers",2860
2015,"food, beverages and tobacco","professionals, managers, executives and technicians",10
2015,"food, beverages and tobacco","clerical, sales and services workers",40
2015,"food, beverages and tobacco","production and transport operators, cleaners and labourers",30
2015,"paper,rubber,plastic products and printing","professionals, managers, executives and technicians",50
2015,"paper,rubber,plastic products and printing","clerical, sales and services workers",30
2015,"paper,rubber,plastic products and printing","production and transport operators, cleaners and labourers",500
2015,"petroleum, chemical and pharmaceutical products","professionals, managers, executives and technicians",230
2015,"petroleum, chemical and pharmaceutical products","clerical, sales and services workers",20
2015,"petroleum, chemical and pharmaceutical products","production and transport operators, cleaners and labourers",70
2015,"fabricated metal products, machinery and equipment","professionals, managers, executives and technicians",670
2015,"fabricated metal products, machinery and equipment","clerical, sales and services workers",130
2015,"fabricated metal products, machinery and equipment","production and transport operators, cleaners and labourers",990
2015,"electronic, computer and optical products","professionals, managers, executives and technicians",820
2015,"electronic, computer and optical products","clerical, sales and services workers",50
2015,"electronic, computer and optical products","production and transport operators, cleaners and labourers",760
2015,transport equipment,"professionals, managers, executives and technicians",140
2015,transport equipment,"clerical, sales and services workers",10
2015,transport equipment,"production and transport operators, cleaners and labourers",420
2015,other manufacturing industries,"professionals, managers, executives and technicians",140
2015,other manufacturing industries,"clerical, sales and services workers",30
2015,other manufacturing industries,"production and transport operators, cleaners and labourers",90
2015,construction,"professionals, managers, executives and technicians",190
2015,construction,"clerical, sales and services workers",80
2015,construction,"production and transport operators, cleaners and labourers",1510
2015,services,"professionals, managers, executives and technicians",6250
2015,services,"clerical, sales and services workers",1160
2015,services,"production and transport operators, cleaners and labourers",1090
2015,wholesale and retail trade,"professionals, managers, executives and technicians",1610
2015,wholesale and retail trade,"clerical, sales and services workers",320
2015,wholesale and retail trade,"production and transport operators, cleaners and labourers",250
2015,wholesale trade,"professionals, managers, executives and technicians",1600
2015,wholesale trade,"clerical, sales and services workers",320
2015,wholesale trade,"production and transport operators, cleaners and labourers",240
2015,retail trade,"professionals, managers, executives and technicians",10
2015,retail trade,"clerical, sales and services workers",-
2015,retail trade,"production and transport operators, cleaners and labourers",10
2015,transportation and storage,"professionals, managers, executives and technicians",240
2015,transportation and storage,"clerical, sales and services workers",190
2015,transportation and storage,"production and transport operators, cleaners and labourers",270
2015,land transport and supporting services,"professionals, managers, executives and technicians",-
2015,land transport and supporting services,"clerical, sales and services workers",10
2015,land transport and supporting services,"production and transport operators, cleaners and labourers",50
2015,water transport and supporting services,"professionals, managers, executives and technicians",110
2015,water transport and supporting services,"clerical, sales and services workers",60
2015,water transport and supporting services,"production and transport operators, cleaners and labourers",100
2015,air transport and supporting services,"professionals, managers, executives and technicians",40
2015,air transport and supporting services,"clerical, sales and services workers",60
2015,air transport and supporting services,"production and transport operators, cleaners and labourers",-
2015,other transport and storage services,"professionals, managers, executives and technicians",80
2015,other transport and storage services,"clerical, sales and services workers",50
2015,other transport and storage services,"production and transport operators, cleaners and labourers",120
2015,accommodation and food services,"professionals, managers, executives and technicians",30
2015,accommodation and food services,"clerical, sales and services workers",130
2015,accommodation and food services,"production and transport operators, cleaners and labourers",50
2015,accommodation,"professionals, managers, executives and technicians",-
2015,accommodation,"clerical, sales and services workers",10
2015,accommodation,"production and transport operators, cleaners and labourers",-
2015,food and beverage services,"professionals, managers, executives and technicians",30
2015,food and beverage services,"clerical, sales and services workers",120
2015,food and beverage services,"production and transport operators, cleaners and labourers",50
2015,information and communications,"professionals, managers, executives and technicians",670
2015,information and communications,"clerical, sales and services workers",50
2015,information and communications,"production and transport operators, cleaners and labourers",-
2015,"telecommunications, broadcasting and publishing","professionals, managers, executives and technicians",260
2015,"telecommunications, broadcasting and publishing","clerical, sales and services workers",20
2015,"telecommunications, broadcasting and publishing","production and transport operators, cleaners and labourers",-
2015,it and other information services,"professionals, managers, executives and technicians",420
2015,it and other information services,"clerical, sales and services workers",30
2015,it and other information services,"production and transport operators, cleaners and labourers",-
2015,financial and insurance services,"professionals, managers, executives and technicians",1610
2015,financial and insurance services,"clerical, sales and services workers",90
2015,financial and insurance services,"production and transport operators, cleaners and labourers",70
2015,financial services,"professionals, managers, executives and technicians",1560
2015,financial services,"clerical, sales and services workers",80
2015,financial services,"production and transport operators, cleaners and labourers",70
2015,insurance services,"professionals, managers, executives and technicians",40
2015,insurance services,"clerical, sales and services workers",10
2015,insurance services,"production and transport operators, cleaners and labourers",-
2015,real estate services,"professionals, managers, executives and technicians",20
2015,real estate services,"clerical, sales and services workers",20
2015,real estate services,"production and transport operators, cleaners and labourers",-
2015,professional services,"professionals, managers, executives and technicians",1830
2015,professional services,"clerical, sales and services workers",180
2015,professional services,"production and transport operators, cleaners and labourers",280
2015,"legal, accounting and management services","professionals, managers, executives and technicians",1020
2015,"legal, accounting and management services","clerical, sales and services workers",80
2015,"legal, accounting and management services","production and transport operators, cleaners and labourers",80
2015,architectural and engineering services,"professionals, managers, executives and technicians",660
2015,architectural and engineering services,"clerical, sales and services workers",90
2015,architectural and engineering services,"production and transport operators, cleaners and labourers",200
2015,other professional services,"professionals, managers, executives and technicians",160
2015,other professional services,"clerical, sales and services workers",10
2015,other professional services,"production and transport operators, cleaners and labourers",10
2015,administrative and support services,"professionals, managers, executives and technicians",120
2015,administrative and support services,"clerical, sales and services workers",120
2015,administrative and support services,"production and transport operators, cleaners and labourers",140
2015,security and investigation,"professionals, managers, executives and technicians",-
2015,security and investigation,"clerical, sales and services workers",60
2015,security and investigation,"production and transport operators, cleaners and labourers",-
2015,cleaning and landscaping,"professionals, managers, executives and technicians",-
2015,cleaning and landscaping,"clerical, sales and services workers",10
2015,cleaning and landscaping,"production and transport operators, cleaners and labourers",40
2015,other administrative and support services,"professionals, managers, executives and technicians",110
2015,other administrative and support services,"clerical, sales and services workers",50
2015,other administrative and support services,"production and transport operators, cleaners and labourers",100
2015,"community, social and personal services","professionals, managers, executives and technicians",130
2015,"community, social and personal services","clerical, sales and services workers",70
2015,"community, social and personal services","production and transport operators, cleaners and labourers",40
2015,public administration and education,"professionals, managers, executives and technicians",30
2015,public administration and education,"clerical, sales and services workers",10
2015,public administration and education,"production and transport operators, cleaners and labourers",-
2015,health and social services,"professionals, managers, executives and technicians",70
2015,health and social services,"clerical, sales and services workers",20
2015,health and social services,"production and transport operators, cleaners and labourers",-
2015,"arts, entertainment and recreation","professionals, managers, executives and technicians",10
2015,"arts, entertainment and recreation","clerical, sales and services workers",-
2015,"arts, entertainment and recreation","production and transport operators, cleaners and labourers",-
2015,"other community, social and personal services","professionals, managers, executives and technicians",20
2015,"other community, social and personal services","clerical, sales and services workers",30
2015,"other community, social and personal services","production and transport operators, cleaners and labourers",40
2015,others,"professionals, managers, executives and technicians",60
2015,others,"clerical, sales and services workers",10
2015,others,"production and transport operators, cleaners and labourers",10
2016,manufacturing,"professionals, managers, executives and technicians",2800
2016,manufacturing,"clerical, sales and services workers",370
2016,manufacturing,"production and transport operators, cleaners and labourers",3120
2016,"food, beverages and tobacco","professionals, managers, executives and technicians",110
2016,"food, beverages and tobacco","clerical, sales and services workers",20
2016,"food, beverages and tobacco","production and transport operators, cleaners and labourers",200
2016,"paper,rubber,plastic products and printing","professionals, managers, executives and technicians",80
2016,"paper,rubber,plastic products and printing","clerical, sales and services workers",30
2016,"paper,rubber,plastic products and printing","production and transport operators, cleaners and labourers",300
2016,"petroleum, chemical and pharmaceutical products","professionals, managers, executives and technicians",240
2016,"petroleum, chemical and pharmaceutical products","clerical, sales and services workers",10
2016,"petroleum, chemical and pharmaceutical products","production and transport operators, cleaners and labourers",110
2016,"fabricated metal products, machinery and equipment","professionals, managers, executives and technicians",1070
2016,"fabricated metal products, machinery and equipment","clerical, sales and services workers",170
2016,"fabricated metal products, machinery and equipment","production and transport operators, cleaners and labourers",1160
2016,"electronic, computer and optical products","professionals, managers, executives and technicians",1080
2016,"electronic, computer and optical products","clerical, sales and services workers",90
2016,"electronic, computer and optical products","production and transport operators, cleaners and labourers",510
2016,transport equipment,"professionals, managers, executives and technicians",120
2016,transport equipment,"clerical, sales and services workers",30
2016,transport equipment,"production and transport operators, cleaners and labourers",570
2016,other manufacturing industries,"professionals, managers, executives and technicians",90
2016,other manufacturing industries,"clerical, sales and services workers",20
2016,other manufacturing industries,"production and transport operators, cleaners and labourers",270
2016,construction,"professionals, managers, executives and technicians",230
2016,construction,"clerical, sales and services workers",80
2016,construction,"production and transport operators, cleaners and labourers",1610
2016,services,"professionals, managers, executives and technicians",7810
2016,services,"clerical, sales and services workers",1650
2016,services,"production and transport operators, cleaners and labourers",1420
2016,wholesale and retail trade,"professionals, managers, executives and technicians",1620
2016,wholesale and retail trade,"clerical, sales and services workers",310
2016,wholesale and retail trade,"production and transport operators, cleaners and labourers",450
2016,wholesale trade,"professionals, managers, executives and technicians",1540
2016,wholesale trade,"clerical, sales and services workers",270
2016,wholesale trade,"production and transport operators, cleaners and labourers",380
2016,retail trade,"professionals, managers, executives and technicians",70
2016,retail trade,"clerical, sales and services workers",40
2016,retail trade,"production and transport operators, cleaners and labourers",60
2016,transportation and storage,"professionals, managers, executives and technicians",430
2016,transportation and storage,"clerical, sales and services workers",180
2016,transportation and storage,"production and transport operators, cleaners and labourers",260
2016,land transport and supporting services,"professionals, managers, executives and technicians",-
2016,land transport and supporting services,"clerical, sales and services workers",-
2016,land transport and supporting services,"production and transport operators, cleaners and labourers",-
2016,water transport and supporting services,"professionals, managers, executives and technicians",320
2016,water transport and supporting services,"clerical, sales and services workers",40
2016,water transport and supporting services,"production and transport operators, cleaners and labourers",120
2016,air transport and supporting services,"professionals, managers, executives and technicians",-
2016,air transport and supporting services,"clerical, sales and services workers",100
2016,air transport and supporting services,"production and transport operators, cleaners and labourers",50
2016,other transport and storage services,"professionals, managers, executives and technicians",100
2016,other transport and storage services,"clerical, sales and services workers",30
2016,other transport and storage services,"production and transport operators, cleaners and labourers",90
2016,accommodation and food services,"professionals, managers, executives and technicians",70
2016,accommodation and food services,"clerical, sales and services workers",190
2016,accommodation and food services,"production and transport operators, cleaners and labourers",80
2016,accommodation,"professionals, managers, executives and technicians",10
2016,accommodation,"clerical, sales and services workers",30
2016,accommodation,"production and transport operators, cleaners and labourers",30
2016,food and beverage services,"professionals, managers, executives and technicians",60
2016,food and beverage services,"clerical, sales and services workers",160
2016,food and beverage services,"production and transport operators, cleaners and labourers",50
2016,information and communications,"professionals, managers, executives and technicians",920
2016,information and communications,"clerical, sales and services workers",50
2016,information and communications,"production and transport operators, cleaners and labourers",10
2016,"telecommunications, broadcasting and publishing","professionals, managers, executives and technicians",550
2016,"telecommunications, broadcasting and publishing","clerical, sales and services workers",20
2016,"telecommunications, broadcasting and publishing","production and transport operators, cleaners and labourers",-
2016,it and other information services,"professionals, managers, executives and technicians",370
2016,it and other information services,"clerical, sales and services workers",30
2016,it and other information services,"production and transport operators, cleaners and labourers",10
2016,financial and insurance services,"professionals, managers, executives and technicians",2090
2016,financial and insurance services,"clerical, sales and services workers",210
2016,financial and insurance services,"production and transport operators, cleaners and labourers",-
2016,financial services,"professionals, managers, executives and technicians",2010
2016,financial services,"clerical, sales and services workers",200
2016,financial services,"production and transport operators, cleaners and labourers",-
2016,insurance services,"professionals, managers, executives and technicians",80
2016,insurance services,"clerical, sales and services workers",10
2016,insurance services,"production and transport operators, cleaners and labourers",-
2016,real estate services,"professionals, managers, executives and technicians",60
2016,real estate services,"clerical, sales and services workers",20
2016,real estate services,"production and transport operators, cleaners and labourers",-
2016,professional services,"professionals, managers, executives and technicians",2330
2016,professional services,"clerical, sales and services workers",160
2016,professional services,"production and transport operators, cleaners and labourers",250
2016,"legal, accounting and management services","professionals, managers, executives and technicians",1200
2016,"legal, accounting and management services","clerical, sales and services workers",70
2016,"legal, accounting and management services","production and transport operators, cleaners and labourers",140
2016,architectural and engineering services,"professionals, managers, executives and technicians",900
2016,architectural and engineering services,"clerical, sales and services workers",80
2016,architectural and engineering services,"production and transport operators, cleaners and labourers",70
2016,other professional services,"professionals, managers, executives and technicians",230
2016,other professional services,"clerical, sales and services workers",10
2016,other professional services,"production and transport operators, cleaners and labourers",40
2016,administrative and support services,"professionals, managers, executives and technicians",120
2016,administrative and support services,"clerical, sales and services workers",60
2016,administrative and support services,"production and transport operators, cleaners and labourers",160
2016,security and investigation,"professionals, managers, executives and technicians",-
2016,security and investigation,"clerical, sales and services workers",20
2016,security and investigation,"production and transport operators, cleaners and labourers",-
2016,cleaning and landscaping,"professionals, managers, executives and technicians",-
2016,cleaning and landscaping,"clerical, sales and services workers",-
2016,cleaning and landscaping,"production and transport operators, cleaners and labourers",60
2016,other administrative and support services,"professionals, managers, executives and technicians",120
2016,other administrative and support services,"clerical, sales and services workers",40
2016,other administrative and support services,"production and transport operators, cleaners and labourers",100
2016,"community, social and personal services","professionals, managers, executives and technicians",170
2016,"community, social and personal services","clerical, sales and services workers",470
2016,"community, social and personal services","production and transport operators, cleaners and labourers",210
2016,public administration and education,"professionals, managers, executives and technicians",40
2016,public administration and education,"clerical, sales and services workers",-
2016,public administration and education,"production and transport operators, cleaners and labourers",10
2016,health and social services,"professionals, managers, executives and technicians",20
2016,health and social services,"clerical, sales and services workers",20
2016,health and social services,"production and transport operators, cleaners and labourers",-
2016,"arts, entertainment and recreation","professionals, managers, executives and technicians",100
2016,"arts, entertainment and recreation","clerical, sales and services workers",390
2016,"arts, entertainment and recreation","production and transport operators, cleaners and labourers",10
2016,"other community, social and personal services","professionals, managers, executives and technicians",10
2016,"other community, social and personal services","clerical, sales and services workers",50
2016,"other community, social and personal services","production and transport operators, cleaners and labourers",190
2016,others,"professionals, managers, executives and technicians",50
2016,others,"clerical, sales and services workers",10
2016,others,"production and transport operators, cleaners and labourers",40
2017,manufacturing,"professionals, managers, executives and technicians",1710
2017,manufacturing,"clerical, sales and services workers",240
2017,manufacturing,"production and transport operators, cleaners and labourers",1840
2017,"food, beverages and tobacco","professionals, managers, executives and technicians",90
2017,"food, beverages and tobacco","clerical, sales and services workers",10
2017,"food, beverages and tobacco","production and transport operators, cleaners and labourers",100
2017,"paper,rubber,plastic products and printing","professionals, managers, executives and technicians",180
2017,"paper,rubber,plastic products and printing","clerical, sales and services workers",50
2017,"paper,rubber,plastic products and printing","production and transport operators, cleaners and labourers",250
2017,"petroleum, chemical and pharmaceutical products","professionals, managers, executives and technicians",170
2017,"petroleum, chemical and pharmaceutical products","clerical, sales and services workers",20
2017,"petroleum, chemical and pharmaceutical products","production and transport operators, cleaners and labourers",120
2017,"fabricated metal products, machinery and equipment","professionals, managers, executives and technicians",440
2017,"fabricated metal products, machinery and equipment","clerical, sales and services workers",110
2017,"fabricated metal products, machinery and equipment","production and transport operators, cleaners and labourers",390
2017,"electronic, computer and optical products","professionals, managers, executives and technicians",620
2017,"electronic, computer and optical products","clerical, sales and services workers",10
2017,"electronic, computer and optical products","production and transport operators, cleaners and labourers",300
2017,transport equipment,"professionals, managers, executives and technicians",170
2017,transport equipment,"clerical, sales and services workers",40
2017,transport equipment,"production and transport operators, cleaners and labourers",610
2017,other manufacturing industries,"professionals, managers, executives and technicians",60
2017,other manufacturing industries,"clerical, sales and services workers",10
2017,other manufacturing industries,"production and transport operators, cleaners and labourers",80
2017,construction,"professionals, managers, executives and technicians",420
2017,construction,"clerical, sales and services workers",90
2017,construction,"production and transport operators, cleaners and labourers",1510
2017,services,"professionals, managers, executives and technicians",6550
2017,services,"clerical, sales and services workers",1220
2017,services,"production and transport operators, cleaners and labourers",1130
2017,wholesale and retail trade,"professionals, managers, executives and technicians",1590
2017,wholesale and retail trade,"clerical, sales and services workers",350
2017,wholesale and retail trade,"production and transport operators, cleaners and labourers",240
2017,wholesale trade,"professionals, managers, executives and technicians",1470
2017,wholesale trade,"clerical, sales and services workers",250
2017,wholesale trade,"production and transport operators, cleaners and labourers",200
2017,retail trade,"professionals, managers, executives and technicians",110
2017,retail trade,"clerical, sales and services workers",100
2017,retail trade,"production and transport operators, cleaners and labourers",50
2017,transportation and storage,"professionals, managers, executives and technicians",340
2017,transportation and storage,"clerical, sales and services workers",130
2017,transportation and storage,"production and transport operators, cleaners and labourers",420
2017,land transport and supporting services,"professionals, managers, executives and technicians",10
2017,land transport and supporting services,"clerical, sales and services workers",-
2017,land transport and supporting services,"production and transport operators, cleaners and labourers",150
2017,water transport and supporting services,"professionals, managers, executives and technicians",200
2017,water transport and supporting services,"clerical, sales and services workers",40
2017,water transport and supporting services,"production and transport operators, cleaners and labourers",70
2017,air transport and supporting services,"professionals, managers, executives and technicians",-
2017,air transport and supporting services,"clerical, sales and services workers",10
2017,air transport and supporting services,"production and transport operators, cleaners and labourers",-
2017,other transport and storage services,"professionals, managers, executives and technicians",140
2017,other transport and storage services,"clerical, sales and services workers",80
2017,other transport and storage services,"production and transport operators, cleaners and labourers",200
2017,accommodation and food services,"professionals, managers, executives and technicians",150
2017,accommodation and food services,"clerical, sales and services workers",200
2017,accommodation and food services,"production and transport operators, cleaners and labourers",120
2017,accommodation,"professionals, managers, executives and technicians",60
2017,accommodation,"clerical, sales and services workers",40
2017,accommodation,"production and transport operators, cleaners and labourers",30
2017,food and beverage services,"professionals, managers, executives and technicians",90
2017,food and beverage services,"clerical, sales and services workers",160
2017,food and beverage services,"production and transport operators, cleaners and labourers",100
2017,information and communications,"professionals, managers, executives and technicians",830
2017,information and communications,"clerical, sales and services workers",110
2017,information and communications,"production and transport operators, cleaners and labourers",10
2017,"telecommunications, broadcasting and publishing","professionals, managers, executives and technicians",410
2017,"telecommunications, broadcasting and publishing","clerical, sales and services workers",80
2017,"telecommunications, broadcasting and publishing","production and transport operators, cleaners and labourers",10
2017,it and other information services,"professionals, managers, executives and technicians",420
2017,it and other information services,"clerical, sales and services workers",30
2017,it and other information services,"production and transport operators, cleaners and labourers",-
2017,financial and insurance services,"professionals, managers, executives and technicians",1710
2017,financial and insurance services,"clerical, sales and services workers",70
2017,financial and insurance services,"production and transport operators, cleaners and labourers",-
2017,financial services,"professionals, managers, executives and technicians",1660
2017,financial services,"clerical, sales and services workers",60
2017,financial services,"production and transport operators, cleaners and labourers",-
2017,insurance services,"professionals, managers, executives and technicians",50
2017,insurance services,"clerical, sales and services workers",10
2017,insurance services,"production and transport operators, cleaners and labourers",-
2017,real estate services,"professionals, managers, executives and technicians",50
2017,real estate services,"clerical, sales and services workers",20
2017,real estate services,"production and transport operators, cleaners and labourers",10
2017,professional services,"professionals, managers, executives and technicians",1540
2017,professional services,"clerical, sales and services workers",70
2017,professional services,"production and transport operators, cleaners and labourers",90
2017,"legal, accounting and management services","professionals, managers, executives and technicians",820
2017,"legal, accounting and management services","clerical, sales and services workers",30
2017,"legal, accounting and management services","production and transport operators, cleaners and labourers",-
2017,architectural and engineering services,"professionals, managers, executives and technicians",460
2017,architectural and engineering services,"clerical, sales and services workers",30
2017,architectural and engineering services,"production and transport operators, cleaners and labourers",70
2017,other professional services,"professionals, managers, executives and technicians",260
2017,other professional services,"clerical, sales and services workers",10
2017,other professional services,"production and transport operators, cleaners and labourers",10
2017,administrative and support services,"professionals, managers, executives and technicians",150
2017,administrative and support services,"clerical, sales and services workers",130
2017,administrative and support services,"production and transport operators, cleaners and labourers",130
2017,security and investigation,"professionals, managers, executives and technicians",-
2017,security and investigation,"clerical, sales and services workers",120
2017,security and investigation,"production and transport operators, cleaners and labourers",-
2017,cleaning and landscaping,"professionals, managers, executives and technicians",-
2017,cleaning and landscaping,"clerical, sales and services workers",-
2017,cleaning and landscaping,"production and transport operators, cleaners and labourers",70
2017,other administrative and support services,"professionals, managers, executives and technicians",150
2017,other administrative and support services,"clerical, sales and services workers",20
2017,other administrative and support services,"production and transport operators, cleaners and labourers",60
2017,"community, social and personal services","professionals, managers, executives and technicians",210
2017,"community, social and personal services","clerical, sales and services workers",140
2017,"community, social and personal services","production and transport operators, cleaners and labourers",110
2017,public administration and education,"professionals, managers, executives and technicians",30
2017,public administration and education,"clerical, sales and services workers",10
2017,public administration and education,"production and transport operators, cleaners and labourers",-
2017,health and social services,"professionals, managers, executives and technicians",30
2017,health and social services,"clerical, sales and services workers",20
2017,health and social services,"production and transport operators, cleaners and labourers",-
2017,"arts, entertainment and recreation","professionals, managers, executives and technicians",90
2017,"arts, entertainment and recreation","clerical, sales and services workers",100
2017,"arts, entertainment and recreation","production and transport operators, cleaners and labourers",60
2017,"other community, social and personal services","professionals, managers, executives and technicians",60
2017,"other community, social and personal services","clerical, sales and services workers",20
2017,"other community, social and personal services","production and transport operators, cleaners and labourers",50
2017,others,"professionals, managers, executives and technicians",10
2017,others,"clerical, sales and services workers",-
2017,others,"production and transport operators, cleaners and labourers",-
2018,manufacturing,"professionals, managers, executives and technicians",1460
2018,manufacturing,"clerical, sales and services workers",160
2018,manufacturing,"production and transport operators, cleaners and labourers",950
2018,"food, beverages and tobacco","professionals, managers, executives and technicians",70
2018,"food, beverages and tobacco","clerical, sales and services workers",10
2018,"food, beverages and tobacco","production and transport operators, cleaners and labourers",110
2018,"paper,rubber,plastic products and printing","professionals, managers, executives and technicians",30
2018,"paper,rubber,plastic products and printing","clerical, sales and services workers",20
2018,"paper,rubber,plastic products and printing","production and transport operators, cleaners and labourers",110
2018,"petroleum, chemical and pharmaceutical products","professionals, managers, executives and technicians",130
2018,"petroleum, chemical and pharmaceutical products","clerical, sales and services workers",10
2018,"petroleum, chemical and pharmaceutical products","production and transport operators, cleaners and labourers",30
2018,"fabricated metal products, machinery and equipment","professionals, managers, executives and technicians",480
2018,"fabricated metal products, machinery and equipment","clerical, sales and services workers",60
2018,"fabricated metal products, machinery and equipment","production and transport operators, cleaners and labourers",330
2018,"electronic, computer and optical products","professionals, managers, executives and technicians",500
2018,"electronic, computer and optical products","clerical, sales and services workers",20
2018,"electronic, computer and optical products","production and transport operators, cleaners and labourers",150
2018,transport equipment,"professionals, managers, executives and technicians",130
2018,transport equipment,"clerical, sales and services workers",20
2018,transport equipment,"production and transport operators, cleaners and labourers",160
2018,other manufacturing industries,"professionals, managers, executives and technicians",110
2018,other manufacturing industries,"clerical, sales and services workers",20
2018,other manufacturing industries,"production and transport operators, cleaners and labourers",60
2018,construction,"professionals, managers, executives and technicians",260
2018,construction,"clerical, sales and services workers",60
2018,construction,"production and transport operators, cleaners and labourers",880
2018,services,"professionals, managers, executives and technicians",5260
2018,services,"clerical, sales and services workers",1020
2018,services,"production and transport operators, cleaners and labourers",680
2018,wholesale and retail trade,"professionals, managers, executives and technicians",1310
2018,wholesale and retail trade,"clerical, sales and services workers",310
2018,wholesale and retail trade,"production and transport operators, cleaners and labourers",160
2018,wholesale trade,"professionals, managers, executives and technicians",1230
2018,wholesale trade,"clerical, sales and services workers",220
2018,wholesale trade,"production and transport operators, cleaners and labourers",130
2018,retail trade,"professionals, managers, executives and technicians",80
2018,retail trade,"clerical, sales and services workers",100
2018,retail trade,"production and transport operators, cleaners and labourers",30
2018,transportation and storage,"professionals, managers, executives and technicians",440
2018,transportation and storage,"clerical, sales and services workers",110
2018,transportation and storage,"production and transport operators, cleaners and labourers",150
2018,land transport and supporting services,"professionals, managers, executives and technicians",170
2018,land transport and supporting services,"clerical, sales and services workers",10
2018,land transport and supporting services,"production and transport operators, cleaners and labourers",20
2018,water transport and supporting services,"professionals, managers, executives and technicians",150
2018,water transport and supporting services,"clerical, sales and services workers",30
2018,water transport and supporting services,"production and transport operators, cleaners and labourers",-
2018,air transport and supporting services,"professionals, managers, executives and technicians",10
2018,air transport and supporting services,"clerical, sales and services workers",10
2018,air transport and supporting services,"production and transport operators, cleaners and labourers",-
2018,other transport and storage services,"professionals, managers, executives and technicians",110
2018,other transport and storage services,"clerical, sales and services workers",60
2018,other transport and storage services,"production and transport operators, cleaners and labourers",120
2018,accommodation and food services,"professionals, managers, executives and technicians",60
2018,accommodation and food services,"clerical, sales and services workers",130
2018,accommodation and food services,"production and transport operators, cleaners and labourers",170
2018,accommodation,"professionals, managers, executives and technicians",-
2018,accommodation,"clerical, sales and services workers",-
2018,accommodation,"production and transport operators, cleaners and labourers",10
2018,food and beverage services,"professionals, managers, executives and technicians",60
2018,food and beverage services,"clerical, sales and services workers",120
2018,food and beverage services,"production and transport operators, cleaners and labourers",160
2018,information and communications,"professionals, managers, executives and technicians",960
2018,information and communications,"clerical, sales and services workers",140
2018,information and communications,"production and transport operators, cleaners and labourers",20
2018,"telecommunications, broadcasting and publishing","professionals, managers, executives and technicians",550
2018,"telecommunications, broadcasting and publishing","clerical, sales and services workers",100
2018,"telecommunications, broadcasting and publishing","production and transport operators, cleaners and labourers",-
2018,it and other information services,"professionals, managers, executives and technicians",420
2018,it and other information services,"clerical, sales and services workers",30
2018,it and other information services,"production and transport operators, cleaners and labourers",20
2018,financial and insurance services,"professionals, managers, executives and technicians",1260
2018,financial and insurance services,"clerical, sales and services workers",70
2018,financial and insurance services,"production and transport operators, cleaners and labourers",-
2018,financial services,"professionals, managers, executives and technicians",1200
2018,financial services,"clerical, sales and services workers",40
2018,financial services,"production and transport operators, cleaners and labourers",-
2018,insurance services,"professionals, managers, executives and technicians",60
2018,insurance services,"clerical, sales and services workers",20
2018,insurance services,"production and transport operators, cleaners and labourers",-
2018,real estate services,"professionals, managers, executives and technicians",50
2018,real estate services,"clerical, sales and services workers",40
2018,real estate services,"production and transport operators, cleaners and labourers",10
2018,professional services,"professionals, managers, executives and technicians",950
2018,professional services,"clerical, sales and services workers",70
2018,professional services,"production and transport operators, cleaners and labourers",90
2018,"legal, accounting and management services","professionals, managers, executives and technicians",570
2018,"legal, accounting and management services","clerical, sales and services workers",30
2018,"legal, accounting and management services","production and transport operators, cleaners and labourers",-
2018,architectural and engineering services,"professionals, managers, executives and technicians",210
2018,architectural and engineering services,"clerical, sales and services workers",30
2018,architectural and engineering services,"production and transport operators, cleaners and labourers",80
2018,other professional services,"professionals, managers, executives and technicians",170
2018,other professional services,"clerical, sales and services workers",10
2018,other professional services,"production and transport operators, cleaners and labourers",10
2018,administrative and support services,"professionals, managers, executives and technicians",120
2018,administrative and support services,"clerical, sales and services workers",50
2018,administrative and support services,"production and transport operators, cleaners and labourers",40
2018,security and investigation,"professionals, managers, executives and technicians",-
2018,security and investigation,"clerical, sales and services workers",-
2018,security and investigation,"production and transport operators, cleaners and labourers",10
2018,cleaning and landscaping,"professionals, managers, executives and technicians",20
2018,cleaning and landscaping,"clerical, sales and services workers",10
2018,cleaning and landscaping,"production and transport operators, cleaners and labourers",10
2018,other administrative and support services,"professionals, managers, executives and technicians",100
2018,other administrative and support services,"clerical, sales and services workers",40
2018,other administrative and support services,"production and transport operators, cleaners and labourers",20
2018,"community, social and personal services","professionals, managers, executives and technicians",110
2018,"community, social and personal services","clerical, sales and services workers",120
2018,"community, social and personal services","production and transport operators, cleaners and labourers",60
2018,public administration and education,"professionals, managers, executives and technicians",30
2018,public administration and education,"clerical, sales and services workers",60
2018,public administration and education,"production and transport operators, cleaners and labourers",-
2018,health and social services,"professionals, managers, executives and technicians",20
2018,health and social services,"clerical, sales and services workers",-
2018,health and social services,"production and transport operators, cleaners and labourers",-
2018,"arts, entertainment and recreation","professionals, managers, executives and technicians",30
2018,"arts, entertainment and recreation","clerical, sales and services workers",50
2018,"arts, entertainment and recreation","production and transport operators, cleaners and labourers",50
2018,"other community, social and personal services","professionals, managers, executives and technicians",30
2018,"other community, social and personal services","clerical, sales and services workers",10
2018,"other community, social and personal services","production and transport operators, cleaners and labourers",10
2018,others,"professionals, managers, executives and technicians",-
2018,others,"clerical, sales and services workers",-
2018,others,"production and transport operators, cleaners and labourers",-
2019,manufacturing,"professionals, managers, executives and technicians",1230
2019,manufacturing,"clerical, sales and services workers",210
2019,manufacturing,"production and transport operators, cleaners and labourers",1350
2019,"food, beverages and tobacco","professionals, managers, executives and technicians",30
2019,"food, beverages and tobacco","clerical, sales and services workers",60
2019,"food, beverages and tobacco","production and transport operators, cleaners and labourers",20
2019,"paper,rubber,plastic products and printing","professionals, managers, executives and technicians",60
2019,"paper,rubber,plastic products and printing","clerical, sales and services workers",20
2019,"paper,rubber,plastic products and printing","production and transport operators, cleaners and labourers",90
2019,"petroleum, chemical and pharmaceutical products","professionals, managers, executives and technicians",130
2019,"petroleum, chemical and pharmaceutical products","clerical, sales and services workers",20
2019,"petroleum, chemical and pharmaceutical products","production and transport operators, cleaners and labourers",50
2019,"fabricated metal products, machinery and equipment","professionals, managers, executives and technicians",320
2019,"fabricated metal products, machinery and equipment","clerical, sales and services workers",60
2019,"fabricated metal products, machinery and equipment","production and transport operators, cleaners and labourers",310
2019,"electronic, computer and optical products","professionals, managers, executives and technicians",470
2019,"electronic, computer and optical products","clerical, sales and services workers",20
2019,"electronic, computer and optical products","production and transport operators, cleaners and labourers",670
2019,transport equipment,"professionals, managers, executives and technicians",60
2019,transport equipment,"clerical, sales and services workers",10
2019,transport equipment,"production and transport operators, cleaners and labourers",50
2019,other manufacturing industries,"professionals, managers, executives and technicians",160
2019,other manufacturing industries,"clerical, sales and services workers",40
2019,other manufacturing industries,"production and transport operators, cleaners and labourers",160
2019,construction,"professionals, managers, executives and technicians",180
2019,construction,"clerical, sales and services workers",60
2019,construction,"production and transport operators, cleaners and labourers",620
2019,services,"professionals, managers, executives and technicians",5070
2019,services,"clerical, sales and services workers",1140
2019,services,"production and transport operators, cleaners and labourers",790
2019,wholesale and retail trade,"professionals, managers, executives and technicians",1460
2019,wholesale and retail trade,"clerical, sales and services workers",480
2019,wholesale and retail trade,"production and transport operators, cleaners and labourers",150
2019,wholesale trade,"professionals, managers, executives and technicians",1360
2019,wholesale trade,"clerical, sales and services workers",360
2019,wholesale trade,"production and transport operators, cleaners and labourers",140
2019,retail trade,"professionals, managers, executives and technicians",100
2019,retail trade,"clerical, sales and services workers",120
2019,retail trade,"production and transport operators, cleaners and labourers",20
2019,transportation and storage,"professionals, managers, executives and technicians",270
2019,transportation and storage,"clerical, sales and services workers",180
2019,transportation and storage,"production and transport operators, cleaners and labourers",310
2019,land transport and supporting services,"professionals, managers, executives and technicians",20
2019,land transport and supporting services,"clerical, sales and services workers",10
2019,land transport and supporting services,"production and transport operators, cleaners and labourers",20
2019,water transport and supporting services,"professionals, managers, executives and technicians",60
2019,water transport and supporting services,"clerical, sales and services workers",20
2019,water transport and supporting services,"production and transport operators, cleaners and labourers",-
2019,air transport and supporting services,"professionals, managers, executives and technicians",20
2019,air transport and supporting services,"clerical, sales and services workers",30
2019,air transport and supporting services,"production and transport operators, cleaners and labourers",-
2019,other transport and storage services,"professionals, managers, executives and technicians",170
2019,other transport and storage services,"clerical, sales and services workers",120
2019,other transport and storage services,"production and transport operators, cleaners and labourers",290
2019,accommodation and food services,"professionals, managers, executives and technicians",30
2019,accommodation and food services,"clerical, sales and services workers",70
2019,accommodation and food services,"production and transport operators, cleaners and labourers",70
2019,accommodation,"professionals, managers, executives and technicians",10
2019,accommodation,"clerical, sales and services workers",10
2019,accommodation,"production and transport operators, cleaners and labourers",-
2019,food and beverage services,"professionals, managers, executives and technicians",30
2019,food and beverage services,"clerical, sales and services workers",60
2019,food and beverage services,"production and transport operators, cleaners and labourers",70
2019,information and communications,"professionals, managers, executives and technicians",660
2019,information and communications,"clerical, sales and services workers",40
2019,information and communications,"production and transport operators, cleaners and labourers",10
2019,"telecommunications, broadcasting and publishing","professionals, managers, executives and technicians",280
2019,"telecommunications, broadcasting and publishing","clerical, sales and services workers",20
2019,"telecommunications, broadcasting and publishing","production and transport operators, cleaners and labourers",10
2019,it and other information services,"professionals, managers, executives and technicians",380
2019,it and other information services,"clerical, sales and services workers",20
2019,it and other information services,"production and transport operators, cleaners and labourers",10
2019,financial and insurance services,"professionals, managers, executives and technicians",1210
2019,financial and insurance services,"clerical, sales and services workers",50
2019,financial and insurance services,"production and transport operators, cleaners and labourers",40
2019,financial services,"professionals, managers, executives and technicians",1120
2019,financial services,"clerical, sales and services workers",40
2019,financial services,"production and transport operators, cleaners and labourers",40
2019,insurance services,"professionals, managers, executives and technicians",90
2019,insurance services,"clerical, sales and services workers",10
2019,insurance services,"production and transport operators, cleaners and labourers",-
2019,real estate services,"professionals, managers, executives and technicians",90
2019,real estate services,"clerical, sales and services workers",10
2019,real estate services,"production and transport operators, cleaners and labourers",100
2019,professional services,"professionals, managers, executives and technicians",1090
2019,professional services,"clerical, sales and services workers",100
2019,professional services,"production and transport operators, cleaners and labourers",30
2019,"legal, accounting and management services","professionals, managers, executives and technicians",570
2019,"legal, accounting and management services","clerical, sales and services workers",60
2019,"legal, accounting and management services","production and transport operators, cleaners and labourers",-
2019,architectural and engineering services,"professionals, managers, executives and technicians",310
2019,architectural and engineering services,"clerical, sales and services workers",30
2019,architectural and engineering services,"production and transport operators, cleaners and labourers",20
2019,other professional services,"professionals, managers, executives and technicians",210
2019,other professional services,"clerical, sales and services workers",-
2019,other professional services,"production and transport operators, cleaners and labourers",10
2019,administrative and support services,"professionals, managers, executives and technicians",130
2019,administrative and support services,"clerical, sales and services workers",80
2019,administrative and support services,"production and transport operators, cleaners and labourers",50
2019,security and investigation,"professionals, managers, executives and technicians",10
2019,security and investigation,"clerical, sales and services workers",-
2019,security and investigation,"production and transport operators, cleaners and labourers",-
2019,cleaning and landscaping,"professionals, managers, executives and technicians",10
2019,cleaning and landscaping,"clerical, sales and services workers",10
2019,cleaning and landscaping,"production and transport operators, cleaners and labourers",40
2019,other administrative and support services,"professionals, managers, executives and technicians",120
2019,other administrative and support services,"clerical, sales and services workers",70
2019,other administrative and support services,"production and transport operators, cleaners and labourers",10
2019,"community, social and personal services","professionals, managers, executives and technicians",130
2019,"community, social and personal services","clerical, sales and services workers",140
2019,"community, social and personal services","production and transport operators, cleaners and labourers",20
2019,public administration and education,"professionals, managers, executives and technicians",70
2019,public administration and education,"clerical, sales and services workers",20
2019,public administration and education,"production and transport operators, cleaners and labourers",-
2019,health and social services,"professionals, managers, executives and technicians",30
2019,health and social services,"clerical, sales and services workers",60
2019,health and social services,"production and transport operators, cleaners and labourers",10
2019,"arts, entertainment and recreation","professionals, managers, executives and technicians",10
2019,"arts, entertainment and recreation","clerical, sales and services workers",10
2019,"arts, entertainment and recreation","production and transport operators, cleaners and labourers",-
2019,"other community, social and personal services","professionals, managers, executives and technicians",20
2019,"other community, social and personal services","clerical, sales and services workers",60
2019,"other community, social and personal services","production and transport operators, cleaners and labourers",10
2019,others,"professionals, managers, executives and technicians",10
2019,others,"clerical, sales and services workers",10
2019,others,"production and transport operators, cleaners and labourers",10
2020,manufacturing,"professionals, managers, executives and technicians",3050
2020,manufacturing,"clerical, sales and services workers",380
2020,manufacturing,"production and transport operators, cleaners and labourers",1890
2020,"food, beverages and tobacco","professionals, managers, executives and technicians",70
2020,"food, beverages and tobacco","clerical, sales and services workers",90
2020,"food, beverages and tobacco","production and transport operators, cleaners and labourers",170
2020,"paper,rubber,plastic products and printing","professionals, managers, executives and technicians",130
2020,"paper,rubber,plastic products and printing","clerical, sales and services workers",30
2020,"paper,rubber,plastic products and printing","production and transport operators, cleaners and labourers",70
2020,"petroleum, chemical and pharmaceutical products","professionals, managers, executives and technicians",120
2020,"petroleum, chemical and pharmaceutical products","clerical, sales and services workers",20
2020,"petroleum, chemical and pharmaceutical products","production and transport operators, cleaners and labourers",20
2020,"fabricated metal products, machinery and equipment","professionals, managers, executives and technicians",730
2020,"fabricated metal products, machinery and equipment","clerical, sales and services workers",110
2020,"fabricated metal products, machinery and equipment","production and transport operators, cleaners and labourers",560
2020,"electronic, computer and optical products","professionals, managers, executives and technicians",450
2020,"electronic, computer and optical products","clerical, sales and services workers",40
2020,"electronic, computer and optical products","production and transport operators, cleaners and labourers",300
2020,transport equipment,"professionals, managers, executives and technicians",1340
2020,transport equipment,"clerical, sales and services workers",60
2020,transport equipment,"production and transport operators, cleaners and labourers",310
2020,other manufacturing industries,"professionals, managers, executives and technicians",210
2020,other manufacturing industries,"clerical, sales and services workers",30
2020,other manufacturing industries,"production and transport operators, cleaners and labourers",460
2020,construction,"professionals, managers, executives and technicians",290
2020,construction,"clerical, sales and services workers",100
2020,construction,"production and transport operators, cleaners and labourers",600
2020,services,"professionals, managers, executives and technicians",9380
2020,services,"clerical, sales and services workers",7660
2020,services,"production and transport operators, cleaners and labourers",2720
2020,wholesale and retail trade,"professionals, managers, executives and technicians",2240
2020,wholesale and retail trade,"clerical, sales and services workers",2190
2020,wholesale and retail trade,"production and transport operators, cleaners and labourers",560
2020,wholesale trade,"professionals, managers, executives and technicians",1970
2020,wholesale trade,"clerical, sales and services workers",1330
2020,wholesale trade,"production and transport operators, cleaners and labourers",510
2020,retail trade,"professionals, managers, executives and technicians",270
2020,retail trade,"clerical, sales and services workers",860
2020,retail trade,"production and transport operators, cleaners and labourers",50
2020,transportation and storage,"professionals, managers, executives and technicians",460
2020,transportation and storage,"clerical, sales and services workers",1820
2020,transportation and storage,"production and transport operators, cleaners and labourers",500
2020,land transport and supporting services,"professionals, managers, executives and technicians",10
2020,land transport and supporting services,"clerical, sales and services workers",50
2020,land transport and supporting services,"production and transport operators, cleaners and labourers",60
2020,water transport and supporting services,"professionals, managers, executives and technicians",140
2020,water transport and supporting services,"clerical, sales and services workers",90
2020,water transport and supporting services,"production and transport operators, cleaners and labourers",20
2020,air transport and supporting services,"professionals, managers, executives and technicians",190
2020,air transport and supporting services,"clerical, sales and services workers",1560
2020,air transport and supporting services,"production and transport operators, cleaners and labourers",250
2020,other transport and storage services,"professionals, managers, executives and technicians",120
2020,other transport and storage services,"clerical, sales and services workers",120
2020,other transport and storage services,"production and transport operators, cleaners and labourers",180
2020,accommodation and food services,"professionals, managers, executives and technicians",410
2020,accommodation and food services,"clerical, sales and services workers",1000
2020,accommodation and food services,"production and transport operators, cleaners and labourers",300
2020,accommodation,"professionals, managers, executives and technicians",230
2020,accommodation,"clerical, sales and services workers",380
2020,accommodation,"production and transport operators, cleaners and labourers",100
2020,food and beverage services,"professionals, managers, executives and technicians",180
2020,food and beverage services,"clerical, sales and services workers",620
2020,food and beverage services,"production and transport operators, cleaners and labourers",190
2020,information and communications,"professionals, managers, executives and technicians",1290
2020,information and communications,"clerical, sales and services workers",140
2020,information and communications,"production and transport operators, cleaners and labourers",10
2020,"telecommunications, broadcasting and publishing","professionals, managers, executives and technicians",510
2020,"telecommunications, broadcasting and publishing","clerical, sales and services workers",70
2020,"telecommunications, broadcasting and publishing","production and transport operators, cleaners and labourers",-
2020,it and other information services,"professionals, managers, executives and technicians",780
2020,it and other information services,"clerical, sales and services workers",70
2020,it and other information services,"production and transport operators, cleaners and labourers",10
2020,financial and insurance services,"professionals, managers, executives and technicians",1280
2020,financial and insurance services,"clerical, sales and services workers",570
2020,financial and insurance services,"production and transport operators, cleaners and labourers",280
2020,financial services,"professionals, managers, executives and technicians",1060
2020,financial services,"clerical, sales and services workers",560
2020,financial services,"production and transport operators, cleaners and labourers",280
2020,insurance services,"professionals, managers, executives and technicians",220
2020,insurance services,"clerical, sales and services workers",10
2020,insurance services,"production and transport operators, cleaners and labourers",-
2020,real estate services,"professionals, managers, executives and technicians",110
2020,real estate services,"clerical, sales and services workers",10
2020,real estate services,"production and transport operators, cleaners and labourers",20
2020,professional services,"professionals, managers, executives and technicians",1970
2020,professional services,"clerical, sales and services workers",190
2020,professional services,"production and transport operators, cleaners and labourers",160
2020,"legal, accounting and management services","professionals, managers, executives and technicians",1110
2020,"legal, accounting and management services","clerical, sales and services workers",80
2020,"legal, accounting and management services","production and transport operators, cleaners and labourers",10
2020,architectural and engineering services,"professionals, managers, executives and technicians",570
2020,architectural and engineering services,"clerical, sales and services workers",70
2020,architectural and engineering services,"production and transport operators, cleaners and labourers",140
2020,other professional services,"professionals, managers, executives and technicians",290
2020,other professional services,"clerical, sales and services workers",30
2020,other professional services,"production and transport operators, cleaners and labourers",10
2020,administrative and support services,"professionals, managers, executives and technicians",850
2020,administrative and support services,"clerical, sales and services workers",390
2020,administrative and support services,"production and transport operators, cleaners and labourers",360
2020,security and investigation,"professionals, managers, executives and technicians",-
2020,security and investigation,"clerical, sales and services workers",-
2020,security and investigation,"production and transport operators, cleaners and labourers",-
2020,cleaning and landscaping,"professionals, managers, executives and technicians",10
2020,cleaning and landscaping,"clerical, sales and services workers",20
2020,cleaning and landscaping,"production and transport operators, cleaners and labourers",250
2020,other administrative and support services,"professionals, managers, executives and technicians",840
2020,other administrative and support services,"clerical, sales and services workers",370
2020,other administrative and support services,"production and transport operators, cleaners and labourers",110
2020,"community, social and personal services","professionals, managers, executives and technicians",780
2020,"community, social and personal services","clerical, sales and services workers",1370
2020,"community, social and personal services","production and transport operators, cleaners and labourers",540
2020,public administration and education,"professionals, managers, executives and technicians",120
2020,public administration and education,"clerical, sales and services workers",90
2020,public administration and education,"production and transport operators, cleaners and labourers",10
2020,health and social services,"professionals, managers, executives and technicians",30
2020,health and social services,"clerical, sales and services workers",10
2020,health and social services,"production and transport operators, cleaners and labourers",-
2020,"arts, entertainment and recreation","professionals, managers, executives and technicians",570
2020,"arts, entertainment and recreation","clerical, sales and services workers",1170
2020,"arts, entertainment and recreation","production and transport operators, cleaners and labourers",480
2020,"other community, social and personal services","professionals, managers, executives and technicians",70
2020,"other community, social and personal services","clerical, sales and services workers",90
2020,"other community, social and personal services","production and transport operators, cleaners and labourers",50
2020,others,"professionals, managers, executives and technicians",30
2020,others,"clerical, sales and services workers",-
2020,others,"production and transport operators, cleaners and labourers",10
2021,manufacturing,"professionals, managers, executives and technicians",1310
2021,manufacturing,"clerical, sales and services workers",70
2021,manufacturing,"production and transport operators, cleaners and labourers",340
2021,"food, beverages and tobacco","professionals, managers, executives and technicians",30
2021,"food, beverages and tobacco","clerical, sales and services workers",10
2021,"food, beverages and tobacco","production and transport operators, cleaners and labourers",70
2021,"paper,rubber,plastic products and printing","professionals, managers, executives and technicians",60
2021,"paper,rubber,plastic products and printing","clerical, sales and services workers",10
2021,"paper,rubber,plastic products and printing","production and transport operators, cleaners and labourers",-
2021,"petroleum, chemical and pharmaceutical products","professionals, managers, executives and technicians",470
2021,"petroleum, chemical and pharmaceutical products","clerical, sales and services workers",20
2021,"petroleum, chemical and pharmaceutical products","production and transport operators, cleaners and labourers",10
2021,"fabricated metal products, machinery and equipment","professionals, managers, executives and technicians",110
2021,"fabricated metal products, machinery and equipment","clerical, sales and services workers",10
2021,"fabricated metal products, machinery and equipment","production and transport operators, cleaners and labourers",30
2021,"electronic, computer and optical products","professionals, managers, executives and technicians",490
2021,"electronic, computer and optical products","clerical, sales and services workers",20
2021,"electronic, computer and optical products","production and transport operators, cleaners and labourers",180
2021,transport equipment,"professionals, managers, executives and technicians",110
2021,transport equipment,"clerical, sales and services workers",-
2021,transport equipment,"production and transport operators, cleaners and labourers",20
2021,other manufacturing industries,"professionals, managers, executives and technicians",50
2021,other manufacturing industries,"clerical, sales and services workers",10
2021,other manufacturing industries,"production and transport operators, cleaners and labourers",20
2021,construction,"professionals, managers, executives and technicians",130
2021,construction,"clerical, sales and services workers",50
2021,construction,"production and transport operators, cleaners and labourers",70
2021,services,"professionals, managers, executives and technicians",4400
2021,services,"clerical, sales and services workers",1090
2021,services,"production and transport operators, cleaners and labourers",530
2021,wholesale and retail trade,"professionals, managers, executives and technicians",1010
2021,wholesale and retail trade,"clerical, sales and services workers",290
2021,wholesale and retail trade,"production and transport operators, cleaners and labourers",110
2021,wholesale trade,"professionals, managers, executives and technicians",960
2021,wholesale trade,"clerical, sales and services workers",190
2021,wholesale trade,"production and transport operators, cleaners and labourers",100
2021,retail trade,"professionals, managers, executives and technicians",50
2021,retail trade,"clerical, sales and services workers",100
2021,retail trade,"production and transport operators, cleaners and labourers",10
2021,transportation and storage,"professionals, managers, executives and technicians",240
2021,transportation and storage,"clerical, sales and services workers",110
2021,transportation and storage,"production and transport operators, cleaners and labourers",200
2021,land transport and supporting services,"professionals, managers, executives and technicians",-
2021,land transport and supporting services,"clerical, sales and services workers",10
2021,land transport and supporting services,"production and transport operators, cleaners and labourers",40
2021,water transport and supporting services,"professionals, managers, executives and technicians",70
2021,water transport and supporting services,"clerical, sales and services workers",30
2021,water transport and supporting services,"production and transport operators, cleaners and labourers",40
2021,air transport and supporting services,"professionals, managers, executives and technicians",100
2021,air transport and supporting services,"clerical, sales and services workers",60
2021,air transport and supporting services,"production and transport operators, cleaners and labourers",70
2021,other transport and storage services,"professionals, managers, executives and technicians",60
2021,other transport and storage services,"clerical, sales and services workers",20
2021,other transport and storage services,"production and transport operators, cleaners and labourers",50
2021,accommodation and food services,"professionals, managers, executives and technicians",40
2021,accommodation and food services,"clerical, sales and services workers",90
2021,accommodation and food services,"production and transport operators, cleaners and labourers",50
2021,accommodation,"professionals, managers, executives and technicians",30
2021,accommodation,"clerical, sales and services workers",10
2021,accommodation,"production and transport operators, cleaners and labourers",-
2021,food and beverage services,"professionals, managers, executives and technicians",10
2021,food and beverage services,"clerical, sales and services workers",80
2021,food and beverage services,"production and transport operators, cleaners and labourers",50
2021,information and communications,"professionals, managers, executives and technicians",850
2021,information and communications,"clerical, sales and services workers",160
2021,information and communications,"production and transport operators, cleaners and labourers",30
2021,"telecommunications, broadcasting and publishing","professionals, managers, executives and technicians",350
2021,"telecommunications, broadcasting and publishing","clerical, sales and services workers",20
2021,"telecommunications, broadcasting and publishing","production and transport operators, cleaners and labourers",10
2021,it and other information services,"professionals, managers, executives and technicians",500
2021,it and other information services,"clerical, sales and services workers",140
2021,it and other information services,"production and transport operators, cleaners and labourers",20
2021,financial and insurance services,"professionals, managers, executives and technicians",1230
2021,financial and insurance services,"clerical, sales and services workers",100
2021,financial and insurance services,"production and transport operators, cleaners and labourers",10
2021,financial services,"professionals, managers, executives and technicians",1160
2021,financial services,"clerical, sales and services workers",90
2021,financial services,"production and transport operators, cleaners and labourers",-
2021,insurance services,"professionals, managers, executives and technicians",70
2021,insurance services,"clerical, sales and services workers",10
2021,insurance services,"production and transport operators, cleaners and labourers",-
2021,real estate services,"professionals, managers, executives and technicians",80
2021,real estate services,"clerical, sales and services workers",20
2021,real estate services,"production and transport operators, cleaners and labourers",-
2021,professional services,"professionals, managers, executives and technicians",760
2021,professional services,"clerical, sales and services workers",50
2021,professional services,"production and transport operators, cleaners and labourers",100
2021,"legal, accounting and management services","professionals, managers, executives and technicians",540
2021,"legal, accounting and management services","clerical, sales and services workers",20
2021,"legal, accounting and management services","production and transport operators, cleaners and labourers",90
2021,architectural and engineering services,"professionals, managers, executives and technicians",150
2021,architectural and engineering services,"clerical, sales and services workers",10
2021,architectural and engineering services,"production and transport operators, cleaners and labourers",10
2021,other professional services,"professionals, managers, executives and technicians",70
2021,other professional services,"clerical, sales and services workers",20
2021,other professional services,"production and transport operators, cleaners and labourers",-
2021,administrative and support services,"professionals, managers, executives and technicians",100
2021,administrative and support services,"clerical, sales and services workers",230
2021,administrative and support services,"production and transport operators, cleaners and labourers",10
2021,security and investigation,"professionals, managers, executives and technicians",10
2021,security and investigation,"clerical, sales and services workers",-
2021,security and investigation,"production and transport operators, cleaners and labourers",-
2021,cleaning and landscaping,"professionals, managers, executives and technicians",10
2021,cleaning and landscaping,"clerical, sales and services workers",10
2021,cleaning and landscaping,"production and transport operators, cleaners and labourers",10
2021,other administrative and support services,"professionals, managers, executives and technicians",80
2021,other administrative and support services,"clerical, sales and services workers",220
2021,other administrative and support services,"production and transport operators, cleaners and labourers",10
2021,"community, social and personal services","professionals, managers, executives and technicians",100
2021,"community, social and personal services","clerical, sales and services workers",50
2021,"community, social and personal services","production and transport operators, cleaners and labourers",20
2021,public administration and education,"professionals, managers, executives and technicians",40
2021,public administration and education,"clerical, sales and services workers",10
2021,public administration and education,"production and transport operators, cleaners and labourers",10
2021,health and social services,"professionals, managers, executives and technicians",10
2021,health and social services,"clerical, sales and services workers",-
2021,health and social services,"production and transport operators, cleaners and labourers",-
2021,"arts, entertainment and recreation","professionals, managers, executives and technicians",40
2021,"arts, entertainment and recreation","clerical, sales and services workers",20
2021,"arts, entertainment and recreation","production and transport operators, cleaners and labourers",10
2021,"other community, social and personal services","professionals, managers, executives and technicians",10
2021,"other community, social and personal services","clerical, sales and services workers",20
2021,"other community, social and personal services","production and transport operators, cleaners and labourers",10
2021,others,"professionals, managers, executives and technicians",30
2021,others,"clerical, sales and services workers",10
2021,others,"production and transport operators, cleaners and labourers",-
2022,manufacturing,"professionals, managers, executives and technicians",1000
2022,manufacturing,"clerical, sales and services workers",100
2022,manufacturing,"production and transport operators, cleaners and labourers",1000
2022,"food, beverages and tobacco","professionals, managers, executives and technicians",10
2022,"food, beverages and tobacco","clerical, sales and services workers",10
2022,"food, beverages and tobacco","production and transport operators, cleaners and labourers",20
2022,"paper,rubber,plastic products and printing","professionals, managers, executives and technicians",20
2022,"paper,rubber,plastic products and printing","clerical, sales and services workers",-
2022,"paper,rubber,plastic products and printing","production and transport operators, cleaners and labourers",10
2022,"petroleum, chemical and pharmaceutical products","professionals, managers, executives and technicians",190
2022,"petroleum, chemical and pharmaceutical products","clerical, sales and services workers",10
2022,"petroleum, chemical and pharmaceutical products","production and transport operators, cleaners and labourers",20
2022,"fabricated metal products, machinery and equipment","professionals, managers, executives and technicians",310
2022,"fabricated metal products, machinery and equipment","clerical, sales and services workers",10
2022,"fabricated metal products, machinery and equipment","production and transport operators, cleaners and labourers",240
2022,"electronic, computer and optical products","professionals, managers, executives and technicians",350
2022,"electronic, computer and optical products","clerical, sales and services workers",20
2022,"electronic, computer and optical products","production and transport operators, cleaners and labourers",500
2022,transport equipment,"professionals, managers, executives and technicians",70
2022,transport equipment,"clerical, sales and services workers",40
2022,transport equipment,"production and transport operators, cleaners and labourers",210
2022,other manufacturing industries,"professionals, managers, executives and technicians",60
2022,other manufacturing industries,"clerical, sales and services workers",10
2022,other manufacturing industries,"production and transport operators, cleaners and labourers",20
2022,construction,"professionals, managers, executives and technicians",80
2022,construction,"clerical, sales and services workers",20
2022,construction,"production and transport operators, cleaners and labourers",160
2022,services,"professionals, managers, executives and technicians",3420
2022,services,"clerical, sales and services workers",420
2022,services,"production and transport operators, cleaners and labourers",220
2022,wholesale and retail trade,"professionals, managers, executives and technicians",670
2022,wholesale and retail trade,"clerical, sales and services workers",120
2022,wholesale and retail trade,"production and transport operators, cleaners and labourers",120
2022,wholesale trade,"professionals, managers, executives and technicians",640
2022,wholesale trade,"clerical, sales and services workers",90
2022,wholesale trade,"production and transport operators, cleaners and labourers",110
2022,retail trade,"professionals, managers, executives and technicians",30
2022,retail trade,"clerical, sales and services workers",30
2022,retail trade,"production and transport operators, cleaners and labourers",-
2022,transportation and storage,"professionals, managers, executives and technicians",90
2022,transportation and storage,"clerical, sales and services workers",50
2022,transportation and storage,"production and transport operators, cleaners and labourers",20
2022,land transport and supporting services,"professionals, managers, executives and technicians",-
2022,land transport and supporting services,"clerical, sales and services workers",-
2022,land transport and supporting services,"production and transport operators, cleaners and labourers",-
2022,water transport and supporting services,"professionals, managers, executives and technicians",50
2022,water transport and supporting services,"clerical, sales and services workers",10
2022,water transport and supporting services,"production and transport operators, cleaners and labourers",-
2022,air transport and supporting services,"professionals, managers, executives and technicians",10
2022,air transport and supporting services,"clerical, sales and services workers",-
2022,air transport and supporting services,"production and transport operators, cleaners and labourers",-
2022,other transport and storage services,"professionals, managers, executives and technicians",30
2022,other transport and storage services,"clerical, sales and services workers",30
2022,other transport and storage services,"production and transport operators, cleaners and labourers",10
2022,accommodation and food services,"professionals, managers, executives and technicians",10
2022,accommodation and food services,"clerical, sales and services workers",30
2022,accommodation and food services,"production and transport operators, cleaners and labourers",10
2022,accommodation,"professionals, managers, executives and technicians",-
2022,accommodation,"clerical, sales and services workers",20
2022,accommodation,"production and transport operators, cleaners and labourers",-
2022,food and beverage services,"professionals, managers, executives and technicians",-
2022,food and beverage services,"clerical, sales and services workers",10
2022,food and beverage services,"production and transport operators, cleaners and labourers",-
2022,information and communications,"professionals, managers, executives and technicians",1170
2022,information and communications,"clerical, sales and services workers",20
2022,information and communications,"production and transport operators, cleaners and labourers",10
2022,"telecommunications, broadcasting and publishing","professionals, managers, executives and technicians",400
2022,"telecommunications, broadcasting and publishing","clerical, sales and services workers",-
2022,"telecommunications, broadcasting and publishing","production and transport operators, cleaners and labourers",10
2022,it and other information services,"professionals, managers, executives and technicians",770
2022,it and other information services,"clerical, sales and services workers",20
2022,it and other information services,"production and transport operators, cleaners and labourers",-
2022,financial and insurance services,"professionals, managers, executives and technicians",680
2022,financial and insurance services,"clerical, sales and services workers",20
2022,financial and insurance services,"production and transport operators, cleaners and labourers",-
2022,financial services,"professionals, managers, executives and technicians",650
2022,financial services,"clerical, sales and services workers",10
2022,financial services,"production and transport operators, cleaners and labourers",-
2022,insurance services,"professionals, managers, executives and technicians",20
2022,insurance services,"clerical, sales and services workers",-
2022,insurance services,"production and transport operators, cleaners and labourers",-
2022,real estate services,"professionals, managers, executives and technicians",20
2022,real estate services,"clerical, sales and services workers",10
2022,real estate services,"production and transport operators, cleaners and labourers",-
2022,professional services,"professionals, managers, executives and technicians",450
2022,professional services,"clerical, sales and services workers",30
2022,professional services,"production and transport operators, cleaners and labourers",20
2022,"legal, accounting and management services","professionals, managers, executives and technicians",250
2022,"legal, accounting and management services","clerical, sales and services workers",20
2022,"legal, accounting and management services","production and transport operators, cleaners and labourers",-
2022,architectural and engineering services,"professionals, managers, executives and technicians",90
2022,architectural and engineering services,"clerical, sales and services workers",10
2022,architectural and engineering services,"production and transport operators, cleaners and labourers",10
2022,other professional services,"professionals, managers, executives and technicians",110
2022,other professional services,"clerical, sales and services workers",-
2022,other professional services,"production and transport operators, cleaners and labourers",-
2022,administrative and support services,"professionals, managers, executives and technicians",140
2022,administrative and support services,"clerical, sales and services workers",50
2022,administrative and support services,"production and transport operators, cleaners and labourers",50
2022,security and investigation,"professionals, managers, executives and technicians",-
2022,security and investigation,"clerical, sales and services workers",-
2022,security and investigation,"production and transport operators, cleaners and labourers",10
2022,cleaning and landscaping,"professionals, managers, executives and technicians",-
2022,cleaning and landscaping,"clerical, sales and services workers",-
2022,cleaning and landscaping,"production and transport operators, cleaners and labourers",30
2022,other administrative and support services,"professionals, managers, executives and technicians",140
2022,other administrative and support services,"clerical, sales and services workers",50
2022,other administrative and support services,"production and transport operators, cleaners and labourers",10
2022,"community, social and personal services","professionals, managers, executives and technicians",200
2022,"community, social and personal services","clerical, sales and services workers",100
2022,"community, social and personal services","production and transport operators, cleaners and labourers",10
2022,public administration and education,"professionals, managers, executives and technicians",30
2022,public administration and education,"clerical, sales and services workers",20
2022,public administration and education,"production and transport operators, cleaners and labourers",-
2022,health and social services,"professionals, managers, executives and technicians",50
2022,health and social services,"clerical, sales and services workers",40
2022,health and social services,"production and transport operators, cleaners and labourers",-
2022,"arts, entertainment and recreation","professionals, managers, executives and technicians",40
2022,"arts, entertainment and recreation","clerical, sales and services workers",20
2022,"arts, entertainment and recreation","production and transport operators, cleaners and labourers",-
2022,"other community, social and personal services","professionals, managers, executives and technicians",70
2022,"other community, social and personal services","clerical, sales and services workers",30
2022,"other community, social and personal services","production and transport operators, cleaners and labourers",10
2022,others,"professionals, managers, executives and technicians",20
2022,others,"clerical, sales and services workers",-
2022,others,"production and transport operators, cleaners and labourers",-
2023,manufacturing,"professionals, managers, executives and technicians",2360
2023,manufacturing,"clerical, sales and services workers",190
2023,manufacturing,"production and transport operators, cleaners and labourers",920
2023,"food, beverages and tobacco","professionals, managers, executives and technicians",70
2023,"food, beverages and tobacco","clerical, sales and services workers",10
2023,"food, beverages and tobacco","production and transport operators, cleaners and labourers",80
2023,"paper,rubber,plastic products and printing","professionals, managers, executives and technicians",30
2023,"paper,rubber,plastic products and printing","clerical, sales and services workers",30
2023,"paper,rubber,plastic products and printing","production and transport operators, cleaners and labourers",70
2023,"petroleum, chemical and pharmaceutical products","professionals, managers, executives and technicians",200
2023,"petroleum, chemical and pharmaceutical products","clerical, sales and services workers",20
2023,"petroleum, chemical and pharmaceutical products","production and transport operators, cleaners and labourers",20
2023,"fabricated metal products, machinery and equipment","professionals, managers, executives and technicians",370
2023,"fabricated metal products, machinery and equipment","clerical, sales and services workers",20
2023,"fabricated metal products, machinery and equipment","production and transport operators, cleaners and labourers",130
2023,"electronic, computer and optical products","professionals, managers, executives and technicians",1530
2023,"electronic, computer and optical products","clerical, sales and services workers",50
2023,"electronic, computer and optical products","production and transport operators, cleaners and labourers",510
2023,transport equipment,"professionals, managers, executives and technicians",50
2023,transport equipment,"clerical, sales and services workers",60
2023,transport equipment,"production and transport operators, cleaners and labourers",30
2023,other manufacturing industries,"professionals, managers, executives and technicians",110
2023,other manufacturing industries,"clerical, sales and services workers",10
2023,other manufacturing industries,"production and transport operators, cleaners and labourers",80
2023,construction,"professionals, managers, executives and technicians",250
2023,construction,"clerical, sales and services workers",10
2023,construction,"production and transport operators, cleaners and labourers",330
2023,services,"professionals, managers, executives and technicians",8410
2023,services,"clerical, sales and services workers",1040
2023,services,"production and transport operators, cleaners and labourers",980
2023,wholesale and retail trade,"professionals, managers, executives and technicians",1930
2023,wholesale and retail trade,"clerical, sales and services workers",320
2023,wholesale and retail trade,"production and transport operators, cleaners and labourers",610
2023,wholesale trade,"professionals, managers, executives and technicians",1780
2023,wholesale trade,"clerical, sales and services workers",190
2023,wholesale trade,"production and transport operators, cleaners and labourers",590
2023,retail trade,"professionals, managers, executives and technicians",140
2023,retail trade,"clerical, sales and services workers",130
2023,retail trade,"production and transport operators, cleaners and labourers",10
2023,transportation and storage,"professionals, managers, executives and technicians",300
2023,transportation and storage,"clerical, sales and services workers",80
2023,transportation and storage,"production and transport operators, cleaners and labourers",160
2023,land transport and supporting services,"professionals, managers, executives and technicians",100
2023,land transport and supporting services,"clerical, sales and services workers",-
2023,land transport and supporting services,"production and transport operators, cleaners and labourers",110
2023,water transport and supporting services,"professionals, managers, executives and technicians",80
2023,water transport and supporting services,"clerical, sales and services workers",20
2023,water transport and supporting services,"production and transport operators, cleaners and labourers",-
2023,air transport and supporting services,"professionals, managers, executives and technicians",-
2023,air transport and supporting services,"clerical, sales and services workers",-
2023,air transport and supporting services,"production and transport operators, cleaners and labourers",-
2023,other transport and storage services,"professionals, managers, executives and technicians",130
2023,other transport and storage services,"clerical, sales and services workers",50
2023,other transport and storage services,"production and transport operators, cleaners and labourers",50
2023,accommodation and food services,"professionals, managers, executives and technicians",60
2023,accommodation and food services,"clerical, sales and services workers",50
2023,accommodation and food services,"production and transport operators, cleaners and labourers",40
2023,accommodation,"professionals, managers, executives and technicians",-
2023,accommodation,"clerical, sales and services workers",-
2023,accommodation,"production and transport operators, cleaners and labourers",-
2023,food and beverage services,"professionals, managers, executives and technicians",60
2023,food and beverage services,"clerical, sales and services workers",50
2023,food and beverage services,"production and transport operators, cleaners and labourers",40
2023,information and communications,"professionals, managers, executives and technicians",2610
2023,information and communications,"clerical, sales and services workers",120
2023,information and communications,"production and transport operators, cleaners and labourers",10
2023,"telecommunications, broadcasting and publishing","professionals, managers, executives and technicians",700
2023,"telecommunications, broadcasting and publishing","clerical, sales and services workers",30
2023,"telecommunications, broadcasting and publishing","production and transport operators, cleaners and labourers",-
2023,it and other information services,"professionals, managers, executives and technicians",1910
2023,it and other information services,"clerical, sales and services workers",90
2023,it and other information services,"production and transport operators, cleaners and labourers",10
2023,financial and insurance services,"professionals, managers, executives and technicians",1700
2023,financial and insurance services,"clerical, sales and services workers",90
2023,financial and insurance services,"production and transport operators, cleaners and labourers",30
2023,financial services,"professionals, managers, executives and technicians",1560
2023,financial services,"clerical, sales and services workers",60
2023,financial services,"production and transport operators, cleaners and labourers",30
2023,insurance services,"professionals, managers, executives and technicians",140
2023,insurance services,"clerical, sales and services workers",30
2023,insurance services,"production and transport operators, cleaners and labourers",-
2023,real estate services,"professionals, managers, executives and technicians",60
2023,real estate services,"clerical, sales and services workers",10
2023,real estate services,"production and transport operators, cleaners and labourers",-
2023,professional services,"professionals, managers, executives and technicians",1460
2023,professional services,"clerical, sales and services workers",80
2023,professional services,"production and transport operators, cleaners and labourers",80
2023,"legal, accounting and management services","professionals, managers, executives and technicians",940
2023,"legal, accounting and management services","clerical, sales and services workers",50
2023,"legal, accounting and management services","production and transport operators, cleaners and labourers",30
2023,architectural and engineering services,"professionals, managers, executives and technicians",160
2023,architectural and engineering services,"clerical, sales and services workers",10
2023,architectural and engineering services,"production and transport operators, cleaners and labourers",40
2023,other professional services,"professionals, managers, executives and technicians",360
2023,other professional services,"clerical, sales and services workers",10
2023,other professional services,"production and transport operators, cleaners and labourers",-
2023,administrative and support services,"professionals, managers, executives and technicians",160
2023,administrative and support services,"clerical, sales and services workers",210
2023,administrative and support services,"production and transport operators, cleaners and labourers",-
2023,security and investigation,"professionals, managers, executives and technicians",20
2023,security and investigation,"clerical, sales and services workers",-
2023,security and investigation,"production and transport operators, cleaners and labourers",-
2023,cleaning and landscaping,"professionals, managers, executives and technicians",10
2023,cleaning and landscaping,"clerical, sales and services workers",-
2023,cleaning and landscaping,"production and transport operators, cleaners and labourers",-
2023,other administrative and support services,"professionals, managers, executives and technicians",130
2023,other administrative and support services,"clerical, sales and services workers",210
2023,other administrative and support services,"production and transport operators, cleaners and labourers",-
2023,"community, social and personal services","professionals, managers, executives and technicians",140
2023,"community, social and personal services","clerical, sales and services workers",80
2023,"community, social and personal services","production and transport operators, cleaners and labourers",60
2023,public administration and education,"professionals, managers, executives and technicians",40
2023,public administration and education,"clerical, sales and services workers",10
2023,public administration and education,"production and transport operators, cleaners and labourers",-
2023,health and social services,"professionals, managers, executives and technicians",70
2023,health and social services,"clerical, sales and services workers",10
2023,health and social services,"production and transport operators, cleaners and labourers",-
2023,"arts, entertainment and recreation","professionals, managers, executives and technicians",10
2023,"arts, entertainment and recreation","clerical, sales and services workers",10
2023,"arts, entertainment and recreation","production and transport operators, cleaners and labourers",10
2023,"other community, social and personal services","professionals, managers, executives and technicians",20
2023,"other community, social and personal services","clerical, sales and services workers",50
2023,"other community, social and personal services","production and transport operators, cleaners and labourers",40
2023,others,"professionals, managers, executives and technicians",10
2023,others,"clerical, sales and services workers",-
2023,others,"production and transport operators, cleaners and labourers",70
2024,manufacturing,"professionals, managers, executives and technicians",1830
2024,manufacturing,"clerical, sales and services workers",130
2024,manufacturing,"production and transport operators, cleaners and labourers",820
2024,"food, beverages and tobacco","professionals, managers, executives and technicians",40
2024,"food, beverages and tobacco","clerical, sales and services workers",20
2024,"food, beverages and tobacco","production and transport operators, cleaners and labourers",-
2024,"paper,rubber,plastic products and printing","professionals, managers, executives and technicians",330
2024,"paper,rubber,plastic products and printing","clerical, sales and services workers",10
2024,"paper,rubber,plastic products and printing","production and transport operators, cleaners and labourers",40
2024,"petroleum, chemical and pharmaceutical products","professionals, managers, executives and technicians",460
2024,"petroleum, chemical and pharmaceutical products","clerical, sales and services workers",30
2024,"petroleum, chemical and pharmaceutical products","production and transport operators, cleaners and labourers",70
2024,"fabricated metal products, machinery and equipment","professionals, managers, executives and technicians",440
2024,"fabricated metal products, machinery and equipment","clerical, sales and services workers",40
2024,"fabricated metal products, machinery and equipment","production and transport operators, cleaners and labourers",360
2024,"electronic, computer and optical products","professionals, managers, executives and technicians",460
2024,"electronic, computer and optical products","clerical, sales and services workers",30
2024,"electronic, computer and optical products","production and transport operators, cleaners and labourers",290
2024,transport equipment,"professionals, managers, executives and technicians",10
2024,transport equipment,"clerical, sales and services workers",-
2024,transport equipment,"production and transport operators, cleaners and labourers",20
2024,other manufacturing industries,"professionals, managers, executives and technicians",90
2024,other manufacturing industries,"clerical, sales and services workers",10
2024,other manufacturing industries,"production and transport operators, cleaners and labourers",50
2024,construction,"professionals, managers, executives and technicians",150
2024,construction,"clerical, sales and services workers",20
2024,construction,"production and transport operators, cleaners and labourers",290
2024,services,"professionals, managers, executives and technicians",8160
2024,services,"clerical, sales and services workers",960
2024,services,"production and transport operators, cleaners and labourers",550
2024,wholesale and retail trade,"professionals, managers, executives and technicians",1890
2024,wholesale and retail trade,"clerical, sales and services workers",200
2024,wholesale and retail trade,"production and transport operators, cleaners and labourers",90
2024,wholesale trade,"professionals, managers, executives and technicians",1680
2024,wholesale trade,"clerical, sales and services workers",160
2024,wholesale trade,"production and transport operators, cleaners and labourers",80
2024,retail trade,"professionals, managers, executives and technicians",210
2024,retail trade,"clerical, sales and services workers",50
2024,retail trade,"production and transport operators, cleaners and labourers",10
2024,transportation and storage,"professionals, managers, executives and technicians",280
2024,transportation and storage,"clerical, sales and services workers",60
2024,transportation and storage,"production and transport operators, cleaners and labourers",180
2024,land transport and supporting services,"professionals, managers, executives and technicians",20
2024,land transport and supporting services,"clerical, sales and services workers",-
2024,land transport and supporting services,"production and transport operators, cleaners and labourers",20
2024,water transport and supporting services,"professionals, managers, executives and technicians",100
2024,water transport and supporting services,"clerical, sales and services workers",20
2024,water transport and supporting services,"production and transport operators, cleaners and labourers",20
2024,air transport and supporting services,"professionals, managers, executives and technicians",-
2024,air transport and supporting services,"clerical, sales and services workers",-
2024,air transport and supporting services,"production and transport operators, cleaners and labourers",-
2024,other transport and storage services,"professionals, managers, executives and technicians",160
2024,other transport and storage services,"clerical, sales and services workers",40
2024,other transport and storage services,"production and transport operators, cleaners and labourers",140
2024,accommodation and food services,"professionals, managers, executives and technicians",50
2024,accommodation and food services,"clerical, sales and services workers",110
2024,accommodation and food services,"production and transport operators, cleaners and labourers",20
2024,accommodation,"professionals, managers, executives and technicians",20
2024,accommodation,"clerical, sales and services workers",-
2024,accommodation,"production and transport operators, cleaners and labourers",10
2024,food and beverage services,"professionals, managers, executives and technicians",40
2024,food and beverage services,"clerical, sales and services workers",110
2024,food and beverage services,"production and transport operators, cleaners and labourers",20
2024,information and communications,"professionals, managers, executives and technicians",1910
2024,information and communications,"clerical, sales and services workers",140
2024,information and communications,"production and transport operators, cleaners and labourers",10
2024,"telecommunications, broadcasting and publishing","professionals, managers, executives and technicians",500
2024,"telecommunications, broadcasting and publishing","clerical, sales and services workers",60
2024,"telecommunications, broadcasting and publishing","production and transport operators, cleaners and labourers",10
2024,it and other information services,"professionals, managers, executives and technicians",1410
2024,it and other information services,"clerical, sales and services workers",90
2024,it and other information services,"production and transport operators, cleaners and labourers",-
2024,financial and insurance services,"professionals, managers, executives and technicians",1790
2024,financial and insurance services,"clerical, sales and services workers",70
2024,financial and insurance services,"production and transport operators, cleaners and labourers",20
2024,financial services,"professionals, managers, executives and technicians",1630
2024,financial services,"clerical, sales and services workers",40
2024,financial services,"production and transport operators, cleaners and labourers",20
2024,insurance services,"professionals, managers, executives and technicians",160
2024,insurance services,"clerical, sales and services workers",20
2024,insurance services,"production and transport operators, cleaners and labourers",-
2024,real estate services,"professionals, managers, executives and technicians",70
2024,real estate services,"clerical, sales and services workers",10
2024,real estate services,"production and transport operators, cleaners and labourers",-
2024,professional services,"professionals, managers, executives and technicians",1580
2024,professional services,"clerical, sales and services workers",90
2024,professional services,"production and transport operators, cleaners and labourers",210
2024,"legal, accounting and management services","professionals, managers, executives and technicians",970
2024,"legal, accounting and management services","clerical, sales and services workers",50
2024,"legal, accounting and management services","production and transport operators, cleaners and labourers",20
2024,architectural and engineering services,"professionals, managers, executives and technicians",180
2024,architectural and engineering services,"clerical, sales and services workers",20
2024,architectural and engineering services,"production and transport operators, cleaners and labourers",160
2024,other professional services,"professionals, managers, executives and technicians",430
2024,other professional services,"clerical, sales and services workers",10
2024,other professional services,"production and transport operators, cleaners and labourers",30
2024,administrative and support services,"professionals, managers, executives and technicians",330
2024,administrative and support services,"clerical, sales and services workers",200
2024,administrative and support services,"production and transport operators, cleaners and labourers",10
2024,security and investigation,"professionals, managers, executives and technicians",-
2024,security and investigation,"clerical, sales and services workers",50
2024,security and investigation,"production and transport operators, cleaners and labourers",-
2024,cleaning and landscaping,"professionals, managers, executives and technicians",-
2024,cleaning and landscaping,"clerical, sales and services workers",-
2024,cleaning and landscaping,"production and transport operators, cleaners and labourers",10
2024,other administrative and support services,"professionals, managers, executives and technicians",320
2024,other administrative and support services,"clerical, sales and services workers",150
2024,other administrative and support services,"production and transport operators, cleaners and labourers",10
2024,"community, social and personal services","professionals, managers, executives and technicians",270
2024,"community, social and personal services","clerical, sales and services workers",90
2024,"community, social and personal services","production and transport operators, cleaners and labourers",-
2024,public administration and education,"professionals, managers, executives and technicians",160
2024,public administration and education,"clerical, sales and services workers",50
2024,public administration and education,"production and transport operators, cleaners and labourers",-
2024,health and social services,"professionals, managers, executives and technicians",50
2024,health and social services,"clerical, sales and services workers",10
2024,health and social services,"production and transport operators, cleaners and labourers",-
2024,"arts, entertainment and recreation","professionals, managers, executives and technicians",30
2024,"arts, entertainment and recreation","clerical, sales and services workers",20
2024,"arts, entertainment and recreation","production and transport operators, cleaners and labourers",-
2024,"other community, social and personal services","professionals, managers, executives and technicians",30
2024,"other community, social and personal services","clerical, sales and services workers",10
2024,"other community, social and personal services","production and transport operators, cleaners and labourers",-
2024,others,"professionals, managers, executives and technicians",20
2024,others,"clerical, sales and services workers",-
2024,others,"production and transport operators, cleaners and labourers",100
2025,manufacturing,"professionals, managers, executives and technicians",1960
2025,manufacturing,"clerical, sales and services workers",130
2025,manufacturing,"production and transport operators, cleaners and labourers",690
2025,"food, beverages and tobacco","professionals, managers, executives and technicians",90
2025,"food, beverages and tobacco","clerical, sales and services workers",-
2025,"food, beverages and tobacco","production and transport operators, cleaners and labourers",30
2025,"paper,rubber,plastic products and printing","professionals, managers, executives and technicians",20
2025,"paper,rubber,plastic products and printing","clerical, sales and services workers",-
2025,"paper,rubber,plastic products and printing","production and transport operators, cleaners and labourers",40
2025,"petroleum, chemical and pharmaceutical products","professionals, managers, executives and technicians",590
2025,"petroleum, chemical and pharmaceutical products","clerical, sales and services workers",40
2025,"petroleum, chemical and pharmaceutical products","production and transport operators, cleaners and labourers",70
2025,"fabricated metal products, machinery and equipment","professionals, managers, executives and technicians",530
2025,"fabricated metal products, machinery and equipment","clerical, sales and services workers",50
2025,"fabricated metal products, machinery and equipment","production and transport operators, cleaners and labourers",370
2025,"electronic, computer and optical products","professionals, managers, executives and technicians",580
2025,"electronic, computer and optical products","clerical, sales and services workers",10
2025,"electronic, computer and optical products","production and transport operators, cleaners and labourers",140
2025,transport equipment,"professionals, managers, executives and technicians",30
2025,transport equipment,"clerical, sales and services workers",10
2025,transport equipment,"production and transport operators, cleaners and labourers",40
2025,other manufacturing industries,"professionals, managers, executives and technicians",130
2025,other manufacturing industries,"clerical, sales and services workers",20
2025,other manufacturing industries,"production and transport operators, cleaners and labourers",20
2025,construction,"professionals, managers, executives and technicians",340
2025,construction,"clerical, sales and services workers",20
2025,construction,"production and transport operators, cleaners and labourers",220
2025,services,"professionals, managers, executives and technicians",9430
2025,services,"clerical, sales and services workers",1040
2025,services,"production and transport operators, cleaners and labourers",510
2025,wholesale and retail trade,"professionals, managers, executives and technicians",1930
2025,wholesale and retail trade,"clerical, sales and services workers",330
2025,wholesale and retail trade,"production and transport operators, cleaners and labourers",70
2025,wholesale trade,"professionals, managers, executives and technicians",1730
2025,wholesale trade,"clerical, sales and services workers",90
2025,wholesale trade,"production and transport operators, cleaners and labourers",50
2025,retail trade,"professionals, managers, executives and technicians",190
2025,retail trade,"clerical, sales and services workers",230
2025,retail trade,"production and transport operators, cleaners and labourers",20
2025,transportation and storage,"professionals, managers, executives and technicians",690
2025,transportation and storage,"clerical, sales and services workers",340
2025,transportation and storage,"production and transport operators, cleaners and labourers",150
2025,land transport and supporting services,"professionals, managers, executives and technicians",30
2025,land transport and supporting services,"clerical, sales and services workers",10
2025,land transport and supporting services,"production and transport operators, cleaners and labourers",20
2025,water transport and supporting services,"professionals, managers, executives and technicians",190
2025,water transport and supporting services,"clerical, sales and services workers",30
2025,water transport and supporting services,"production and transport operators, cleaners and labourers",50
2025,air transport and supporting services,"professionals, managers, executives and technicians",240
2025,air transport and supporting services,"clerical, sales and services workers",280
2025,air transport and supporting services,"production and transport operators, cleaners and labourers",-
2025,other transport and storage services,"professionals, managers, executives and technicians",240
2025,other transport and storage services,"clerical, sales and services workers",30
2025,other transport and storage services,"production and transport operators, cleaners and labourers",70
2025,accommodation and food services,"professionals, managers, executives and technicians",90
2025,accommodation and food services,"clerical, sales and services workers",60
2025,accommodation and food services,"production and transport operators, cleaners and labourers",80
2025,accommodation,"professionals, managers, executives and technicians",30
2025,accommodation,"clerical, sales and services workers",10
2025,accommodation,"production and transport operators, cleaners and labourers",50
2025,food and beverage services,"professionals, managers, executives and technicians",60
2025,food and beverage services,"clerical, sales and services workers",50
2025,food and beverage services,"production and transport operators, cleaners and labourers",40
2025,information and communications,"professionals, managers, executives and technicians",1880
2025,information and communications,"clerical, sales and services workers",50
2025,information and communications,"production and transport operators, cleaners and labourers",-
2025,"telecommunications, broadcasting and publishing","professionals, managers, executives and technicians",450
2025,"telecommunications, broadcasting and publishing","clerical, sales and services workers",20
2025,"telecommunications, broadcasting and publishing","production and transport operators, cleaners and labourers",-
2025,it and other information services,"professionals, managers, executives and technicians",1430
2025,it and other information services,"clerical, sales and services workers",40
2025,it and other information services,"production and transport operators, cleaners and labourers",-
2025,financial and insurance services,"professionals, managers, executives and technicians",2280
2025,financial and insurance services,"clerical, sales and services workers",70
2025,financial and insurance services,"production and transport operators, cleaners and labourers",10
2025,financial services,"professionals, managers, executives and technicians",2170
2025,financial services,"clerical, sales and services workers",70
2025,financial services,"production and transport operators, cleaners and labourers",10
2025,insurance services,"professionals, managers, executives and technicians",110
2025,insurance services,"clerical, sales and services workers",-
2025,insurance services,"production and transport operators, cleaners and labourers",-
2025,real estate services,"professionals, managers, executives and technicians",80
2025,real estate services,"clerical, sales and services workers",-
2025,real estate services,"production and transport operators, cleaners and labourers",-
2025,professional services,"professionals, managers, executives and technicians",1760
2025,professional services,"clerical, sales and services workers",70
2025,professional services,"production and transport operators, cleaners and labourers",70
2025,"legal, accounting and management services","professionals, managers, executives and technicians",930
2025,"legal, accounting and management services","clerical, sales and services workers",50
2025,"legal, accounting and management services","production and transport operators, cleaners and labourers",-
2025,architectural and engineering services,"professionals, managers, executives and technicians",300
2025,architectural and engineering services,"clerical, sales and services workers",20
2025,architectural and engineering services,"production and transport operators, cleaners and labourers",60
2025,other professional services,"professionals, managers, executives and technicians",530
2025,other professional services,"clerical, sales and services workers",10
2025,other professional services,"production and transport operators, cleaners and labourers",10
2025,administrative and support services,"professionals, managers, executives and technicians",430
2025,administrative and support services,"clerical, sales and services workers",60
2025,administrative and support services,"production and transport operators, cleaners and labourers",10
2025,security and investigation,"professionals, managers, executives and technicians",10
2025,security and investigation,"clerical, sales and services workers",10
2025,security and investigation,"production and transport operators, cleaners and labourers",-
2025,cleaning and landscaping,"professionals, managers, executives and technicians",-
2025,cleaning and landscaping,"clerical, sales and services workers",-
2025,cleaning and landscaping,"production and transport operators, cleaners and labourers",-
2025,other administrative and support services,"professionals, managers, executives and technicians",420
2025,other administrative and support services,"clerical, sales and services workers",50
2025,other administrative and support services,"production and transport operators, cleaners and labourers",10
2025,"community, social and personal services","professionals, managers, executives and technicians",290
2025,"community, social and personal services","clerical, sales and services workers",60
2025,"community, social and personal services","production and transport operators, cleaners and labourers",120
2025,public administration and education,"professionals, managers, executives and technicians",140
2025,public administration and education,"clerical, sales and services workers",10
2025,public administration and education,"production and transport operators, cleaners and labourers",-
2025,health and social services,"professionals, managers, executives and technicians",70
2025,health and social services,"clerical, sales and services workers",10
2025,health and social services,"production and transport operators, cleaners and labourers",110
2025,"arts, entertainment and recreation","professionals, managers, executives and technicians",10
2025,"arts, entertainment and recreation","clerical, sales and services workers",30
2025,"arts, entertainment and recreation","production and transport operators, cleaners and labourers",-
2025,"other community, social and personal services","professionals, managers, executives and technicians",70
2025,"other community, social and personal services","clerical, sales and services workers",10
2025,"other community, social and personal services","production and transport operators, cleaners and labourers",10
2025,others,"professionals, managers, executives and technicians",130
2025,others,"clerical, sales and services workers",10
2025,others,"production and transport operators, cleaners and labourers",20
