year,industry,occupation,job_vacancy
1998,manufacturing,"professionals, managers, executives and technicians",1300
1998,manufacturing,"clerical, sales and services workers",500
1998,manufacturing,"production and transport operators, cleaners and labourers",3400
1998,"food, beverages and tobacco","professionals, managers, executives and technicians",-
1998,"food, beverages and tobacco","clerical, sales and services workers",100
1998,"food, beverages and tobacco","production and transport operators, cleaners and labourers",100
1998,textile and wearing apparel,"professionals, managers, executives and technicians",-
1998,textile and wearing apparel,"clerical, sales and services workers",-
1998,textile and wearing apparel,"production and transport operators, cleaners and labourers",400
1998,paper products and publishing,"professionals, managers, executives and technicians",100
1998,paper products and publishing,"clerical, sales and services workers",-
1998,paper products and publishing,"production and transport operators, cleaners and labourers",100
1998,petroleum and chemical products,"professionals, managers, executives and technicians",100
1998,petroleum and chemical products,"clerical, sales and services workers",-
1998,petroleum and chemical products,"production and transport operators, cleaners and labourers",100
1998,rubber and plastic products,"professionals, managers, executives and technicians",-
1998,rubber and plastic products,"clerical, sales and services workers",-
1998,rubber and plastic products,"production and transport operators, cleaners and labourers",200
1998,fabricated metal products,"professionals, managers, executives and technicians",100
1998,fabricated metal products,"clerical, sales and services workers",-
1998,fabricated metal products,"production and transport operators, cleaners and labourers",300
1998,machinery and equipment,"professionals, managers, executives and technicians",100
1998,machinery and equipment,"clerical, sales and services workers",-
1998,machinery and equipment,"production and transport operators, cleaners and labourers",500
1998,electrical products,"professionals, managers, executives and technicians",-
1998,electrical products,"clerical, sales and services workers",-
1998,electrical products,"production and transport operators, cleaners and labourers",-
1998,electronic products,"professionals, managers, executives and technicians",600
1998,electronic products,"clerical, sales and services workers",100
1998,electronic products,"production and transport operators, cleaners and labourers",900
1998,medical and precision instruments,"professionals, managers, executives and technicians",100
1998,medical and precision instruments,"clerical, sales and services workers",-
1998,medical and precision instruments,"production and transport operators, cleaners and labourers",-
1998,transport equipment,"professionals, managers, executives and technicians",200
1998,transport equipment,"clerical, sales and services workers",100
1998,transport equipment,"production and transport operators, cleaners and labourers",700
1998,other manufacturing industries,"professionals, managers, executives and technicians",-
1998,other manufacturing industries,"clerical, sales and services workers",-
1998,other manufacturing industries,"production and transport operators, cleaners and labourers",100
1998,construction,"professionals, managers, executives and technicians",200
1998,construction,"clerical, sales and services workers",100
1998,construction,"production and transport operators, cleaners and labourers",2300
1998,services,"professionals, managers, executives and technicians",3400
1998,services,"clerical, sales and services workers",5400
1998,services,"production and transport operators, cleaners and labourers",1600
1998,wholesale and retail trade,"professionals, managers, executives and technicians",500
1998,wholesale and retail trade,"clerical, sales and services workers",900
1998,wholesale and retail trade,"production and transport operators, cleaners and labourers",400
1998,wholesale trade,"professionals, managers, executives and technicians",400
1998,wholesale trade,"clerical, sales and services workers",300
1998,wholesale trade,"production and transport operators, cleaners and labourers",300
1998,retail trade,"professionals, managers, executives and technicians",100
1998,retail trade,"clerical, sales and services workers",600
1998,retail trade,"production and transport operators, cleaners and labourers",100
1998,hotels and restaurants,"professionals, managers, executives and technicians",200
1998,hotels and restaurants,"clerical, sales and services workers",1600
1998,hotels and restaurants,"production and transport operators, cleaners and labourers",200
1998,hotels,"professionals, managers, executives and technicians",100
1998,hotels,"clerical, sales and services workers",1100
1998,hotels,"production and transport operators, cleaners and labourers",200
1998,restaurants,"professionals, managers, executives and technicians",100
1998,restaurants,"clerical, sales and services workers",500
1998,restaurants,"production and transport operators, cleaners and labourers",-
1998,"transport, storage and communications","professionals, managers, executives and technicians",500
1998,"transport, storage and communications","clerical, sales and services workers",1100
1998,"transport, storage and communications","production and transport operators, cleaners and labourers",500
1998,financial intermediation,"professionals, managers, executives and technicians",500
1998,financial intermediation,"clerical, sales and services workers",500
1998,financial intermediation,"production and transport operators, cleaners and labourers",100
1998,financial institutions,"professionals, managers, executives and technicians",400
1998,financial institutions,"clerical, sales and services workers",500
1998,financial institutions,"production and transport operators, cleaners and labourers",100
1998,insurance and pension funding,"professionals, managers, executives and technicians",100
1998,insurance and pension funding,"clerical, sales and services workers",-
1998,insurance and pension funding,"production and transport operators, cleaners and labourers",-
1998,business and real estate services,"professionals, managers, executives and technicians",700
1998,business and real estate services,"clerical, sales and services workers",600
1998,business and real estate services,"production and transport operators, cleaners and labourers",300
1998,"community, social and personal services","professionals, managers, executives and technicians",1000
1998,"community, social and personal services","clerical, sales and services workers",800
1998,"community, social and personal services","production and transport operators, cleaners and labourers",200
1998,others,"professionals, managers, executives and technicians",-
1998,others,"clerical, sales and services workers",-
1998,others,"production and transport operators, cleaners and labourers",-
1999,manufacturing,"professionals, managers, executives and technicians",1700
1999,manufacturing,"clerical, sales and services workers",500
1999,manufacturing,"production and transport operators, cleaners and labourers",3800
1999,"food, beverages and tobacco","professionals, managers, executives and technicians",-
1999,"food, beverages and tobacco","clerical, sales and services workers",-
1999,"food, beverages and tobacco","production and transport operators, cleaners and labourers",-
1999,textile and wearing apparel,"professionals, managers, executives and technicians",-
1999,textile and wearing apparel,"clerical, sales and services workers",-
1999,textile and wearing apparel,"production and transport operators, cleaners and labourers",400
1999,paper products and publishing,"professionals, managers, executives and technicians",100
1999,paper products and publishing,"clerical, sales and services workers",100
1999,paper products and publishing,"production and transport operators, cleaners and labourers",300
1999,petroleum and chemical products,"professionals, managers, executives and technicians",100
1999,petroleum and chemical products,"clerical, sales and services workers",-
1999,petroleum and chemical products,"production and transport operators, cleaners and labourers",100
1999,rubber and plastic products,"professionals, managers, executives and technicians",100
1999,rubber and plastic products,"clerical, sales and services workers",-
1999,rubber and plastic products,"production and transport operators, cleaners and labourers",300
1999,fabricated metal products,"professionals, managers, executives and technicians",200
1999,fabricated metal products,"clerical, sales and services workers",100
1999,fabricated metal products,"production and transport operators, cleaners and labourers",500
1999,machinery and equipment,"professionals, managers, executives and technicians",200
1999,machinery and equipment,"clerical, sales and services workers",100
1999,machinery and equipment,"production and transport operators, cleaners and labourers",400
1999,electrical products,"professionals, managers, executives and technicians",-
1999,electrical products,"clerical, sales and services workers",-
1999,electrical products,"production and transport operators, cleaners and labourers",100
1999,electronic products,"professionals, managers, executives and technicians",800
1999,electronic products,"clerical, sales and services workers",100
1999,electronic products,"production and transport operators, cleaners and labourers",1000
1999,medical and precision instruments,"professionals, managers, executives and technicians",-
1999,medical and precision instruments,"clerical, sales and services workers",-
1999,medical and precision instruments,"production and transport operators, cleaners and labourers",100
1999,transport equipment,"professionals, managers, executives and technicians",200
1999,transport equipment,"clerical, sales and services workers",100
1999,transport equipment,"production and transport operators, cleaners and labourers",500
1999,other manufacturing industries,"professionals, managers, executives and technicians",-
1999,other manufacturing industries,"clerical, sales and services workers",-
1999,other manufacturing industries,"production and transport operators, cleaners and labourers",100
1999,construction,"professionals, managers, executives and technicians",200
1999,construction,"clerical, sales and services workers",100
1999,construction,"production and transport operators, cleaners and labourers",1600
1999,services,"professionals, managers, executives and technicians",4800
1999,services,"clerical, sales and services workers",5800
1999,services,"production and transport operators, cleaners and labourers",2100
1999,wholesale and retail trade,"professionals, managers, executives and technicians",800
1999,wholesale and retail trade,"clerical, sales and services workers",1300
1999,wholesale and retail trade,"production and transport operators, cleaners and labourers",500
1999,wholesale trade,"professionals, managers, executives and technicians",700
1999,wholesale trade,"clerical, sales and services workers",600
1999,wholesale trade,"production and transport operators, cleaners and labourers",400
1999,retail trade,"professionals, managers, executives and technicians",100
1999,retail trade,"clerical, sales and services workers",600
1999,retail trade,"production and transport operators, cleaners and labourers",100
1999,hotels and restaurants,"professionals, managers, executives and technicians",200
1999,hotels and restaurants,"clerical, sales and services workers",1100
1999,hotels and restaurants,"production and transport operators, cleaners and labourers",200
1999,hotels,"professionals, managers, executives and technicians",100
1999,hotels,"clerical, sales and services workers",500
1999,hotels,"production and transport operators, cleaners and labourers",100
1999,restaurants,"professionals, managers, executives and technicians",100
1999,restaurants,"clerical, sales and services workers",500
1999,restaurants,"production and transport operators, cleaners and labourers",100
1999,"transport, storage and communications","professionals, managers, executives and technicians",700
1999,"transport, storage and communications","clerical, sales and services workers",1300
1999,"transport, storage and communications","production and transport operators, cleaners and labourers",700
1999,financial intermediation,"professionals, managers, executives and technicians",900
1999,financial intermediation,"clerical, sales and services workers",500
1999,financial intermediation,"production and transport operators, cleaners and labourers",100
1999,financial institutions,"professionals, managers, executives and technicians",800
1999,financial institutions,"clerical, sales and services workers",400
1999,financial institutions,"production and transport operators, cleaners and labourers",100
1999,insurance and pension funding,"professionals, managers, executives and technicians",100
1999,insurance and pension funding,"clerical, sales and services workers",-
1999,insurance and pension funding,"production and transport operators, cleaners and labourers",-
1999,business and real estate services,"professionals, managers, executives and technicians",1100
1999,business and real estate services,"clerical, sales and services workers",800
1999,business and real estate services,"production and transport operators, cleaners and labourers",300
1999,"community, social and personal services","professionals, managers, executives and technicians",1100
1999,"community, social and personal services","clerical, sales and services workers",800
1999,"community, social and personal services","production and transport operators, cleaners and labourers",300
1999,others,"professionals, managers, executives and technicians",200
1999,others,"clerical, sales and services workers",-
1999,others,"production and transport operators, cleaners and labourers",-
2000,manufacturing,"professionals, managers, executives and technicians",2500
2000,manufacturing,"clerical, sales and services workers",700
2000,manufacturing,"production and transport operators, cleaners and labourers",5400
2000,"food, beverages and tobacco","professionals, managers, executives and technicians",-
2000,"food, beverages and tobacco","clerical, sales and services workers",-
2000,"food, beverages and tobacco","production and transport operators, cleaners and labourers",100
2000,paper products and printing,"professionals, managers, executives and technicians",-
2000,paper products and printing,"clerical, sales and services workers",-
2000,paper products and printing,"production and transport operators, cleaners and labourers",200
2000,"petroleum, chemical and pharmaceutical products","professionals, managers, executives and technicians",100
2000,"petroleum, chemical and pharmaceutical products","clerical, sales and services workers",-
2000,"petroleum, chemical and pharmaceutical products","production and transport operators, cleaners and labourers",100
2000,rubber and plastic products,"professionals, managers, executives and technicians",100
2000,rubber and plastic products,"clerical, sales and services workers",100
2000,rubber and plastic products,"production and transport operators, cleaners and labourers",600
2000,fabricated metal products,"professionals, managers, executives and technicians",200
2000,fabricated metal products,"clerical, sales and services workers",100
2000,fabricated metal products,"production and transport operators, cleaners and labourers",600
2000,machinery and equipment,"professionals, managers, executives and technicians",200
2000,machinery and equipment,"clerical, sales and services workers",100
2000,machinery and equipment,"production and transport operators, cleaners and labourers",700
2000,electrical products,"professionals, managers, executives and technicians",100
2000,electrical products,"clerical, sales and services workers",-
2000,electrical products,"production and transport operators, cleaners and labourers",100
2000,electronic products,"professionals, managers, executives and technicians",1300
2000,electronic products,"clerical, sales and services workers",200
2000,electronic products,"production and transport operators, cleaners and labourers",1400
2000,medical and precision instruments,"professionals, managers, executives and technicians",100
2000,medical and precision instruments,"clerical, sales and services workers",-
2000,medical and precision instruments,"production and transport operators, cleaners and labourers",200
2000,transport equipment,"professionals, managers, executives and technicians",200
2000,transport equipment,"clerical, sales and services workers",100
2000,transport equipment,"production and transport operators, cleaners and labourers",800
2000,other manufacturing industries,"professionals, managers, executives and technicians",100
2000,other manufacturing industries,"clerical, sales and services workers",100
2000,other manufacturing industries,"production and transport operators, cleaners and labourers",600
2000,construction,"professionals, managers, executives and technicians",300
2000,construction,"clerical, sales and services workers",100
2000,construction,"production and transport operators, cleaners and labourers",1200
2000,services producing industries,"professionals, managers, executives and technicians",6900
2000,services producing industries,"clerical, sales and services workers",7200
2000,services producing industries,"production and transport operators, cleaners and labourers",3000
2000,wholesale and retail trade,"professionals, managers, executives and technicians",1000
2000,wholesale and retail trade,"clerical, sales and services workers",1700
2000,wholesale and retail trade,"production and transport operators, cleaners and labourers",500
2000,wholesale trade,"professionals, managers, executives and technicians",900
2000,wholesale trade,"clerical, sales and services workers",700
2000,wholesale trade,"production and transport operators, cleaners and labourers",400
2000,retail trade,"professionals, managers, executives and technicians",100
2000,retail trade,"clerical, sales and services workers",1000
2000,retail trade,"production and transport operators, cleaners and labourers",100
2000,transport and storage,"professionals, managers, executives and technicians",500
2000,transport and storage,"clerical, sales and services workers",1100
2000,transport and storage,"production and transport operators, cleaners and labourers",1300
2000,land transport and supporting services,"professionals, managers, executives and technicians",-
2000,land transport and supporting services,"clerical, sales and services workers",100
2000,land transport and supporting services,"production and transport operators, cleaners and labourers",300
2000,water transport and supporting services,"professionals, managers, executives and technicians",200
2000,water transport and supporting services,"clerical, sales and services workers",100
2000,water transport and supporting services,"production and transport operators, cleaners and labourers",800
2000,air transport and supporting services,"professionals, managers, executives and technicians",200
2000,air transport and supporting services,"clerical, sales and services workers",700
2000,air transport and supporting services,"production and transport operators, cleaners and labourers",100
2000,other transport and storage services,"professionals, managers, executives and technicians",100
2000,other transport and storage services,"clerical, sales and services workers",200
2000,other transport and storage services,"production and transport operators, cleaners and labourers",100
2000,hotels and restaurants,"professionals, managers, executives and technicians",200
2000,hotels and restaurants,"clerical, sales and services workers",1300
2000,hotels and restaurants,"production and transport operators, cleaners and labourers",300
2000,hotels,"professionals, managers, executives and technicians",100
2000,hotels,"clerical, sales and services workers",700
2000,hotels,"production and transport operators, cleaners and labourers",100
2000,restaurants,"professionals, managers, executives and technicians",100
2000,restaurants,"clerical, sales and services workers",600
2000,restaurants,"production and transport operators, cleaners and labourers",200
2000,information and communications,"professionals, managers, executives and technicians",1400
2000,information and communications,"clerical, sales and services workers",400
2000,information and communications,"production and transport operators, cleaners and labourers",-
2000,broadcasting and publishing,"professionals, managers, executives and technicians",400
2000,broadcasting and publishing,"clerical, sales and services workers",100
2000,broadcasting and publishing,"production and transport operators, cleaners and labourers",-
2000,telecommunications,"professionals, managers, executives and technicians",300
2000,telecommunications,"clerical, sales and services workers",300
2000,telecommunications,"production and transport operators, cleaners and labourers",-
2000,it and other information services,"professionals, managers, executives and technicians",700
2000,it and other information services,"clerical, sales and services workers",-
2000,it and other information services,"production and transport operators, cleaners and labourers",-
2000,financial services,"professionals, managers, executives and technicians",1500
2000,financial services,"clerical, sales and services workers",800
2000,financial services,"production and transport operators, cleaners and labourers",100
2000,financial institutions,"professionals, managers, executives and technicians",1300
2000,financial institutions,"clerical, sales and services workers",700
2000,financial institutions,"production and transport operators, cleaners and labourers",100
2000,insurance,"professionals, managers, executives and technicians",200
2000,insurance,"clerical, sales and services workers",100
2000,insurance,"production and transport operators, cleaners and labourers",-
2000,real estate and leasing services,"professionals, managers, executives and technicians",100
2000,real estate and leasing services,"clerical, sales and services workers",300
2000,real estate and leasing services,"production and transport operators, cleaners and labourers",300
2000,professional services,"professionals, managers, executives and technicians",800
2000,professional services,"clerical, sales and services workers",300
2000,professional services,"production and transport operators, cleaners and labourers",200
2000,"legal, accounting and management services","professionals, managers, executives and technicians",400
2000,"legal, accounting and management services","clerical, sales and services workers",100
2000,"legal, accounting and management services","production and transport operators, cleaners and labourers",-
2000,architectural and engineering services,"professionals, managers, executives and technicians",200
2000,architectural and engineering services,"clerical, sales and services workers",100
2000,architectural and engineering services,"production and transport operators, cleaners and labourers",100
2000,other professional services,"professionals, managers, executives and technicians",200
2000,other professional services,"clerical, sales and services workers",100
2000,other professional services,"production and transport operators, cleaners and labourers",-
2000,administrative and support services,"professionals, managers, executives and technicians",100
2000,administrative and support services,"clerical, sales and services workers",500
2000,administrative and support services,"production and transport operators, cleaners and labourers",200
2000,"community, social and personal services","professionals, managers, executives and technicians",1300
2000,"community, social and personal services","clerical, sales and services workers",900
2000,"community, social and personal services","production and transport operators, cleaners and labourers",200
2000,education,"professionals, managers, executives and technicians",200
2000,education,"clerical, sales and services workers",100
2000,education,"production and transport operators, cleaners and labourers",-
2000,"health, social and community services","professionals, managers, executives and technicians",900
2000,"health, social and community services","clerical, sales and services workers",400
2000,"health, social and community services","production and transport operators, cleaners and labourers",100
2000,"other community, social and personal services","professionals, managers, executives and technicians",200
2000,"other community, social and personal services","clerical, sales and services workers",400
2000,"other community, social and personal services","production and transport operators, cleaners and labourers",100
2000,others,"professionals, managers, executives and technicians",200
2000,others,"clerical, sales and services workers",-
2000,others,"production and transport operators, cleaners and labourers",100
2001,manufacturing,"professionals, managers, executives and technicians",1200
2001,manufacturing,"clerical, sales and services workers",300
2001,manufacturing,"production and transport operators, cleaners and labourers",2300
2001,"food, beverages and tobacco","professionals, managers, executives and technicians",-
2001,"food, beverages and tobacco","clerical, sales and services workers",-
2001,"food, beverages and tobacco","production and transport operators, cleaners and labourers",100
2001,paper products and printing,"professionals, managers, executives and technicians",-
2001,paper products and printing,"clerical, sales and services workers",-
2001,paper products and printing,"production and transport operators, cleaners and labourers",100
2001,"petroleum, chemical and pharmaceutical products","professionals, managers, executives and technicians",100
2001,"petroleum, chemical and pharmaceutical products","clerical, sales and services workers",-
2001,"petroleum, chemical and pharmaceutical products","production and transport operators, cleaners and labourers",100
2001,rubber and plastic products,"professionals, managers, executives and technicians",-
2001,rubber and plastic products,"clerical, sales and services workers",-
2001,rubber and plastic products,"production and transport operators, cleaners and labourers",100
2001,fabricated metal products,"professionals, managers, executives and technicians",100
2001,fabricated metal products,"clerical, sales and services workers",-
2001,fabricated metal products,"production and transport operators, cleaners and labourers",200
2001,machinery and equipment,"professionals, managers, executives and technicians",100
2001,machinery and equipment,"clerical, sales and services workers",-
2001,machinery and equipment,"production and transport operators, cleaners and labourers",300
2001,electrical products,"professionals, managers, executives and technicians",-
2001,electrical products,"clerical, sales and services workers",-
2001,electrical products,"production and transport operators, cleaners and labourers",-
2001,electronic products,"professionals, managers, executives and technicians",400
2001,electronic products,"clerical, sales and services workers",-
2001,electronic products,"production and transport operators, cleaners and labourers",200
2001,medical and precision instruments,"professionals, managers, executives and technicians",100
2001,medical and precision instruments,"clerical, sales and services workers",-
2001,medical and precision instruments,"production and transport operators, cleaners and labourers",100
2001,transport equipment,"professionals, managers, executives and technicians",300
2001,transport equipment,"clerical, sales and services workers",100
2001,transport equipment,"production and transport operators, cleaners and labourers",1000
2001,other manufacturing industries,"professionals, managers, executives and technicians",-
2001,other manufacturing industries,"clerical, sales and services workers",-
2001,other manufacturing industries,"production and transport operators, cleaners and labourers",200
2001,construction,"professionals, managers, executives and technicians",100
2001,construction,"clerical, sales and services workers",100
2001,construction,"production and transport operators, cleaners and labourers",700
2001,services producing industries,"professionals, managers, executives and technicians",4300
2001,services producing industries,"clerical, sales and services workers",4400
2001,services producing industries,"production and transport operators, cleaners and labourers",2300
2001,wholesale and retail trade,"professionals, managers, executives and technicians",500
2001,wholesale and retail trade,"clerical, sales and services workers",1000
2001,wholesale and retail trade,"production and transport operators, cleaners and labourers",200
2001,wholesale trade,"professionals, managers, executives and technicians",400
2001,wholesale trade,"clerical, sales and services workers",400
2001,wholesale trade,"production and transport operators, cleaners and labourers",200
2001,retail trade,"professionals, managers, executives and technicians",100
2001,retail trade,"clerical, sales and services workers",700
2001,retail trade,"production and transport operators, cleaners and labourers",-
2001,transport and storage,"professionals, managers, executives and technicians",600
2001,transport and storage,"clerical, sales and services workers",800
2001,transport and storage,"production and transport operators, cleaners and labourers",1100
2001,land transport and supporting services,"professionals, managers, executives and technicians",-
2001,land transport and supporting services,"clerical, sales and services workers",100
2001,land transport and supporting services,"production and transport operators, cleaners and labourers",200
2001,water transport and supporting services,"professionals, managers, executives and technicians",100
2001,water transport and supporting services,"clerical, sales and services workers",-
2001,water transport and supporting services,"production and transport operators, cleaners and labourers",800
2001,air transport and supporting services,"professionals, managers, executives and technicians",400
2001,air transport and supporting services,"clerical, sales and services workers",600
2001,air transport and supporting services,"production and transport operators, cleaners and labourers",100
2001,other transport and storage services,"professionals, managers, executives and technicians",100
2001,other transport and storage services,"clerical, sales and services workers",100
2001,other transport and storage services,"production and transport operators, cleaners and labourers",100
2001,hotels and restaurants,"professionals, managers, executives and technicians",200
2001,hotels and restaurants,"clerical, sales and services workers",1000
2001,hotels and restaurants,"production and transport operators, cleaners and labourers",200
2001,hotels,"professionals, managers, executives and technicians",100
2001,hotels,"clerical, sales and services workers",600
2001,hotels,"production and transport operators, cleaners and labourers",100
2001,restaurants,"professionals, managers, executives and technicians",-
2001,restaurants,"clerical, sales and services workers",400
2001,restaurants,"production and transport operators, cleaners and labourers",100
2001,information and communications,"professionals, managers, executives and technicians",500
2001,information and communications,"clerical, sales and services workers",100
2001,information and communications,"production and transport operators, cleaners and labourers",-
2001,broadcasting and publishing,"professionals, managers, executives and technicians",100
2001,broadcasting and publishing,"clerical, sales and services workers",-
2001,broadcasting and publishing,"production and transport operators, cleaners and labourers",-
2001,telecommunications,"professionals, managers, executives and technicians",100
2001,telecommunications,"clerical, sales and services workers",-
2001,telecommunications,"production and transport operators, cleaners and labourers",-
2001,it and other information services,"professionals, managers, executives and technicians",300
2001,it and other information services,"clerical, sales and services workers",-
2001,it and other information services,"production and transport operators, cleaners and labourers",-
2001,financial services,"professionals, managers, executives and technicians",1200
2001,financial services,"clerical, sales and services workers",400
2001,financial services,"production and transport operators, cleaners and labourers",-
2001,financial institutions,"professionals, managers, executives and technicians",1000
2001,financial institutions,"clerical, sales and services workers",400
2001,financial institutions,"production and transport operators, cleaners and labourers",-
2001,insurance,"professionals, managers, executives and technicians",200
2001,insurance,"clerical, sales and services workers",100
2001,insurance,"production and transport operators, cleaners and labourers",-
2001,real estate and leasing services,"professionals, managers, executives and technicians",100
2001,real estate and leasing services,"clerical, sales and services workers",100
2001,real estate and leasing services,"production and transport operators, cleaners and labourers",300
2001,professional services,"professionals, managers, executives and technicians",400
2001,professional services,"clerical, sales and services workers",100
2001,professional services,"production and transport operators, cleaners and labourers",-
2001,"legal, accounting and management services","professionals, managers, executives and technicians",100
2001,"legal, accounting and management services","clerical, sales and services workers",100
2001,"legal, accounting and management services","production and transport operators, cleaners and labourers",-
2001,architectural and engineering services,"professionals, managers, executives and technicians",100
2001,architectural and engineering services,"clerical, sales and services workers",-
2001,architectural and engineering services,"production and transport operators, cleaners and labourers",-
2001,other professional services,"professionals, managers, executives and technicians",200
2001,other professional services,"clerical, sales and services workers",-
2001,other professional services,"production and transport operators, cleaners and labourers",-
2001,administrative and support services,"professionals, managers, executives and technicians",-
2001,administrative and support services,"clerical, sales and services workers",300
2001,administrative and support services,"production and transport operators, cleaners and labourers",200
2001,"community, social and personal services","professionals, managers, executives and technicians",700
2001,"community, social and personal services","clerical, sales and services workers",500
2001,"community, social and personal services","production and transport operators, cleaners and labourers",200
2001,education,"professionals, managers, executives and technicians",100
2001,education,"clerical, sales and services workers",-
2001,education,"production and transport operators, cleaners and labourers",-
2001,"health, social and community services","professionals, managers, executives and technicians",500
2001,"health, social and community services","clerical, sales and services workers",200
2001,"health, social and community services","production and transport operators, cleaners and labourers",100
2001,"other community, social and personal services","professionals, managers, executives and technicians",100
2001,"other community, social and personal services","clerical, sales and services workers",200
2001,"other community, social and personal services","production and transport operators, cleaners and labourers",100
2001,others,"professionals, managers, executives and technicians",200
2001,others,"clerical, sales and services workers",-
2001,others,"production and transport operators, cleaners and labourers",100
2002,manufacturing,"professionals, managers, executives and technicians",1500
2002,manufacturing,"clerical, sales and services workers",300
2002,manufacturing,"production and transport operators, cleaners and labourers",3300
2002,"food, beverages and tobacco","professionals, managers, executives and technicians",-
2002,"food, beverages and tobacco","clerical, sales and services workers",-
2002,"food, beverages and tobacco","production and transport operators, cleaners and labourers",200
2002,paper products and printing,"professionals, managers, executives and technicians",-
2002,paper products and printing,"clerical, sales and services workers",-
2002,paper products and printing,"production and transport operators, cleaners and labourers",100
2002,"petroleum, chemical and pharmaceutical products","professionals, managers, executives and technicians",100
2002,"petroleum, chemical and pharmaceutical products","clerical, sales and services workers",-
2002,"petroleum, chemical and pharmaceutical products","production and transport operators, cleaners and labourers",100
2002,rubber and plastic products,"professionals, managers, executives and technicians",100
2002,rubber and plastic products,"clerical, sales and services workers",-
2002,rubber and plastic products,"production and transport operators, cleaners and labourers",200
2002,fabricated metal products,"professionals, managers, executives and technicians",100
2002,fabricated metal products,"clerical, sales and services workers",-
2002,fabricated metal products,"production and transport operators, cleaners and labourers",500
2002,machinery and equipment,"professionals, managers, executives and technicians",100
2002,machinery and equipment,"clerical, sales and services workers",-
2002,machinery and equipment,"production and transport operators, cleaners and labourers",300
2002,electrical products,"professionals, managers, executives and technicians",-
2002,electrical products,"clerical, sales and services workers",-
2002,electrical products,"production and transport operators, cleaners and labourers",100
2002,electronic products,"professionals, managers, executives and technicians",500
2002,electronic products,"clerical, sales and services workers",-
2002,electronic products,"production and transport operators, cleaners and labourers",700
2002,medical and precision instruments,"professionals, managers, executives and technicians",100
2002,medical and precision instruments,"clerical, sales and services workers",-
2002,medical and precision instruments,"production and transport operators, cleaners and labourers",-
2002,transport equipment,"professionals, managers, executives and technicians",400
2002,transport equipment,"clerical, sales and services workers",100
2002,transport equipment,"production and transport operators, cleaners and labourers",900
2002,other manufacturing industries,"professionals, managers, executives and technicians",-
2002,other manufacturing industries,"clerical, sales and services workers",-
2002,other manufacturing industries,"production and transport operators, cleaners and labourers",300
2002,construction,"professionals, managers, executives and technicians",100
2002,construction,"clerical, sales and services workers",-
2002,construction,"production and transport operators, cleaners and labourers",500
2002,services producing industries,"professionals, managers, executives and technicians",2900
2002,services producing industries,"clerical, sales and services workers",3600
2002,services producing industries,"production and transport operators, cleaners and labourers",2300
2002,wholesale and retail trade,"professionals, managers, executives and technicians",400
2002,wholesale and retail trade,"clerical, sales and services workers",800
2002,wholesale and retail trade,"production and transport operators, cleaners and labourers",300
2002,wholesale trade,"professionals, managers, executives and technicians",400
2002,wholesale trade,"clerical, sales and services workers",300
2002,wholesale trade,"production and transport operators, cleaners and labourers",200
2002,retail trade,"professionals, managers, executives and technicians",100
2002,retail trade,"clerical, sales and services workers",500
2002,retail trade,"production and transport operators, cleaners and labourers",100
2002,transport and storage,"professionals, managers, executives and technicians",400
2002,transport and storage,"clerical, sales and services workers",800
2002,transport and storage,"production and transport operators, cleaners and labourers",1300
2002,land transport and supporting services,"professionals, managers, executives and technicians",-
2002,land transport and supporting services,"clerical, sales and services workers",-
2002,land transport and supporting services,"production and transport operators, cleaners and labourers",200
2002,water transport and supporting services,"professionals, managers, executives and technicians",100
2002,water transport and supporting services,"clerical, sales and services workers",-
2002,water transport and supporting services,"production and transport operators, cleaners and labourers",800
2002,air transport and supporting services,"professionals, managers, executives and technicians",300
2002,air transport and supporting services,"clerical, sales and services workers",700
2002,air transport and supporting services,"production and transport operators, cleaners and labourers",200
2002,other transport and storage services,"professionals, managers, executives and technicians",-
2002,other transport and storage services,"clerical, sales and services workers",100
2002,other transport and storage services,"production and transport operators, cleaners and labourers",100
2002,hotels and restaurants,"professionals, managers, executives and technicians",100
2002,hotels and restaurants,"clerical, sales and services workers",900
2002,hotels and restaurants,"production and transport operators, cleaners and labourers",200
2002,hotels,"professionals, managers, executives and technicians",100
2002,hotels,"clerical, sales and services workers",400
2002,hotels,"production and transport operators, cleaners and labourers",100
2002,restaurants,"professionals, managers, executives and technicians",-
2002,restaurants,"clerical, sales and services workers",500
2002,restaurants,"production and transport operators, cleaners and labourers",100
2002,information and communications,"professionals, managers, executives and technicians",400
2002,information and communications,"clerical, sales and services workers",100
2002,information and communications,"production and transport operators, cleaners and labourers",-
2002,broadcasting and publishing,"professionals, managers, executives and technicians",200
2002,broadcasting and publishing,"clerical, sales and services workers",-
2002,broadcasting and publishing,"production and transport operators, cleaners and labourers",-
2002,telecommunications,"professionals, managers, executives and technicians",100
2002,telecommunications,"clerical, sales and services workers",-
2002,telecommunications,"production and transport operators, cleaners and labourers",-
2002,it and other information services,"professionals, managers, executives and technicians",200
2002,it and other information services,"clerical, sales and services workers",-
2002,it and other information services,"production and transport operators, cleaners and labourers",-
2002,financial services,"professionals, managers, executives and technicians",400
2002,financial services,"clerical, sales and services workers",200
2002,financial services,"production and transport operators, cleaners and labourers",-
2002,financial institutions,"professionals, managers, executives and technicians",300
2002,financial institutions,"clerical, sales and services workers",100
2002,financial institutions,"production and transport operators, cleaners and labourers",-
2002,insurance,"professionals, managers, executives and technicians",100
2002,insurance,"clerical, sales and services workers",-
2002,insurance,"production and transport operators, cleaners and labourers",-
2002,real estate and leasing services,"professionals, managers, executives and technicians",100
2002,real estate and leasing services,"clerical, sales and services workers",100
2002,real estate and leasing services,"production and transport operators, cleaners and labourers",300
2002,professional services,"professionals, managers, executives and technicians",400
2002,professional services,"clerical, sales and services workers",100
2002,professional services,"production and transport operators, cleaners and labourers",-
2002,"legal, accounting and management services","professionals, managers, executives and technicians",100
2002,"legal, accounting and management services","clerical, sales and services workers",100
2002,"legal, accounting and management services","production and transport operators, cleaners and labourers",-
2002,architectural and engineering services,"professionals, managers, executives and technicians",100
2002,architectural and engineering services,"clerical, sales and services workers",-
2002,architectural and engineering services,"production and transport operators, cleaners and labourers",-
2002,other professional services,"professionals, managers, executives and technicians",100
2002,other professional services,"clerical, sales and services workers",-
2002,other professional services,"production and transport operators, cleaners and labourers",-
2002,administrative and support services,"professionals, managers, executives and technicians",100
2002,administrative and support services,"clerical, sales and services workers",200
2002,administrative and support services,"production and transport operators, cleaners and labourers",100
2002,"community, social and personal services","professionals, managers, executives and technicians",700
2002,"community, social and personal services","clerical, sales and services workers",400
2002,"community, social and personal services","production and transport operators, cleaners and labourers",100
2002,education,"professionals, managers, executives and technicians",100
2002,education,"clerical, sales and services workers",-
2002,education,"production and transport operators, cleaners and labourers",-
2002,"health, social and community services","professionals, managers, executives and technicians",400
2002,"health, social and community services","clerical, sales and services workers",200
2002,"health, social and community services","production and transport operators, cleaners and labourers",100
2002,"other community, social and personal services","professionals, managers, executives and technicians",100
2002,"other community, social and personal services","clerical, sales and services workers",200
2002,"other community, social and personal services","production and transport operators, cleaners and labourers",100
2002,others,"professionals, managers, executives and technicians",200
2002,others,"clerical, sales and services workers",-
2002,others,"production and transport operators, cleaners and labourers",200
2003,manufacturing,"professionals, managers, executives and technicians",1200
2003,manufacturing,"clerical, sales and services workers",300
2003,manufacturing,"production and transport operators, cleaners and labourers",2800
2003,"food, beverages and tobacco","professionals, managers, executives and technicians",-
2003,"food, beverages and tobacco","clerical, sales and services workers",-
2003,"food, beverages and tobacco","production and transport operators, cleaners and labourers",100
2003,paper products and printing,"professionals, managers, executives and technicians",-
2003,paper products and printing,"clerical, sales and services workers",-
2003,paper products and printing,"production and transport operators, cleaners and labourers",100
2003,"petroleum, chemical and pharmaceutical products","professionals, managers, executives and technicians",100
2003,"petroleum, chemical and pharmaceutical products","clerical, sales and services workers",-
2003,"petroleum, chemical and pharmaceutical products","production and transport operators, cleaners and labourers",100
2003,rubber and plastic products,"professionals, managers, executives and technicians",100
2003,rubber and plastic products,"clerical, sales and services workers",-
2003,rubber and plastic products,"production and transport operators, cleaners and labourers",200
2003,fabricated metal products,"professionals, managers, executives and technicians",100
2003,fabricated metal products,"clerical, sales and services workers",-
2003,fabricated metal products,"production and transport operators, cleaners and labourers",300
2003,machinery and equipment,"professionals, managers, executives and technicians",100
2003,machinery and equipment,"clerical, sales and services workers",-
2003,machinery and equipment,"production and transport operators, cleaners and labourers",200
2003,electrical products,"professionals, managers, executives and technicians",-
2003,electrical products,"clerical, sales and services workers",-
2003,electrical products,"production and transport operators, cleaners and labourers",-
2003,electronic products,"professionals, managers, executives and technicians",500
2003,electronic products,"clerical, sales and services workers",-
2003,electronic products,"production and transport operators, cleaners and labourers",500
2003,medical and precision instruments,"professionals, managers, executives and technicians",-
2003,medical and precision instruments,"clerical, sales and services workers",-
2003,medical and precision instruments,"production and transport operators, cleaners and labourers",100
2003,transport equipment,"professionals, managers, executives and technicians",200
2003,transport equipment,"clerical, sales and services workers",-
2003,transport equipment,"production and transport operators, cleaners and labourers",800
2003,other manufacturing industries,"professionals, managers, executives and technicians",-
2003,other manufacturing industries,"clerical, sales and services workers",-
2003,other manufacturing industries,"production and transport operators, cleaners and labourers",400
2003,construction,"professionals, managers, executives and technicians",100
2003,construction,"clerical, sales and services workers",-
2003,construction,"production and transport operators, cleaners and labourers",400
2003,services producing industries,"professionals, managers, executives and technicians",2500
2003,services producing industries,"clerical, sales and services workers",3200
2003,services producing industries,"production and transport operators, cleaners and labourers",1900
2003,wholesale and retail trade,"professionals, managers, executives and technicians",400
2003,wholesale and retail trade,"clerical, sales and services workers",600
2003,wholesale and retail trade,"production and transport operators, cleaners and labourers",200
2003,wholesale trade,"professionals, managers, executives and technicians",300
2003,wholesale trade,"clerical, sales and services workers",200
2003,wholesale trade,"production and transport operators, cleaners and labourers",200
2003,retail trade,"professionals, managers, executives and technicians",-
2003,retail trade,"clerical, sales and services workers",400
2003,retail trade,"production and transport operators, cleaners and labourers",100
2003,transport and storage,"professionals, managers, executives and technicians",200
2003,transport and storage,"clerical, sales and services workers",700
2003,transport and storage,"production and transport operators, cleaners and labourers",1000
2003,land transport and supporting services,"professionals, managers, executives and technicians",-
2003,land transport and supporting services,"clerical, sales and services workers",-
2003,land transport and supporting services,"production and transport operators, cleaners and labourers",100
2003,water transport and supporting services,"professionals, managers, executives and technicians",-
2003,water transport and supporting services,"clerical, sales and services workers",-
2003,water transport and supporting services,"production and transport operators, cleaners and labourers",800
2003,air transport and supporting services,"professionals, managers, executives and technicians",100
2003,air transport and supporting services,"clerical, sales and services workers",600
2003,air transport and supporting services,"production and transport operators, cleaners and labourers",-
2003,other transport and storage services,"professionals, managers, executives and technicians",-
2003,other transport and storage services,"clerical, sales and services workers",100
2003,other transport and storage services,"production and transport operators, cleaners and labourers",-
2003,hotels and restaurants,"professionals, managers, executives and technicians",100
2003,hotels and restaurants,"clerical, sales and services workers",700
2003,hotels and restaurants,"production and transport operators, cleaners and labourers",200
2003,hotels,"professionals, managers, executives and technicians",100
2003,hotels,"clerical, sales and services workers",400
2003,hotels,"production and transport operators, cleaners and labourers",100
2003,restaurants,"professionals, managers, executives and technicians",-
2003,restaurants,"clerical, sales and services workers",400
2003,restaurants,"production and transport operators, cleaners and labourers",100
2003,information and communications,"professionals, managers, executives and technicians",400
2003,information and communications,"clerical, sales and services workers",100
2003,information and communications,"production and transport operators, cleaners and labourers",-
2003,broadcasting and publishing,"professionals, managers, executives and technicians",100
2003,broadcasting and publishing,"clerical, sales and services workers",-
2003,broadcasting and publishing,"production and transport operators, cleaners and labourers",-
2003,telecommunications,"professionals, managers, executives and technicians",100
2003,telecommunications,"clerical, sales and services workers",100
2003,telecommunications,"production and transport operators, cleaners and labourers",-
2003,it and other information services,"professionals, managers, executives and technicians",300
2003,it and other information services,"clerical, sales and services workers",-
2003,it and other information services,"production and transport operators, cleaners and labourers",-
2003,financial services,"professionals, managers, executives and technicians",500
2003,financial services,"clerical, sales and services workers",100
2003,financial services,"production and transport operators, cleaners and labourers",-
2003,financial institutions,"professionals, managers, executives and technicians",400
2003,financial institutions,"clerical, sales and services workers",100
2003,financial institutions,"production and transport operators, cleaners and labourers",-
2003,insurance,"professionals, managers, executives and technicians",100
2003,insurance,"clerical, sales and services workers",-
2003,insurance,"production and transport operators, cleaners and labourers",-
2003,real estate and leasing services,"professionals, managers, executives and technicians",100
2003,real estate and leasing services,"clerical, sales and services workers",-
2003,real estate and leasing services,"production and transport operators, cleaners and labourers",100
2003,professional services,"professionals, managers, executives and technicians",200
2003,professional services,"clerical, sales and services workers",100
2003,professional services,"production and transport operators, cleaners and labourers",100
2003,"legal, accounting and management services","professionals, managers, executives and technicians",100
2003,"legal, accounting and management services","clerical, sales and services workers",100
2003,"legal, accounting and management services","production and transport operators, cleaners and labourers",-
2003,architectural and engineering services,"professionals, managers, executives and technicians",-
2003,architectural and engineering services,"clerical, sales and services workers",-
2003,architectural and engineering services,"production and transport operators, cleaners and labourers",100
2003,other professional services,"professionals, managers, executives and technicians",100
2003,other professional services,"clerical, sales and services workers",-
2003,other professional services,"production and transport operators, cleaners and labourers",-
2003,administrative and support services,"professionals, managers, executives and technicians",100
2003,administrative and support services,"clerical, sales and services workers",200
2003,administrative and support services,"production and transport operators, cleaners and labourers",100
2003,"community, social and personal services","professionals, managers, executives and technicians",500
2003,"community, social and personal services","clerical, sales and services workers",500
2003,"community, social and personal services","production and transport operators, cleaners and labourers",100
2003,education,"professionals, managers, executives and technicians",100
2003,education,"clerical, sales and services workers",100
2003,education,"production and transport operators, cleaners and labourers",-
2003,"health, social and community services","professionals, managers, executives and technicians",300
2003,"health, social and community services","clerical, sales and services workers",200
2003,"health, social and community services","production and transport operators, cleaners and labourers",-
2003,"other community, social and personal services","professionals, managers, executives and technicians",100
2003,"other community, social and personal services","clerical, sales and services workers",200
2003,"other community, social and personal services","production and transport operators, cleaners and labourers",100
2003,others,"professionals, managers, executives and technicians",200
2003,others,"clerical, sales and services workers",-
2003,others,"production and transport operators, cleaners and labourers",100
2004,manufacturing,"professionals, managers, executives and technicians",1700
2004,manufacturing,"clerical, sales and services workers",400
2004,manufacturing,"production and transport operators, cleaners and labourers",3400
2004,"food, beverages and tobacco","professionals, managers, executives and technicians",-
2004,"food, beverages and tobacco","clerical, sales and services workers",100
2004,"food, beverages and tobacco","production and transport operators, cleaners and labourers",100
2004,paper products and printing,"professionals, managers, executives and technicians",-
2004,paper products and printing,"clerical, sales and services workers",-
2004,paper products and printing,"production and transport operators, cleaners and labourers",100
2004,"petroleum, chemical and pharmaceutical products","professionals, managers, executives and technicians",100
2004,"petroleum, chemical and pharmaceutical products","clerical, sales and services workers",-
2004,"petroleum, chemical and pharmaceutical products","production and transport operators, cleaners and labourers",100
2004,rubber and plastic products,"professionals, managers, executives and technicians",100
2004,rubber and plastic products,"clerical, sales and services workers",-
2004,rubber and plastic products,"production and transport operators, cleaners and labourers",300
2004,fabricated metal products,"professionals, managers, executives and technicians",100
2004,fabricated metal products,"clerical, sales and services workers",-
2004,fabricated metal products,"production and transport operators, cleaners and labourers",400
2004,machinery and equipment,"professionals, managers, executives and technicians",200
2004,machinery and equipment,"clerical, sales and services workers",-
2004,machinery and equipment,"production and transport operators, cleaners and labourers",400
2004,electrical products,"professionals, managers, executives and technicians",-
2004,electrical products,"clerical, sales and services workers",-
2004,electrical products,"production and transport operators, cleaners and labourers",-
2004,electronic products,"professionals, managers, executives and technicians",800
2004,electronic products,"clerical, sales and services workers",100
2004,electronic products,"production and transport operators, cleaners and labourers",800
2004,medical and precision instruments,"professionals, managers, executives and technicians",100
2004,medical and precision instruments,"clerical, sales and services workers",-
2004,medical and precision instruments,"production and transport operators, cleaners and labourers",100
2004,transport equipment,"professionals, managers, executives and technicians",200
2004,transport equipment,"clerical, sales and services workers",-
2004,transport equipment,"production and transport operators, cleaners and labourers",800
2004,other manufacturing industries,"professionals, managers, executives and technicians",-
2004,other manufacturing industries,"clerical, sales and services workers",-
2004,other manufacturing industries,"production and transport operators, cleaners and labourers",300
2004,construction,"professionals, managers, executives and technicians",200
2004,construction,"clerical, sales and services workers",-
2004,construction,"production and transport operators, cleaners and labourers",400
2004,services producing industries,"professionals, managers, executives and technicians",3600
2004,services producing industries,"clerical, sales and services workers",4100
2004,services producing industries,"production and transport operators, cleaners and labourers",2500
2004,wholesale and retail trade,"professionals, managers, executives and technicians",500
2004,wholesale and retail trade,"clerical, sales and services workers",900
2004,wholesale and retail trade,"production and transport operators, cleaners and labourers",200
2004,wholesale trade,"professionals, managers, executives and technicians",500
2004,wholesale trade,"clerical, sales and services workers",400
2004,wholesale trade,"production and transport operators, cleaners and labourers",200
2004,retail trade,"professionals, managers, executives and technicians",100
2004,retail trade,"clerical, sales and services workers",600
2004,retail trade,"production and transport operators, cleaners and labourers",100
2004,transport and storage,"professionals, managers, executives and technicians",400
2004,transport and storage,"clerical, sales and services workers",700
2004,transport and storage,"production and transport operators, cleaners and labourers",1000
2004,land transport and supporting services,"professionals, managers, executives and technicians",-
2004,land transport and supporting services,"clerical, sales and services workers",-
2004,land transport and supporting services,"production and transport operators, cleaners and labourers",100
2004,water transport and supporting services,"professionals, managers, executives and technicians",100
2004,water transport and supporting services,"clerical, sales and services workers",-
2004,water transport and supporting services,"production and transport operators, cleaners and labourers",900
2004,air transport and supporting services,"professionals, managers, executives and technicians",200
2004,air transport and supporting services,"clerical, sales and services workers",600
2004,air transport and supporting services,"production and transport operators, cleaners and labourers",-
2004,other transport and storage services,"professionals, managers, executives and technicians",100
2004,other transport and storage services,"clerical, sales and services workers",100
2004,other transport and storage services,"production and transport operators, cleaners and labourers",100
2004,hotels and restaurants,"professionals, managers, executives and technicians",100
2004,hotels and restaurants,"clerical, sales and services workers",900
2004,hotels and restaurants,"production and transport operators, cleaners and labourers",600
2004,hotels,"professionals, managers, executives and technicians",100
2004,hotels,"clerical, sales and services workers",400
2004,hotels,"production and transport operators, cleaners and labourers",100
2004,restaurants,"professionals, managers, executives and technicians",100
2004,restaurants,"clerical, sales and services workers",400
2004,restaurants,"production and transport operators, cleaners and labourers",500
2004,information and communications,"professionals, managers, executives and technicians",600
2004,information and communications,"clerical, sales and services workers",100
2004,information and communications,"production and transport operators, cleaners and labourers",-
2004,broadcasting and publishing,"professionals, managers, executives and technicians",100
2004,broadcasting and publishing,"clerical, sales and services workers",-
2004,broadcasting and publishing,"production and transport operators, cleaners and labourers",-
2004,telecommunications,"professionals, managers, executives and technicians",100
2004,telecommunications,"clerical, sales and services workers",100
2004,telecommunications,"production and transport operators, cleaners and labourers",-
2004,it and other information services,"professionals, managers, executives and technicians",300
2004,it and other information services,"clerical, sales and services workers",-
2004,it and other information services,"production and transport operators, cleaners and labourers",-
2004,financial services,"professionals, managers, executives and technicians",700
2004,financial services,"clerical, sales and services workers",200
2004,financial services,"production and transport operators, cleaners and labourers",-
2004,financial institutions,"professionals, managers, executives and technicians",600
2004,financial institutions,"clerical, sales and services workers",100
2004,financial institutions,"production and transport operators, cleaners and labourers",-
2004,insurance,"professionals, managers, executives and technicians",100
2004,insurance,"clerical, sales and services workers",-
2004,insurance,"production and transport operators, cleaners and labourers",-
2004,real estate and leasing services,"professionals, managers, executives and technicians",100
2004,real estate and leasing services,"clerical, sales and services workers",100
2004,real estate and leasing services,"production and transport operators, cleaners and labourers",200
2004,professional services,"professionals, managers, executives and technicians",600
2004,professional services,"clerical, sales and services workers",200
2004,professional services,"production and transport operators, cleaners and labourers",100
2004,"legal, accounting and management services","professionals, managers, executives and technicians",300
2004,"legal, accounting and management services","clerical, sales and services workers",100
2004,"legal, accounting and management services","production and transport operators, cleaners and labourers",-
2004,architectural and engineering services,"professionals, managers, executives and technicians",100
2004,architectural and engineering services,"clerical, sales and services workers",-
2004,architectural and engineering services,"production and transport operators, cleaners and labourers",-
2004,other professional services,"professionals, managers, executives and technicians",200
2004,other professional services,"clerical, sales and services workers",100
2004,other professional services,"production and transport operators, cleaners and labourers",-
2004,administrative and support services,"professionals, managers, executives and technicians",100
2004,administrative and support services,"clerical, sales and services workers",400
2004,administrative and support services,"production and transport operators, cleaners and labourers",100
2004,"community, social and personal services","professionals, managers, executives and technicians",600
2004,"community, social and personal services","clerical, sales and services workers",600
2004,"community, social and personal services","production and transport operators, cleaners and labourers",200
2004,education,"professionals, managers, executives and technicians",100
2004,education,"clerical, sales and services workers",100
2004,education,"production and transport operators, cleaners and labourers",-
2004,"health, social and community services","professionals, managers, executives and technicians",300
2004,"health, social and community services","clerical, sales and services workers",200
2004,"health, social and community services","production and transport operators, cleaners and labourers",100
2004,"other community, social and personal services","professionals, managers, executives and technicians",200
2004,"other community, social and personal services","clerical, sales and services workers",300
2004,"other community, social and personal services","production and transport operators, cleaners and labourers",100
2004,others,"professionals, managers, executives and technicians",100
2004,others,"clerical, sales and services workers",-
2004,others,"production and transport operators, cleaners and labourers",100
2005,manufacturing,"professionals, managers, executives and technicians",2600
2005,manufacturing,"clerical, sales and services workers",400
2005,manufacturing,"production and transport operators, cleaners and labourers",3200
2005,"food, beverages and tobacco","professionals, managers, executives and technicians",-
2005,"food, beverages and tobacco","clerical, sales and services workers",100
2005,"food, beverages and tobacco","production and transport operators, cleaners and labourers",100
2005,paper products and printing,"professionals, managers, executives and technicians",-
2005,paper products and printing,"clerical, sales and services workers",-
2005,paper products and printing,"production and transport operators, cleaners and labourers",100
2005,"petroleum, chemical and pharmaceutical products","professionals, managers, executives and technicians",100
2005,"petroleum, chemical and pharmaceutical products","clerical, sales and services workers",-
2005,"petroleum, chemical and pharmaceutical products","production and transport operators, cleaners and labourers",100
2005,rubber and plastic products,"professionals, managers, executives and technicians",100
2005,rubber and plastic products,"clerical, sales and services workers",-
2005,rubber and plastic products,"production and transport operators, cleaners and labourers",200
2005,fabricated metal products,"professionals, managers, executives and technicians",100
2005,fabricated metal products,"clerical, sales and services workers",-
2005,fabricated metal products,"production and transport operators, cleaners and labourers",300
2005,machinery and equipment,"professionals, managers, executives and technicians",300
2005,machinery and equipment,"clerical, sales and services workers",100
2005,machinery and equipment,"production and transport operators, cleaners and labourers",400
2005,electrical products,"professionals, managers, executives and technicians",-
2005,electrical products,"clerical, sales and services workers",-
2005,electrical products,"production and transport operators, cleaners and labourers",-
2005,electronic products,"professionals, managers, executives and technicians",1400
2005,electronic products,"clerical, sales and services workers",100
2005,electronic products,"production and transport operators, cleaners and labourers",800
2005,medical and precision instruments,"professionals, managers, executives and technicians",100
2005,medical and precision instruments,"clerical, sales and services workers",-
2005,medical and precision instruments,"production and transport operators, cleaners and labourers",100
2005,transport equipment,"professionals, managers, executives and technicians",400
2005,transport equipment,"clerical, sales and services workers",100
2005,transport equipment,"production and transport operators, cleaners and labourers",1000
2005,other manufacturing industries,"professionals, managers, executives and technicians",-
2005,other manufacturing industries,"clerical, sales and services workers",-
2005,other manufacturing industries,"production and transport operators, cleaners and labourers",200
2005,construction,"professionals, managers, executives and technicians",300
2005,construction,"clerical, sales and services workers",-
2005,construction,"production and transport operators, cleaners and labourers",400
2005,services producing industries,"professionals, managers, executives and technicians",4300
2005,services producing industries,"clerical, sales and services workers",5000
2005,services producing industries,"production and transport operators, cleaners and labourers",2700
2005,wholesale and retail trade,"professionals, managers, executives and technicians",700
2005,wholesale and retail trade,"clerical, sales and services workers",1200
2005,wholesale and retail trade,"production and transport operators, cleaners and labourers",200
2005,wholesale trade,"professionals, managers, executives and technicians",600
2005,wholesale trade,"clerical, sales and services workers",400
2005,wholesale trade,"production and transport operators, cleaners and labourers",200
2005,retail trade,"professionals, managers, executives and technicians",100
2005,retail trade,"clerical, sales and services workers",700
2005,retail trade,"production and transport operators, cleaners and labourers",-
2005,transport and storage,"professionals, managers, executives and technicians",500
2005,transport and storage,"clerical, sales and services workers",600
2005,transport and storage,"production and transport operators, cleaners and labourers",1000
2005,land transport and supporting services,"professionals, managers, executives and technicians",-
2005,land transport and supporting services,"clerical, sales and services workers",-
2005,land transport and supporting services,"production and transport operators, cleaners and labourers",100
2005,water transport and supporting services,"professionals, managers, executives and technicians",100
2005,water transport and supporting services,"clerical, sales and services workers",100
2005,water transport and supporting services,"production and transport operators, cleaners and labourers",800
2005,air transport and supporting services,"professionals, managers, executives and technicians",300
2005,air transport and supporting services,"clerical, sales and services workers",400
2005,air transport and supporting services,"production and transport operators, cleaners and labourers",-
2005,other transport and storage services,"professionals, managers, executives and technicians",100
2005,other transport and storage services,"clerical, sales and services workers",100
2005,other transport and storage services,"production and transport operators, cleaners and labourers",100
2005,hotels and restaurants,"professionals, managers, executives and technicians",100
2005,hotels and restaurants,"clerical, sales and services workers",900
2005,hotels and restaurants,"production and transport operators, cleaners and labourers",600
2005,hotels,"professionals, managers, executives and technicians",100
2005,hotels,"clerical, sales and services workers",400
2005,hotels,"production and transport operators, cleaners and labourers",100
2005,restaurants,"professionals, managers, executives and technicians",100
2005,restaurants,"clerical, sales and services workers",500
2005,restaurants,"production and transport operators, cleaners and labourers",500
2005,information and communications,"professionals, managers, executives and technicians",600
2005,information and communications,"clerical, sales and services workers",100
2005,information and communications,"production and transport operators, cleaners and labourers",-
2005,broadcasting and publishing,"professionals, managers, executives and technicians",200
2005,broadcasting and publishing,"clerical, sales and services workers",-
2005,broadcasting and publishing,"production and transport operators, cleaners and labourers",-
2005,telecommunications,"professionals, managers, executives and technicians",100
2005,telecommunications,"clerical, sales and services workers",100
2005,telecommunications,"production and transport operators, cleaners and labourers",-
2005,it and other information services,"professionals, managers, executives and technicians",300
2005,it and other information services,"clerical, sales and services workers",-
2005,it and other information services,"production and transport operators, cleaners and labourers",-
2005,financial services,"professionals, managers, executives and technicians",800
2005,financial services,"clerical, sales and services workers",300
2005,financial services,"production and transport operators, cleaners and labourers",100
2005,financial institutions,"professionals, managers, executives and technicians",700
2005,financial institutions,"clerical, sales and services workers",200
2005,financial institutions,"production and transport operators, cleaners and labourers",100
2005,insurance,"professionals, managers, executives and technicians",100
2005,insurance,"clerical, sales and services workers",100
2005,insurance,"production and transport operators, cleaners and labourers",-
2005,real estate and leasing services,"professionals, managers, executives and technicians",100
2005,real estate and leasing services,"clerical, sales and services workers",100
2005,real estate and leasing services,"production and transport operators, cleaners and labourers",200
2005,professional services,"professionals, managers, executives and technicians",800
2005,professional services,"clerical, sales and services workers",200
2005,professional services,"production and transport operators, cleaners and labourers",100
2005,"legal, accounting and management services","professionals, managers, executives and technicians",400
2005,"legal, accounting and management services","clerical, sales and services workers",100
2005,"legal, accounting and management services","production and transport operators, cleaners and labourers",-
2005,architectural and engineering services,"professionals, managers, executives and technicians",200
2005,architectural and engineering services,"clerical, sales and services workers",-
2005,architectural and engineering services,"production and transport operators, cleaners and labourers",-
2005,other professional services,"professionals, managers, executives and technicians",300
2005,other professional services,"clerical, sales and services workers",200
2005,other professional services,"production and transport operators, cleaners and labourers",100
2005,administrative and support services,"professionals, managers, executives and technicians",100
2005,administrative and support services,"clerical, sales and services workers",1000
2005,administrative and support services,"production and transport operators, cleaners and labourers",200
2005,"community, social and personal services","professionals, managers, executives and technicians",600
2005,"community, social and personal services","clerical, sales and services workers",600
2005,"community, social and personal services","production and transport operators, cleaners and labourers",200
2005,education,"professionals, managers, executives and technicians",100
2005,education,"clerical, sales and services workers",-
2005,education,"production and transport operators, cleaners and labourers",-
2005,"health, social and community services","professionals, managers, executives and technicians",400
2005,"health, social and community services","clerical, sales and services workers",300
2005,"health, social and community services","production and transport operators, cleaners and labourers",100
2005,"other community, social and personal services","professionals, managers, executives and technicians",100
2005,"other community, social and personal services","clerical, sales and services workers",300
2005,"other community, social and personal services","production and transport operators, cleaners and labourers",100
2005,others,"professionals, managers, executives and technicians",100
2005,others,"clerical, sales and services workers",-
2005,others,"production and transport operators, cleaners and labourers",100
2006,manufacturing,"professionals, managers, executives and technicians",3100
2006,manufacturing,"clerical, sales and services workers",600
2006,manufacturing,"production and transport operators, cleaners and labourers",4600
2006,"food, beverages and tobacco","professionals, managers, executives and technicians",100
2006,"food, beverages and tobacco","clerical, sales and services workers",100
2006,"food, beverages and tobacco","production and transport operators, cleaners and labourers",100
2006,"paper,rubber,plastic products and printing","professionals, managers, executives and technicians",100
2006,"paper,rubber,plastic products and printing","clerical, sales and services workers",100
2006,"paper,rubber,plastic products and printing","production and transport operators, cleaners and labourers",300
2006,"petroleum, chemical and pharmaceutical products","professionals, managers, executives and technicians",200
2006,"petroleum, chemical and pharmaceutical products","clerical, sales and services workers",-
2006,"petroleum, chemical and pharmaceutical products","production and transport operators, cleaners and labourers",100
2006,"fabricated metal products, machinery and equipment","professionals, managers, executives and technicians",700
2006,"fabricated metal products, machinery and equipment","clerical, sales and services workers",200
2006,"fabricated metal products, machinery and equipment","production and transport operators, cleaners and labourers",1400
2006,"electronic, computer and optical products","professionals, managers, executives and technicians",1400
2006,"electronic, computer and optical products","clerical, sales and services workers",200
2006,"electronic, computer and optical products","production and transport operators, cleaners and labourers",1100
2006,transport equipment,"professionals, managers, executives and technicians",500
2006,transport equipment,"clerical, sales and services workers",-
2006,transport equipment,"production and transport operators, cleaners and labourers",1200
2006,other manufacturing industries,"professionals, managers, executives and technicians",100
2006,other manufacturing industries,"clerical, sales and services workers",-
2006,other manufacturing industries,"production and transport operators, cleaners and labourers",400
2006,construction,"professionals, managers, executives and technicians",500
2006,construction,"clerical, sales and services workers",100
2006,construction,"production and transport operators, cleaners and labourers",1000
2006,services,"professionals, managers, executives and technicians",10000
2006,services,"clerical, sales and services workers",7400
2006,services,"production and transport operators, cleaners and labourers",3700
2006,wholesale and retail trade,"professionals, managers, executives and technicians",1200
2006,wholesale and retail trade,"clerical, sales and services workers",1600
2006,wholesale and retail trade,"production and transport operators, cleaners and labourers",300
2006,wholesale trade,"professionals, managers, executives and technicians",1000
2006,wholesale trade,"clerical, sales and services workers",500
2006,wholesale trade,"production and transport operators, cleaners and labourers",200
2006,retail trade,"professionals, managers, executives and technicians",100
2006,retail trade,"clerical, sales and services workers",1100
2006,retail trade,"production and transport operators, cleaners and labourers",100
2006,transportation and storage,"professionals, managers, executives and technicians",700
2006,transportation and storage,"clerical, sales and services workers",800
2006,transportation and storage,"production and transport operators, cleaners and labourers",1200
2006,land transport and supporting services,"professionals, managers, executives and technicians",-
2006,land transport and supporting services,"clerical, sales and services workers",-
2006,land transport and supporting services,"production and transport operators, cleaners and labourers",100
2006,water transport and supporting services,"professionals, managers, executives and technicians",200
2006,water transport and supporting services,"clerical, sales and services workers",100
2006,water transport and supporting services,"production and transport operators, cleaners and labourers",800
2006,air transport and supporting services,"professionals, managers, executives and technicians",400
2006,air transport and supporting services,"clerical, sales and services workers",600
2006,air transport and supporting services,"production and transport operators, cleaners and labourers",-
2006,other transport and storage services,"professionals, managers, executives and technicians",100
2006,other transport and storage services,"clerical, sales and services workers",200
2006,other transport and storage services,"production and transport operators, cleaners and labourers",200
2006,accommodation and food services,"professionals, managers, executives and technicians",300
2006,accommodation and food services,"clerical, sales and services workers",1400
2006,accommodation and food services,"production and transport operators, cleaners and labourers",500
2006,accommodation,"professionals, managers, executives and technicians",100
2006,accommodation,"clerical, sales and services workers",500
2006,accommodation,"production and transport operators, cleaners and labourers",200
2006,food and beverage services,"professionals, managers, executives and technicians",100
2006,food and beverage services,"clerical, sales and services workers",900
2006,food and beverage services,"production and transport operators, cleaners and labourers",300
2006,information and communications,"professionals, managers, executives and technicians",800
2006,information and communications,"clerical, sales and services workers",100
2006,information and communications,"production and transport operators, cleaners and labourers",-
2006,"telecommunications, broadcasting and publishing","professionals, managers, executives and technicians",300
2006,"telecommunications, broadcasting and publishing","clerical, sales and services workers",100
2006,"telecommunications, broadcasting and publishing","production and transport operators, cleaners and labourers",-
2006,it and other information services,"professionals, managers, executives and technicians",500
2006,it and other information services,"clerical, sales and services workers",-
2006,it and other information services,"production and transport operators, cleaners and labourers",-
2006,financial and insurance services,"professionals, managers, executives and technicians",1200
2006,financial and insurance services,"clerical, sales and services workers",300
2006,financial and insurance services,"production and transport operators, cleaners and labourers",200
2006,financial services,"professionals, managers, executives and technicians",1000
2006,financial services,"clerical, sales and services workers",200
2006,financial services,"production and transport operators, cleaners and labourers",200
2006,insurance services,"professionals, managers, executives and technicians",200
2006,insurance services,"clerical, sales and services workers",100
2006,insurance services,"production and transport operators, cleaners and labourers",-
2006,real estate services,"professionals, managers, executives and technicians",200
2006,real estate services,"clerical, sales and services workers",200
2006,real estate services,"production and transport operators, cleaners and labourers",300
2006,professional services,"professionals, managers, executives and technicians",1400
2006,professional services,"clerical, sales and services workers",300
2006,professional services,"production and transport operators, cleaners and labourers",200
2006,"legal, accounting and management services","professionals, managers, executives and technicians",600
2006,"legal, accounting and management services","clerical, sales and services workers",200
2006,"legal, accounting and management services","production and transport operators, cleaners and labourers",100
2006,architectural and engineering services,"professionals, managers, executives and technicians",400
2006,architectural and engineering services,"clerical, sales and services workers",-
2006,architectural and engineering services,"production and transport operators, cleaners and labourers",100
2006,other professional services,"professionals, managers, executives and technicians",300
2006,other professional services,"clerical, sales and services workers",-
2006,other professional services,"production and transport operators, cleaners and labourers",-
2006,administrative and support services,"professionals, managers, executives and technicians",200
2006,administrative and support services,"clerical, sales and services workers",1100
2006,administrative and support services,"production and transport operators, cleaners and labourers",700
2006,security and investigation,"professionals, managers, executives and technicians",-
2006,security and investigation,"clerical, sales and services workers",900
2006,security and investigation,"production and transport operators, cleaners and labourers",-
2006,cleaning and landscaping,"professionals, managers, executives and technicians",-
2006,cleaning and landscaping,"clerical, sales and services workers",100
2006,cleaning and landscaping,"production and transport operators, cleaners and labourers",400
2006,other administrative and support services,"professionals, managers, executives and technicians",200
2006,other administrative and support services,"clerical, sales and services workers",100
2006,other administrative and support services,"production and transport operators, cleaners and labourers",200
2006,"community, social and personal services","professionals, managers, executives and technicians",4100
2006,"community, social and personal services","clerical, sales and services workers",1600
2006,"community, social and personal services","production and transport operators, cleaners and labourers",300
2006,public administration and education,"professionals, managers, executives and technicians",3200
2006,public administration and education,"clerical, sales and services workers",600
2006,public administration and education,"production and transport operators, cleaners and labourers",100
2006,health and social services,"professionals, managers, executives and technicians",600
2006,health and social services,"clerical, sales and services workers",400
2006,health and social services,"production and transport operators, cleaners and labourers",200
2006,"arts, entertainment and recreation","professionals, managers, executives and technicians",200
2006,"arts, entertainment and recreation","clerical, sales and services workers",200
2006,"arts, entertainment and recreation","production and transport operators, cleaners and labourers",-
2006,"other community, social and personal services","professionals, managers, executives and technicians",200
2006,"other community, social and personal services","clerical, sales and services workers",300
2006,"other community, social and personal services","production and transport operators, cleaners and labourers",100
2006,others,"professionals, managers, executives and technicians",200
2006,others,"clerical, sales and services workers",-
2006,others,"production and transport operators, cleaners and labourers",100
2007,manufacturing,"professionals, managers, executives and technicians",3300
2007,manufacturing,"clerical, sales and services workers",600
2007,manufacturing,"production and transport operators, cleaners and labourers",4700
2007,"food, beverages and tobacco","professionals, managers, executives and technicians",100
2007,"food, beverages and tobacco","clerical, sales and services workers",100
2007,"food, beverages and tobacco","production and transport operators, cleaners and labourers",200
2007,"paper,rubber,plastic products and printing","professionals, managers, executives and technicians",200
2007,"paper,rubber,plastic products and printing","clerical, sales and services workers",100
2007,"paper,rubber,plastic products and printing","production and transport operators, cleaners and labourers",300
2007,"petroleum, chemical and pharmaceutical products","professionals, managers, executives and technicians",200
2007,"petroleum, chemical and pharmaceutical products","clerical, sales and services workers",-
2007,"petroleum, chemical and pharmaceutical products","production and transport operators, cleaners and labourers",100
2007,"fabricated metal products, machinery and equipment","professionals, managers, executives and technicians",700
2007,"fabricated metal products, machinery and equipment","clerical, sales and services workers",200
2007,"fabricated metal products, machinery and equipment","production and transport operators, cleaners and labourers",1500
2007,"electronic, computer and optical products","professionals, managers, executives and technicians",1300
2007,"electronic, computer and optical products","clerical, sales and services workers",100
2007,"electronic, computer and optical products","production and transport operators, cleaners and labourers",700
2007,transport equipment,"professionals, managers, executives and technicians",700
2007,transport equipment,"clerical, sales and services workers",100
2007,transport equipment,"production and transport operators, cleaners and labourers",1300
2007,other manufacturing industries,"professionals, managers, executives and technicians",100
2007,other manufacturing industries,"clerical, sales and services workers",-
2007,other manufacturing industries,"production and transport operators, cleaners and labourers",500
2007,construction,"professionals, managers, executives and technicians",600
2007,construction,"clerical, sales and services workers",200
2007,construction,"production and transport operators, cleaners and labourers",1600
2007,services,"professionals, managers, executives and technicians",13100
2007,services,"clerical, sales and services workers",9200
2007,services,"production and transport operators, cleaners and labourers",4800
2007,wholesale and retail trade,"professionals, managers, executives and technicians",1600
2007,wholesale and retail trade,"clerical, sales and services workers",2000
2007,wholesale and retail trade,"production and transport operators, cleaners and labourers",500
2007,wholesale trade,"professionals, managers, executives and technicians",1400
2007,wholesale trade,"clerical, sales and services workers",800
2007,wholesale trade,"production and transport operators, cleaners and labourers",400
2007,retail trade,"professionals, managers, executives and technicians",200
2007,retail trade,"clerical, sales and services workers",1200
2007,retail trade,"production and transport operators, cleaners and labourers",100
2007,transportation and storage,"professionals, managers, executives and technicians",800
2007,transportation and storage,"clerical, sales and services workers",800
2007,transportation and storage,"production and transport operators, cleaners and labourers",1500
2007,land transport and supporting services,"professionals, managers, executives and technicians",-
2007,land transport and supporting services,"clerical, sales and services workers",-
2007,land transport and supporting services,"production and transport operators, cleaners and labourers",300
2007,water transport and supporting services,"professionals, managers, executives and technicians",200
2007,water transport and supporting services,"clerical, sales and services workers",100
2007,water transport and supporting services,"production and transport operators, cleaners and labourers",800
2007,air transport and supporting services,"professionals, managers, executives and technicians",400
2007,air transport and supporting services,"clerical, sales and services workers",400
2007,air transport and supporting services,"production and transport operators, cleaners and labourers",200
2007,other transport and storage services,"professionals, managers, executives and technicians",200
2007,other transport and storage services,"clerical, sales and services workers",200
2007,other transport and storage services,"production and transport operators, cleaners and labourers",200
2007,accommodation and food services,"professionals, managers, executives and technicians",300
2007,accommodation and food services,"clerical, sales and services workers",1500
2007,accommodation and food services,"production and transport operators, cleaners and labourers",600
2007,accommodation,"professionals, managers, executives and technicians",200
2007,accommodation,"clerical, sales and services workers",500
2007,accommodation,"production and transport operators, cleaners and labourers",200
2007,food and beverage services,"professionals, managers, executives and technicians",200
2007,food and beverage services,"clerical, sales and services workers",1000
2007,food and beverage services,"production and transport operators, cleaners and labourers",400
2007,information and communications,"professionals, managers, executives and technicians",1000
2007,information and communications,"clerical, sales and services workers",200
2007,information and communications,"production and transport operators, cleaners and labourers",-
2007,"telecommunications, broadcasting and publishing","professionals, managers, executives and technicians",500
2007,"telecommunications, broadcasting and publishing","clerical, sales and services workers",100
2007,"telecommunications, broadcasting and publishing","production and transport operators, cleaners and labourers",-
2007,it and other information services,"professionals, managers, executives and technicians",600
2007,it and other information services,"clerical, sales and services workers",100
2007,it and other information services,"production and transport operators, cleaners and labourers",-
2007,financial and insurance services,"professionals, managers, executives and technicians",1800
2007,financial and insurance services,"clerical, sales and services workers",500
2007,financial and insurance services,"production and transport operators, cleaners and labourers",300
2007,financial services,"professionals, managers, executives and technicians",1600
2007,financial services,"clerical, sales and services workers",400
2007,financial services,"production and transport operators, cleaners and labourers",300
2007,insurance services,"professionals, managers, executives and technicians",200
2007,insurance services,"clerical, sales and services workers",100
2007,insurance services,"production and transport operators, cleaners and labourers",-
2007,real estate services,"professionals, managers, executives and technicians",200
2007,real estate services,"clerical, sales and services workers",200
2007,real estate services,"production and transport operators, cleaners and labourers",500
2007,professional services,"professionals, managers, executives and technicians",2100
2007,professional services,"clerical, sales and services workers",400
2007,professional services,"production and transport operators, cleaners and labourers",300
2007,"legal, accounting and management services","professionals, managers, executives and technicians",900
2007,"legal, accounting and management services","clerical, sales and services workers",300
2007,"legal, accounting and management services","production and transport operators, cleaners and labourers",100
2007,architectural and engineering services,"professionals, managers, executives and technicians",700
2007,architectural and engineering services,"clerical, sales and services workers",100
2007,architectural and engineering services,"production and transport operators, cleaners and labourers",200
2007,other professional services,"professionals, managers, executives and technicians",500
2007,other professional services,"clerical, sales and services workers",-
2007,other professional services,"production and transport operators, cleaners and labourers",-
2007,administrative and support services,"professionals, managers, executives and technicians",200
2007,administrative and support services,"clerical, sales and services workers",1800
2007,administrative and support services,"production and transport operators, cleaners and labourers",700
2007,security and investigation,"professionals, managers, executives and technicians",-
2007,security and investigation,"clerical, sales and services workers",1600
2007,security and investigation,"production and transport operators, cleaners and labourers",-
2007,cleaning and landscaping,"professionals, managers, executives and technicians",-
2007,cleaning and landscaping,"clerical, sales and services workers",-
2007,cleaning and landscaping,"production and transport operators, cleaners and labourers",400
2007,other administrative and support services,"professionals, managers, executives and technicians",200
2007,other administrative and support services,"clerical, sales and services workers",100
2007,other administrative and support services,"production and transport operators, cleaners and labourers",300
2007,"community, social and personal services","professionals, managers, executives and technicians",5000
2007,"community, social and personal services","clerical, sales and services workers",1900
2007,"community, social and personal services","production and transport operators, cleaners and labourers",500
2007,public administration and education,"professionals, managers, executives and technicians",3700
2007,public administration and education,"clerical, sales and services workers",900
2007,public administration and education,"production and transport operators, cleaners and labourers",100
2007,health and social services,"professionals, managers, executives and technicians",800
2007,health and social services,"clerical, sales and services workers",400
2007,health and social services,"production and transport operators, cleaners and labourers",200
2007,"arts, entertainment and recreation","professionals, managers, executives and technicians",300
2007,"arts, entertainment and recreation","clerical, sales and services workers",300
2007,"arts, entertainment and recreation","production and transport operators, cleaners and labourers",-
2007,"other community, social and personal services","professionals, managers, executives and technicians",200
2007,"other community, social and personal services","clerical, sales and services workers",300
2007,"other community, social and personal services","production and transport operators, cleaners and labourers",100
2007,others,"professionals, managers, executives and technicians",400
2007,others,"clerical, sales and services workers",-
2007,others,"production and transport operators, cleaners and labourers",-
2008,manufacturing,"professionals, managers, executives and technicians",2700
2008,manufacturing,"clerical, sales and services workers",600
2008,manufacturing,"production and transport operators, cleaners and labourers",3200
2008,"food, beverages and tobacco","professionals, managers, executives and technicians",100
2008,"food, beverages and tobacco","clerical, sales and services workers",100
2008,"food, beverages and tobacco","production and transport operators, cleaners and labourers",100
2008,"paper,rubber,plastic products and printing","professionals, managers, executives and technicians",200
2008,"paper,rubber,plastic products and printing","clerical, sales and services workers",100
2008,"paper,rubber,plastic products and printing","production and transport operators, cleaners and labourers",300
2008,"petroleum, chemical and pharmaceutical products","professionals, managers, executives and technicians",200
2008,"petroleum, chemical and pharmaceutical products","clerical, sales and services workers",-
2008,"petroleum, chemical and pharmaceutical products","production and transport operators, cleaners and labourers",100
2008,"fabricated metal products, machinery and equipment","professionals, managers, executives and technicians",600
2008,"fabricated metal products, machinery and equipment","clerical, sales and services workers",100
2008,"fabricated metal products, machinery and equipment","production and transport operators, cleaners and labourers",1100
2008,"electronic, computer and optical products","professionals, managers, executives and technicians",900
2008,"electronic, computer and optical products","clerical, sales and services workers",100
2008,"electronic, computer and optical products","production and transport operators, cleaners and labourers",300
2008,transport equipment,"professionals, managers, executives and technicians",600
2008,transport equipment,"clerical, sales and services workers",100
2008,transport equipment,"production and transport operators, cleaners and labourers",1000
2008,other manufacturing industries,"professionals, managers, executives and technicians",200
2008,other manufacturing industries,"clerical, sales and services workers",-
2008,other manufacturing industries,"production and transport operators, cleaners and labourers",300
2008,construction,"professionals, managers, executives and technicians",800
2008,construction,"clerical, sales and services workers",200
2008,construction,"production and transport operators, cleaners and labourers",2000
2008,services,"professionals, managers, executives and technicians",14000
2008,services,"clerical, sales and services workers",9100
2008,services,"production and transport operators, cleaners and labourers",4600
2008,wholesale and retail trade,"professionals, managers, executives and technicians",1300
2008,wholesale and retail trade,"clerical, sales and services workers",1900
2008,wholesale and retail trade,"production and transport operators, cleaners and labourers",600
2008,wholesale trade,"professionals, managers, executives and technicians",1200
2008,wholesale trade,"clerical, sales and services workers",700
2008,wholesale trade,"production and transport operators, cleaners and labourers",400
2008,retail trade,"professionals, managers, executives and technicians",200
2008,retail trade,"clerical, sales and services workers",1200
2008,retail trade,"production and transport operators, cleaners and labourers",100
2008,transportation and storage,"professionals, managers, executives and technicians",700
2008,transportation and storage,"clerical, sales and services workers",600
2008,transportation and storage,"production and transport operators, cleaners and labourers",900
2008,land transport and supporting services,"professionals, managers, executives and technicians",-
2008,land transport and supporting services,"clerical, sales and services workers",100
2008,land transport and supporting services,"production and transport operators, cleaners and labourers",500
2008,water transport and supporting services,"professionals, managers, executives and technicians",200
2008,water transport and supporting services,"clerical, sales and services workers",100
2008,water transport and supporting services,"production and transport operators, cleaners and labourers",200
2008,air transport and supporting services,"professionals, managers, executives and technicians",400
2008,air transport and supporting services,"clerical, sales and services workers",300
2008,air transport and supporting services,"production and transport operators, cleaners and labourers",-
2008,other transport and storage services,"professionals, managers, executives and technicians",200
2008,other transport and storage services,"clerical, sales and services workers",200
2008,other transport and storage services,"production and transport operators, cleaners and labourers",200
2008,accommodation and food services,"professionals, managers, executives and technicians",300
2008,accommodation and food services,"clerical, sales and services workers",1600
2008,accommodation and food services,"production and transport operators, cleaners and labourers",700
2008,accommodation,"professionals, managers, executives and technicians",100
2008,accommodation,"clerical, sales and services workers",400
2008,accommodation,"production and transport operators, cleaners and labourers",200
2008,food and beverage services,"professionals, managers, executives and technicians",100
2008,food and beverage services,"clerical, sales and services workers",1200
2008,food and beverage services,"production and transport operators, cleaners and labourers",500
2008,information and communications,"professionals, managers, executives and technicians",1200
2008,information and communications,"clerical, sales and services workers",200
2008,information and communications,"production and transport operators, cleaners and labourers",-
2008,"telecommunications, broadcasting and publishing","professionals, managers, executives and technicians",400
2008,"telecommunications, broadcasting and publishing","clerical, sales and services workers",200
2008,"telecommunications, broadcasting and publishing","production and transport operators, cleaners and labourers",-
2008,it and other information services,"professionals, managers, executives and technicians",800
2008,it and other information services,"clerical, sales and services workers",-
2008,it and other information services,"production and transport operators, cleaners and labourers",-
2008,financial and insurance services,"professionals, managers, executives and technicians",1400
2008,financial and insurance services,"clerical, sales and services workers",400
2008,financial and insurance services,"production and transport operators, cleaners and labourers",100
2008,financial services,"professionals, managers, executives and technicians",1100
2008,financial services,"clerical, sales and services workers",300
2008,financial services,"production and transport operators, cleaners and labourers",100
2008,insurance services,"professionals, managers, executives and technicians",300
2008,insurance services,"clerical, sales and services workers",100
2008,insurance services,"production and transport operators, cleaners and labourers",-
2008,real estate services,"professionals, managers, executives and technicians",400
2008,real estate services,"clerical, sales and services workers",200
2008,real estate services,"production and transport operators, cleaners and labourers",300
2008,professional services,"professionals, managers, executives and technicians",1700
2008,professional services,"clerical, sales and services workers",300
2008,professional services,"production and transport operators, cleaners and labourers",500
2008,"legal, accounting and management services","professionals, managers, executives and technicians",700
2008,"legal, accounting and management services","clerical, sales and services workers",200
2008,"legal, accounting and management services","production and transport operators, cleaners and labourers",100
2008,architectural and engineering services,"professionals, managers, executives and technicians",600
2008,architectural and engineering services,"clerical, sales and services workers",100
2008,architectural and engineering services,"production and transport operators, cleaners and labourers",500
2008,other professional services,"professionals, managers, executives and technicians",400
2008,other professional services,"clerical, sales and services workers",100
2008,other professional services,"production and transport operators, cleaners and labourers",-
2008,administrative and support services,"professionals, managers, executives and technicians",400
2008,administrative and support services,"clerical, sales and services workers",1800
2008,administrative and support services,"production and transport operators, cleaners and labourers",900
2008,security and investigation,"professionals, managers, executives and technicians",100
2008,security and investigation,"clerical, sales and services workers",1600
2008,security and investigation,"production and transport operators, cleaners and labourers",100
2008,cleaning and landscaping,"professionals, managers, executives and technicians",-
2008,cleaning and landscaping,"clerical, sales and services workers",100
2008,cleaning and landscaping,"production and transport operators, cleaners and labourers",500
2008,other administrative and support services,"professionals, managers, executives and technicians",200
2008,other administrative and support services,"clerical, sales and services workers",100
2008,other administrative and support services,"production and transport operators, cleaners and labourers",300
2008,"community, social and personal services","professionals, managers, executives and technicians",6600
2008,"community, social and personal services","clerical, sales and services workers",2200
2008,"community, social and personal services","production and transport operators, cleaners and labourers",500
2008,public administration and education,"professionals, managers, executives and technicians",5300
2008,public administration and education,"clerical, sales and services workers",1300
2008,public administration and education,"production and transport operators, cleaners and labourers",100
2008,health and social services,"professionals, managers, executives and technicians",900
2008,health and social services,"clerical, sales and services workers",400
2008,health and social services,"production and transport operators, cleaners and labourers",200
2008,"arts, entertainment and recreation","professionals, managers, executives and technicians",200
2008,"arts, entertainment and recreation","clerical, sales and services workers",300
2008,"arts, entertainment and recreation","production and transport operators, cleaners and labourers",-
2008,"other community, social and personal services","professionals, managers, executives and technicians",200
2008,"other community, social and personal services","clerical, sales and services workers",300
2008,"other community, social and personal services","production and transport operators, cleaners and labourers",200
2008,others,"professionals, managers, executives and technicians",300
2008,others,"clerical, sales and services workers",-
2008,others,"production and transport operators, cleaners and labourers",100
2009,manufacturing,"professionals, managers, executives and technicians",1600
2009,manufacturing,"clerical, sales and services workers",400
2009,manufacturing,"production and transport operators, cleaners and labourers",2700
2009,"food, beverages and tobacco","professionals, managers, executives and technicians",-
2009,"food, beverages and tobacco","clerical, sales and services workers",100
2009,"food, beverages and tobacco","production and transport operators, cleaners and labourers",100
2009,"paper,rubber,plastic products and printing","professionals, managers, executives and technicians",100
2009,"paper,rubber,plastic products and printing","clerical, sales and services workers",-
2009,"paper,rubber,plastic products and printing","production and transport operators, cleaners and labourers",200
2009,"petroleum, chemical and pharmaceutical products","professionals, managers, executives and technicians",200
2009,"petroleum, chemical and pharmaceutical products","clerical, sales and services workers",-
2009,"petroleum, chemical and pharmaceutical products","production and transport operators, cleaners and labourers",100
2009,"fabricated metal products, machinery and equipment","professionals, managers, executives and technicians",300
2009,"fabricated metal products, machinery and equipment","clerical, sales and services workers",100
2009,"fabricated metal products, machinery and equipment","production and transport operators, cleaners and labourers",600
2009,"electronic, computer and optical products","professionals, managers, executives and technicians",500
2009,"electronic, computer and optical products","clerical, sales and services workers",-
2009,"electronic, computer and optical products","production and transport operators, cleaners and labourers",500
2009,transport equipment,"professionals, managers, executives and technicians",300
2009,transport equipment,"clerical, sales and services workers",100
2009,transport equipment,"production and transport operators, cleaners and labourers",900
2009,other manufacturing industries,"professionals, managers, executives and technicians",100
2009,other manufacturing industries,"clerical, sales and services workers",100
2009,other manufacturing industries,"production and transport operators, cleaners and labourers",400
2009,construction,"professionals, managers, executives and technicians",600
2009,construction,"clerical, sales and services workers",100
2009,construction,"production and transport operators, cleaners and labourers",1200
2009,services,"professionals, managers, executives and technicians",12800
2009,services,"clerical, sales and services workers",7500
2009,services,"production and transport operators, cleaners and labourers",3200
2009,wholesale and retail trade,"professionals, managers, executives and technicians",800
2009,wholesale and retail trade,"clerical, sales and services workers",1700
2009,wholesale and retail trade,"production and transport operators, cleaners and labourers",400
2009,wholesale trade,"professionals, managers, executives and technicians",700
2009,wholesale trade,"clerical, sales and services workers",600
2009,wholesale trade,"production and transport operators, cleaners and labourers",300
2009,retail trade,"professionals, managers, executives and technicians",100
2009,retail trade,"clerical, sales and services workers",1100
2009,retail trade,"production and transport operators, cleaners and labourers",100
2009,transportation and storage,"professionals, managers, executives and technicians",600
2009,transportation and storage,"clerical, sales and services workers",400
2009,transportation and storage,"production and transport operators, cleaners and labourers",600
2009,land transport and supporting services,"professionals, managers, executives and technicians",-
2009,land transport and supporting services,"clerical, sales and services workers",-
2009,land transport and supporting services,"production and transport operators, cleaners and labourers",300
2009,water transport and supporting services,"professionals, managers, executives and technicians",100
2009,water transport and supporting services,"clerical, sales and services workers",-
2009,water transport and supporting services,"production and transport operators, cleaners and labourers",100
2009,air transport and supporting services,"professionals, managers, executives and technicians",400
2009,air transport and supporting services,"clerical, sales and services workers",300
2009,air transport and supporting services,"production and transport operators, cleaners and labourers",-
2009,other transport and storage services,"professionals, managers, executives and technicians",100
2009,other transport and storage services,"clerical, sales and services workers",100
2009,other transport and storage services,"production and transport operators, cleaners and labourers",200
2009,accommodation and food services,"professionals, managers, executives and technicians",200
2009,accommodation and food services,"clerical, sales and services workers",1500
2009,accommodation and food services,"production and transport operators, cleaners and labourers",400
2009,accommodation,"professionals, managers, executives and technicians",100
2009,accommodation,"clerical, sales and services workers",300
2009,accommodation,"production and transport operators, cleaners and labourers",200
2009,food and beverage services,"professionals, managers, executives and technicians",100
2009,food and beverage services,"clerical, sales and services workers",1200
2009,food and beverage services,"production and transport operators, cleaners and labourers",300
2009,information and communications,"professionals, managers, executives and technicians",700
2009,information and communications,"clerical, sales and services workers",100
2009,information and communications,"production and transport operators, cleaners and labourers",-
2009,"telecommunications, broadcasting and publishing","professionals, managers, executives and technicians",300
2009,"telecommunications, broadcasting and publishing","clerical, sales and services workers",100
2009,"telecommunications, broadcasting and publishing","production and transport operators, cleaners and labourers",-
2009,it and other information services,"professionals, managers, executives and technicians",400
2009,it and other information services,"clerical, sales and services workers",-
2009,it and other information services,"production and transport operators, cleaners and labourers",-
2009,financial and insurance services,"professionals, managers, executives and technicians",1000
2009,financial and insurance services,"clerical, sales and services workers",200
2009,financial and insurance services,"production and transport operators, cleaners and labourers",100
2009,financial services,"professionals, managers, executives and technicians",800
2009,financial services,"clerical, sales and services workers",100
2009,financial services,"production and transport operators, cleaners and labourers",100
2009,insurance services,"professionals, managers, executives and technicians",200
2009,insurance services,"clerical, sales and services workers",100
2009,insurance services,"production and transport operators, cleaners and labourers",-
2009,real estate services,"professionals, managers, executives and technicians",400
2009,real estate services,"clerical, sales and services workers",200
2009,real estate services,"production and transport operators, cleaners and labourers",300
2009,professional services,"professionals, managers, executives and technicians",900
2009,professional services,"clerical, sales and services workers",200
2009,professional services,"production and transport operators, cleaners and labourers",300
2009,"legal, accounting and management services","professionals, managers, executives and technicians",400
2009,"legal, accounting and management services","clerical, sales and services workers",100
2009,"legal, accounting and management services","production and transport operators, cleaners and labourers",-
2009,architectural and engineering services,"professionals, managers, executives and technicians",300
2009,architectural and engineering services,"clerical, sales and services workers",-
2009,architectural and engineering services,"production and transport operators, cleaners and labourers",300
2009,other professional services,"professionals, managers, executives and technicians",200
2009,other professional services,"clerical, sales and services workers",100
2009,other professional services,"production and transport operators, cleaners and labourers",-
2009,administrative and support services,"professionals, managers, executives and technicians",200
2009,administrative and support services,"clerical, sales and services workers",1400
2009,administrative and support services,"production and transport operators, cleaners and labourers",600
2009,security and investigation,"professionals, managers, executives and technicians",-
2009,security and investigation,"clerical, sales and services workers",1200
2009,security and investigation,"production and transport operators, cleaners and labourers",-
2009,cleaning and landscaping,"professionals, managers, executives and technicians",-
2009,cleaning and landscaping,"clerical, sales and services workers",-
2009,cleaning and landscaping,"production and transport operators, cleaners and labourers",300
2009,other administrative and support services,"professionals, managers, executives and technicians",200
2009,other administrative and support services,"clerical, sales and services workers",100
2009,other administrative and support services,"production and transport operators, cleaners and labourers",200
2009,"community, social and personal services","professionals, managers, executives and technicians",7900
2009,"community, social and personal services","clerical, sales and services workers",1800
2009,"community, social and personal services","production and transport operators, cleaners and labourers",600
2009,public administration and education,"professionals, managers, executives and technicians",6200
2009,public administration and education,"clerical, sales and services workers",900
2009,public administration and education,"production and transport operators, cleaners and labourers",100
2009,health and social services,"professionals, managers, executives and technicians",1200
2009,health and social services,"clerical, sales and services workers",300
2009,health and social services,"production and transport operators, cleaners and labourers",100
2009,"arts, entertainment and recreation","professionals, managers, executives and technicians",300
2009,"arts, entertainment and recreation","clerical, sales and services workers",400
2009,"arts, entertainment and recreation","production and transport operators, cleaners and labourers",100
2009,"other community, social and personal services","professionals, managers, executives and technicians",200
2009,"other community, social and personal services","clerical, sales and services workers",200
2009,"other community, social and personal services","production and transport operators, cleaners and labourers",200
2009,others,"professionals, managers, executives and technicians",200
2009,others,"clerical, sales and services workers",-
2009,others,"production and transport operators, cleaners and labourers",100
2010,manufacturing,"professionals, managers, executives and technicians",3100
2010,manufacturing,"clerical, sales and services workers",600
2010,manufacturing,"production and transport operators, cleaners and labourers",4400
2010,"food, beverages and tobacco","professionals, managers, executives and technicians",100
2010,"food, beverages and tobacco","clerical, sales and services workers",200
2010,"food, beverages and tobacco","production and transport operators, cleaners and labourers",300
2010,"paper,rubber,plastic products and printing","professionals, managers, executives and technicians",100
2010,"paper,rubber,plastic products and printing","clerical, sales and services workers",100
2010,"paper,rubber,plastic products and printing","production and transport operators, cleaners and labourers",300
2010,"petroleum, chemical and pharmaceutical products","professionals, managers, executives and technicians",200
2010,"petroleum, chemical and pharmaceutical products","clerical, sales and services workers",-
2010,"petroleum, chemical and pharmaceutical products","production and transport operators, cleaners and labourers",100
2010,"fabricated metal products, machinery and equipment","professionals, managers, executives and technicians",600
2010,"fabricated metal products, machinery and equipment","clerical, sales and services workers",100
2010,"fabricated metal products, machinery and equipment","production and transport operators, cleaners and labourers",1000
2010,"electronic, computer and optical products","professionals, managers, executives and technicians",1500
2010,"electronic, computer and optical products","clerical, sales and services workers",100
2010,"electronic, computer and optical products","production and transport operators, cleaners and labourers",1000
2010,transport equipment,"professionals, managers, executives and technicians",400
2010,transport equipment,"clerical, sales and services workers",100
2010,transport equipment,"production and transport operators, cleaners and labourers",1000
2010,other manufacturing industries,"professionals, managers, executives and technicians",200
2010,other manufacturing industries,"clerical, sales and services workers",100
2010,other manufacturing industries,"production and transport operators, cleaners and labourers",600
2010,construction,"professionals, managers, executives and technicians",700
2010,construction,"clerical, sales and services workers",200
2010,construction,"production and transport operators, cleaners and labourers",1800
2010,services,"professionals, managers, executives and technicians",15900
2010,services,"clerical, sales and services workers",11200
2010,services,"production and transport operators, cleaners and labourers",5800
2010,wholesale and retail trade,"professionals, managers, executives and technicians",1300
2010,wholesale and retail trade,"clerical, sales and services workers",2600
2010,wholesale and retail trade,"production and transport operators, cleaners and labourers",900
2010,wholesale trade,"professionals, managers, executives and technicians",1100
2010,wholesale trade,"clerical, sales and services workers",1000
2010,wholesale trade,"production and transport operators, cleaners and labourers",600
2010,retail trade,"professionals, managers, executives and technicians",200
2010,retail trade,"clerical, sales and services workers",1600
2010,retail trade,"production and transport operators, cleaners and labourers",200
2010,transportation and storage,"professionals, managers, executives and technicians",800
2010,transportation and storage,"clerical, sales and services workers",900
2010,transportation and storage,"production and transport operators, cleaners and labourers",1400
2010,land transport and supporting services,"professionals, managers, executives and technicians",100
2010,land transport and supporting services,"clerical, sales and services workers",100
2010,land transport and supporting services,"production and transport operators, cleaners and labourers",700
2010,water transport and supporting services,"professionals, managers, executives and technicians",200
2010,water transport and supporting services,"clerical, sales and services workers",100
2010,water transport and supporting services,"production and transport operators, cleaners and labourers",300
2010,air transport and supporting services,"professionals, managers, executives and technicians",400
2010,air transport and supporting services,"clerical, sales and services workers",500
2010,air transport and supporting services,"production and transport operators, cleaners and labourers",100
2010,other transport and storage services,"professionals, managers, executives and technicians",100
2010,other transport and storage services,"clerical, sales and services workers",200
2010,other transport and storage services,"production and transport operators, cleaners and labourers",500
2010,accommodation and food services,"professionals, managers, executives and technicians",400
2010,accommodation and food services,"clerical, sales and services workers",2600
2010,accommodation and food services,"production and transport operators, cleaners and labourers",800
2010,accommodation,"professionals, managers, executives and technicians",100
2010,accommodation,"clerical, sales and services workers",500
2010,accommodation,"production and transport operators, cleaners and labourers",300
2010,food and beverage services,"professionals, managers, executives and technicians",200
2010,food and beverage services,"clerical, sales and services workers",2100
2010,food and beverage services,"production and transport operators, cleaners and labourers",500
2010,information and communications,"professionals, managers, executives and technicians",1300
2010,information and communications,"clerical, sales and services workers",100
2010,information and communications,"production and transport operators, cleaners and labourers",-
2010,"telecommunications, broadcasting and publishing","professionals, managers, executives and technicians",500
2010,"telecommunications, broadcasting and publishing","clerical, sales and services workers",100
2010,"telecommunications, broadcasting and publishing","production and transport operators, cleaners and labourers",-
2010,it and other information services,"professionals, managers, executives and technicians",800
2010,it and other information services,"clerical, sales and services workers",-
2010,it and other information services,"production and transport operators, cleaners and labourers",-
2010,financial and insurance services,"professionals, managers, executives and technicians",2100
2010,financial and insurance services,"clerical, sales and services workers",400
2010,financial and insurance services,"production and transport operators, cleaners and labourers",-
2010,financial services,"professionals, managers, executives and technicians",1800
2010,financial services,"clerical, sales and services workers",300
2010,financial services,"production and transport operators, cleaners and labourers",-
2010,insurance services,"professionals, managers, executives and technicians",300
2010,insurance services,"clerical, sales and services workers",100
2010,insurance services,"production and transport operators, cleaners and labourers",-
2010,real estate services,"professionals, managers, executives and technicians",500
2010,real estate services,"clerical, sales and services workers",300
2010,real estate services,"production and transport operators, cleaners and labourers",700
2010,professional services,"professionals, managers, executives and technicians",1500
2010,professional services,"clerical, sales and services workers",300
2010,professional services,"production and transport operators, cleaners and labourers",200
2010,"legal, accounting and management services","professionals, managers, executives and technicians",800
2010,"legal, accounting and management services","clerical, sales and services workers",200
2010,"legal, accounting and management services","production and transport operators, cleaners and labourers",100
2010,architectural and engineering services,"professionals, managers, executives and technicians",400
2010,architectural and engineering services,"clerical, sales and services workers",-
2010,architectural and engineering services,"production and transport operators, cleaners and labourers",100
2010,other professional services,"professionals, managers, executives and technicians",400
2010,other professional services,"clerical, sales and services workers",100
2010,other professional services,"production and transport operators, cleaners and labourers",-
2010,administrative and support services,"professionals, managers, executives and technicians",300
2010,administrative and support services,"clerical, sales and services workers",1900
2010,administrative and support services,"production and transport operators, cleaners and labourers",1000
2010,security and investigation,"professionals, managers, executives and technicians",-
2010,security and investigation,"clerical, sales and services workers",1600
2010,security and investigation,"production and transport operators, cleaners and labourers",100
2010,cleaning and landscaping,"professionals, managers, executives and technicians",-
2010,cleaning and landscaping,"clerical, sales and services workers",-
2010,cleaning and landscaping,"production and transport operators, cleaners and labourers",600
2010,other administrative and support services,"professionals, managers, executives and technicians",200
2010,other administrative and support services,"clerical, sales and services workers",300
2010,other administrative and support services,"production and transport operators, cleaners and labourers",300
2010,"community, social and personal services","professionals, managers, executives and technicians",7800
2010,"community, social and personal services","clerical, sales and services workers",2100
2010,"community, social and personal services","production and transport operators, cleaners and labourers",700
2010,public administration and education,"professionals, managers, executives and technicians",5800
2010,public administration and education,"clerical, sales and services workers",700
2010,public administration and education,"production and transport operators, cleaners and labourers",100
2010,health and social services,"professionals, managers, executives and technicians",1400
2010,health and social services,"clerical, sales and services workers",400
2010,health and social services,"production and transport operators, cleaners and labourers",100
2010,"arts, entertainment and recreation","professionals, managers, executives and technicians",300
2010,"arts, entertainment and recreation","clerical, sales and services workers",800
2010,"arts, entertainment and recreation","production and transport operators, cleaners and labourers",200
2010,"other community, social and personal services","professionals, managers, executives and technicians",300
2010,"other community, social and personal services","clerical, sales and services workers",300
2010,"other community, social and personal services","production and transport operators, cleaners and labourers",300
2010,others,"professionals, managers, executives and technicians",300
2010,others,"clerical, sales and services workers",-
2010,others,"production and transport operators, cleaners and labourers",100
2011,manufacturing,"professionals, managers, executives and technicians",3300
2011,manufacturing,"clerical, sales and services workers",900
2011,manufacturing,"production and transport operators, cleaners and labourers",4800
2011,"food, beverages and tobacco","professionals, managers, executives and technicians",100
2011,"food, beverages and tobacco","clerical, sales and services workers",200
2011,"food, beverages and tobacco","production and transport operators, cleaners and labourers",400
2011,"paper,rubber,plastic products and printing","professionals, managers, executives and technicians",200
2011,"paper,rubber,plastic products and printing","clerical, sales and services workers",-
2011,"paper,rubber,plastic products and printing","production and transport operators, cleaners and labourers",300
2011,"petroleum, chemical and pharmaceutical products","professionals, managers, executives and technicians",200
2011,"petroleum, chemical and pharmaceutical products","clerical, sales and services workers",-
2011,"petroleum, chemical and pharmaceutical products","production and transport operators, cleaners and labourers",100
2011,"fabricated metal products, machinery and equipment","professionals, managers, executives and technicians",800
2011,"fabricated metal products, machinery and equipment","clerical, sales and services workers",200
2011,"fabricated metal products, machinery and equipment","production and transport operators, cleaners and labourers",1200
2011,"electronic, computer and optical products","professionals, managers, executives and technicians",1300
2011,"electronic, computer and optical products","clerical, sales and services workers",200
2011,"electronic, computer and optical products","production and transport operators, cleaners and labourers",1000
2011,transport equipment,"professionals, managers, executives and technicians",600
2011,transport equipment,"clerical, sales and services workers",100
2011,transport equipment,"production and transport operators, cleaners and labourers",1400
2011,other manufacturing industries,"professionals, managers, executives and technicians",200
2011,other manufacturing industries,"clerical, sales and services workers",100
2011,other manufacturing industries,"production and transport operators, cleaners and labourers",500
2011,construction,"professionals, managers, executives and technicians",600
2011,construction,"clerical, sales and services workers",200
2011,construction,"production and transport operators, cleaners and labourers",2800
2011,services,"professionals, managers, executives and technicians",18500
2011,services,"clerical, sales and services workers",13900
2011,services,"production and transport operators, cleaners and labourers",7200
2011,wholesale and retail trade,"professionals, managers, executives and technicians",1800
2011,wholesale and retail trade,"clerical, sales and services workers",2800
2011,wholesale and retail trade,"production and transport operators, cleaners and labourers",1000
2011,wholesale trade,"professionals, managers, executives and technicians",1600
2011,wholesale trade,"clerical, sales and services workers",900
2011,wholesale trade,"production and transport operators, cleaners and labourers",700
2011,retail trade,"professionals, managers, executives and technicians",300
2011,retail trade,"clerical, sales and services workers",1900
2011,retail trade,"production and transport operators, cleaners and labourers",300
2011,transportation and storage,"professionals, managers, executives and technicians",700
2011,transportation and storage,"clerical, sales and services workers",1200
2011,transportation and storage,"production and transport operators, cleaners and labourers",1600
2011,land transport and supporting services,"professionals, managers, executives and technicians",100
2011,land transport and supporting services,"clerical, sales and services workers",200
2011,land transport and supporting services,"production and transport operators, cleaners and labourers",900
2011,water transport and supporting services,"professionals, managers, executives and technicians",200
2011,water transport and supporting services,"clerical, sales and services workers",100
2011,water transport and supporting services,"production and transport operators, cleaners and labourers",200
2011,air transport and supporting services,"professionals, managers, executives and technicians",300
2011,air transport and supporting services,"clerical, sales and services workers",800
2011,air transport and supporting services,"production and transport operators, cleaners and labourers",100
2011,other transport and storage services,"professionals, managers, executives and technicians",100
2011,other transport and storage services,"clerical, sales and services workers",200
2011,other transport and storage services,"production and transport operators, cleaners and labourers",400
2011,accommodation and food services,"professionals, managers, executives and technicians",400
2011,accommodation and food services,"clerical, sales and services workers",3100
2011,accommodation and food services,"production and transport operators, cleaners and labourers",900
2011,accommodation,"professionals, managers, executives and technicians",200
2011,accommodation,"clerical, sales and services workers",500
2011,accommodation,"production and transport operators, cleaners and labourers",400
2011,food and beverage services,"professionals, managers, executives and technicians",200
2011,food and beverage services,"clerical, sales and services workers",2500
2011,food and beverage services,"production and transport operators, cleaners and labourers",500
2011,information and communications,"professionals, managers, executives and technicians",1500
2011,information and communications,"clerical, sales and services workers",200
2011,information and communications,"production and transport operators, cleaners and labourers",-
2011,"telecommunications, broadcasting and publishing","professionals, managers, executives and technicians",600
2011,"telecommunications, broadcasting and publishing","clerical, sales and services workers",100
2011,"telecommunications, broadcasting and publishing","production and transport operators, cleaners and labourers",-
2011,it and other information services,"professionals, managers, executives and technicians",900
2011,it and other information services,"clerical, sales and services workers",-
2011,it and other information services,"production and transport operators, cleaners and labourers",-
2011,financial and insurance services,"professionals, managers, executives and technicians",2300
2011,financial and insurance services,"clerical, sales and services workers",500
2011,financial and insurance services,"production and transport operators, cleaners and labourers",-
2011,financial services,"professionals, managers, executives and technicians",1900
2011,financial services,"clerical, sales and services workers",400
2011,financial services,"production and transport operators, cleaners and labourers",-
2011,insurance services,"professionals, managers, executives and technicians",400
2011,insurance services,"clerical, sales and services workers",100
2011,insurance services,"production and transport operators, cleaners and labourers",-
2011,real estate services,"professionals, managers, executives and technicians",600
2011,real estate services,"clerical, sales and services workers",200
2011,real estate services,"production and transport operators, cleaners and labourers",1000
2011,professional services,"professionals, managers, executives and technicians",1800
2011,professional services,"clerical, sales and services workers",500
2011,professional services,"production and transport operators, cleaners and labourers",200
2011,"legal, accounting and management services","professionals, managers, executives and technicians",800
2011,"legal, accounting and management services","clerical, sales and services workers",300
2011,"legal, accounting and management services","production and transport operators, cleaners and labourers",-
2011,architectural and engineering services,"professionals, managers, executives and technicians",500
2011,architectural and engineering services,"clerical, sales and services workers",100
2011,architectural and engineering services,"production and transport operators, cleaners and labourers",100
2011,other professional services,"professionals, managers, executives and technicians",500
2011,other professional services,"clerical, sales and services workers",100
2011,other professional services,"production and transport operators, cleaners and labourers",100
2011,administrative and support services,"professionals, managers, executives and technicians",400
2011,administrative and support services,"clerical, sales and services workers",2400
2011,administrative and support services,"production and transport operators, cleaners and labourers",1700
2011,security and investigation,"professionals, managers, executives and technicians",100
2011,security and investigation,"clerical, sales and services workers",2100
2011,security and investigation,"production and transport operators, cleaners and labourers",100
2011,cleaning and landscaping,"professionals, managers, executives and technicians",-
2011,cleaning and landscaping,"clerical, sales and services workers",-
2011,cleaning and landscaping,"production and transport operators, cleaners and labourers",1100
2011,other administrative and support services,"professionals, managers, executives and technicians",300
2011,other administrative and support services,"clerical, sales and services workers",300
2011,other administrative and support services,"production and transport operators, cleaners and labourers",500
2011,"community, social and personal services","professionals, managers, executives and technicians",8900
2011,"community, social and personal services","clerical, sales and services workers",3000
2011,"community, social and personal services","production and transport operators, cleaners and labourers",700
2011,public administration and education,"professionals, managers, executives and technicians",6300
2011,public administration and education,"clerical, sales and services workers",700
2011,public administration and education,"production and transport operators, cleaners and labourers",100
2011,health and social services,"professionals, managers, executives and technicians",1900
2011,health and social services,"clerical, sales and services workers",600
2011,health and social services,"production and transport operators, cleaners and labourers",100
2011,"arts, entertainment and recreation","professionals, managers, executives and technicians",400
2011,"arts, entertainment and recreation","clerical, sales and services workers",1300
2011,"arts, entertainment and recreation","production and transport operators, cleaners and labourers",200
2011,"other community, social and personal services","professionals, managers, executives and technicians",300
2011,"other community, social and personal services","clerical, sales and services workers",300
2011,"other community, social and personal services","production and transport operators, cleaners and labourers",300
2011,others,"professionals, managers, executives and technicians",400
2011,others,"clerical, sales and services workers",-
2011,others,"production and transport operators, cleaners and labourers",200
2012,manufacturing,"professionals, managers, executives and technicians",2700
2012,manufacturing,"clerical, sales and services workers",600
2012,manufacturing,"production and transport operators, cleaners and labourers",3900
2012,"food, beverages and tobacco","professionals, managers, executives and technicians",100
2012,"food, beverages and tobacco","clerical, sales and services workers",200
2012,"food, beverages and tobacco","production and transport operators, cleaners and labourers",300
2012,"paper,rubber,plastic products and printing","professionals, managers, executives and technicians",100
2012,"paper,rubber,plastic products and printing","clerical, sales and services workers",100
2012,"paper,rubber,plastic products and printing","production and transport operators, cleaners and labourers",300
2012,"petroleum, chemical and pharmaceutical products","professionals, managers, executives and technicians",200
2012,"petroleum, chemical and pharmaceutical products","clerical, sales and services workers",-
2012,"petroleum, chemical and pharmaceutical products","production and transport operators, cleaners and labourers",200
2012,"fabricated metal products, machinery and equipment","professionals, managers, executives and technicians",700
2012,"fabricated metal products, machinery and equipment","clerical, sales and services workers",100
2012,"fabricated metal products, machinery and equipment","production and transport operators, cleaners and labourers",1300
2012,"electronic, computer and optical products","professionals, managers, executives and technicians",1000
2012,"electronic, computer and optical products","clerical, sales and services workers",100
2012,"electronic, computer and optical products","production and transport operators, cleaners and labourers",600
2012,transport equipment,"professionals, managers, executives and technicians",400
2012,transport equipment,"clerical, sales and services workers",-
2012,transport equipment,"production and transport operators, cleaners and labourers",800
2012,other manufacturing industries,"professionals, managers, executives and technicians",200
2012,other manufacturing industries,"clerical, sales and services workers",100
2012,other manufacturing industries,"production and transport operators, cleaners and labourers",400
2012,construction,"professionals, managers, executives and technicians",700
2012,construction,"clerical, sales and services workers",200
2012,construction,"production and transport operators, cleaners and labourers",2500
2012,services,"professionals, managers, executives and technicians",16500
2012,services,"clerical, sales and services workers",13900
2012,services,"production and transport operators, cleaners and labourers",7000
2012,wholesale and retail trade,"professionals, managers, executives and technicians",1700
2012,wholesale and retail trade,"clerical, sales and services workers",3500
2012,wholesale and retail trade,"production and transport operators, cleaners and labourers",800
2012,wholesale trade,"professionals, managers, executives and technicians",1400
2012,wholesale trade,"clerical, sales and services workers",1000
2012,wholesale trade,"production and transport operators, cleaners and labourers",600
2012,retail trade,"professionals, managers, executives and technicians",200
2012,retail trade,"clerical, sales and services workers",2500
2012,retail trade,"production and transport operators, cleaners and labourers",200
2012,transportation and storage,"professionals, managers, executives and technicians",700
2012,transportation and storage,"clerical, sales and services workers",1000
2012,transportation and storage,"production and transport operators, cleaners and labourers",1600
2012,land transport and supporting services,"professionals, managers, executives and technicians",100
2012,land transport and supporting services,"clerical, sales and services workers",200
2012,land transport and supporting services,"production and transport operators, cleaners and labourers",700
2012,water transport and supporting services,"professionals, managers, executives and technicians",200
2012,water transport and supporting services,"clerical, sales and services workers",100
2012,water transport and supporting services,"production and transport operators, cleaners and labourers",200
2012,air transport and supporting services,"professionals, managers, executives and technicians",300
2012,air transport and supporting services,"clerical, sales and services workers",600
2012,air transport and supporting services,"production and transport operators, cleaners and labourers",200
2012,other transport and storage services,"professionals, managers, executives and technicians",200
2012,other transport and storage services,"clerical, sales and services workers",200
2012,other transport and storage services,"production and transport operators, cleaners and labourers",500
2012,accommodation and food services,"professionals, managers, executives and technicians",400
2012,accommodation and food services,"clerical, sales and services workers",3400
2012,accommodation and food services,"production and transport operators, cleaners and labourers",1000
2012,accommodation,"professionals, managers, executives and technicians",200
2012,accommodation,"clerical, sales and services workers",500
2012,accommodation,"production and transport operators, cleaners and labourers",400
2012,food and beverage services,"professionals, managers, executives and technicians",200
2012,food and beverage services,"clerical, sales and services workers",2900
2012,food and beverage services,"production and transport operators, cleaners and labourers",700
2012,information and communications,"professionals, managers, executives and technicians",1300
2012,information and communications,"clerical, sales and services workers",200
2012,information and communications,"production and transport operators, cleaners and labourers",-
2012,"telecommunications, broadcasting and publishing","professionals, managers, executives and technicians",400
2012,"telecommunications, broadcasting and publishing","clerical, sales and services workers",200
2012,"telecommunications, broadcasting and publishing","production and transport operators, cleaners and labourers",-
2012,it and other information services,"professionals, managers, executives and technicians",900
2012,it and other information services,"clerical, sales and services workers",-
2012,it and other information services,"production and transport operators, cleaners and labourers",-
2012,financial and insurance services,"professionals, managers, executives and technicians",2000
2012,financial and insurance services,"clerical, sales and services workers",400
2012,financial and insurance services,"production and transport operators, cleaners and labourers",-
2012,financial services,"professionals, managers, executives and technicians",1700
2012,financial services,"clerical, sales and services workers",300
2012,financial services,"production and transport operators, cleaners and labourers",-
2012,insurance services,"professionals, managers, executives and technicians",300
2012,insurance services,"clerical, sales and services workers",100
2012,insurance services,"production and transport operators, cleaners and labourers",-
2012,real estate services,"professionals, managers, executives and technicians",400
2012,real estate services,"clerical, sales and services workers",300
2012,real estate services,"production and transport operators, cleaners and labourers",1000
2012,professional services,"professionals, managers, executives and technicians",1700
2012,professional services,"clerical, sales and services workers",500
2012,professional services,"production and transport operators, cleaners and labourers",300
2012,"legal, accounting and management services","professionals, managers, executives and technicians",700
2012,"legal, accounting and management services","clerical, sales and services workers",400
2012,"legal, accounting and management services","production and transport operators, cleaners and labourers",-
2012,architectural and engineering services,"professionals, managers, executives and technicians",500
2012,architectural and engineering services,"clerical, sales and services workers",100
2012,architectural and engineering services,"production and transport operators, cleaners and labourers",200
2012,other professional services,"professionals, managers, executives and technicians",600
2012,other professional services,"clerical, sales and services workers",100
2012,other professional services,"production and transport operators, cleaners and labourers",-
2012,administrative and support services,"professionals, managers, executives and technicians",500
2012,administrative and support services,"clerical, sales and services workers",1800
2012,administrative and support services,"production and transport operators, cleaners and labourers",1400
2012,security and investigation,"professionals, managers, executives and technicians",-
2012,security and investigation,"clerical, sales and services workers",1400
2012,security and investigation,"production and transport operators, cleaners and labourers",100
2012,cleaning and landscaping,"professionals, managers, executives and technicians",-
2012,cleaning and landscaping,"clerical, sales and services workers",100
2012,cleaning and landscaping,"production and transport operators, cleaners and labourers",1100
2012,other administrative and support services,"professionals, managers, executives and technicians",400
2012,other administrative and support services,"clerical, sales and services workers",300
2012,other administrative and support services,"production and transport operators, cleaners and labourers",300
2012,"community, social and personal services","professionals, managers, executives and technicians",7700
2012,"community, social and personal services","clerical, sales and services workers",2800
2012,"community, social and personal services","production and transport operators, cleaners and labourers",700
2012,public administration and education,"professionals, managers, executives and technicians",5600
2012,public administration and education,"clerical, sales and services workers",700
2012,public administration and education,"production and transport operators, cleaners and labourers",100
2012,health and social services,"professionals, managers, executives and technicians",1600
2012,health and social services,"clerical, sales and services workers",700
2012,health and social services,"production and transport operators, cleaners and labourers",200
2012,"arts, entertainment and recreation","professionals, managers, executives and technicians",300
2012,"arts, entertainment and recreation","clerical, sales and services workers",900
2012,"arts, entertainment and recreation","production and transport operators, cleaners and labourers",100
2012,"other community, social and personal services","professionals, managers, executives and technicians",300
2012,"other community, social and personal services","clerical, sales and services workers",400
2012,"other community, social and personal services","production and transport operators, cleaners and labourers",300
2012,others,"professionals, managers, executives and technicians",600
2012,others,"clerical, sales and services workers",-
2012,others,"production and transport operators, cleaners and labourers",200
2013,manufacturing,"professionals, managers, executives and technicians",3200
2013,manufacturing,"clerical, sales and services workers",600
2013,manufacturing,"production and transport operators, cleaners and labourers",3900
2013,manufacturing,"professionals, managers and executives",1500
2013,manufacturing,"non-professionals, managers and executives",6300
2013,"food, beverages and tobacco","professionals, managers, executives and technicians",100
2013,"food, beverages and tobacco","clerical, sales and services workers",200
2013,"food, beverages and tobacco","production and transport operators, cleaners and labourers",400
2013,"food, beverages and tobacco","professionals, managers and executives",100
2013,"food, beverages and tobacco","non-professionals, managers and executives",600
2013,"paper,rubber,plastic products and printing","professionals, managers, executives and technicians",100
2013,"paper,rubber,plastic products and printing","clerical, sales and services workers",100
2013,"paper,rubber,plastic products and printing","production and transport operators, cleaners and labourers",300
2013,"paper,rubber,plastic products and printing","professionals, managers and executives",100
2013,"paper,rubber,plastic products and printing","non-professionals, managers and executives",400
2013,"petroleum, chemical and pharmaceutical products","professionals, managers, executives and technicians",400
2013,"petroleum, chemical and pharmaceutical products","clerical, sales and services workers",-
2013,"petroleum, chemical and pharmaceutical products","production and transport operators, cleaners and labourers",200
2013,"petroleum, chemical and pharmaceutical products","professionals, managers and executives",100
2013,"petroleum, chemical and pharmaceutical products","non-professionals, managers and executives",400
2013,"fabricated metal products, machinery and equipment","professionals, managers, executives and technicians",800
2013,"fabricated metal products, machinery and equipment","clerical, sales and services workers",200
2013,"fabricated metal products, machinery and equipment","production and transport operators, cleaners and labourers",1100
2013,"fabricated metal products, machinery and equipment","professionals, managers and executives",300
2013,"fabricated metal products, machinery and equipment","non-professionals, managers and executives",1700
2013,"electronic, computer and optical products","professionals, managers, executives and technicians",1000
2013,"electronic, computer and optical products","clerical, sales and services workers",-
2013,"electronic, computer and optical products","production and transport operators, cleaners and labourers",600
2013,"electronic, computer and optical products","professionals, managers and executives",600
2013,"electronic, computer and optical products","non-professionals, managers and executives",1100
2013,transport equipment,"professionals, managers, executives and technicians",600
2013,transport equipment,"clerical, sales and services workers",100
2013,transport equipment,"production and transport operators, cleaners and labourers",800
2013,transport equipment,"professionals, managers and executives",200
2013,transport equipment,"non-professionals, managers and executives",1200
2013,other manufacturing industries,"professionals, managers, executives and technicians",300
2013,other manufacturing industries,"clerical, sales and services workers",100
2013,other manufacturing industries,"production and transport operators, cleaners and labourers",600
2013,other manufacturing industries,"professionals, managers and executives",100
2013,other manufacturing industries,"non-professionals, managers and executives",800
2013,construction,"professionals, managers, executives and technicians",1000
2013,construction,"clerical, sales and services workers",300
2013,construction,"production and transport operators, cleaners and labourers",2500
2013,construction,"professionals, managers and executives",500
2013,construction,"non-professionals, managers and executives",3300
2013,services,"professionals, managers, executives and technicians",18900
2013,services,"clerical, sales and services workers",14900
2013,services,"production and transport operators, cleaners and labourers",9300
2013,services,"professionals, managers and executives",11100
2013,services,"non-professionals, managers and executives",32100
2013,wholesale and retail trade,"professionals, managers, executives and technicians",1800
2013,wholesale and retail trade,"clerical, sales and services workers",4000
2013,wholesale and retail trade,"production and transport operators, cleaners and labourers",1200
2013,wholesale and retail trade,"professionals, managers and executives",900
2013,wholesale and retail trade,"non-professionals, managers and executives",6100
2013,wholesale trade,"professionals, managers, executives and technicians",1400
2013,wholesale trade,"clerical, sales and services workers",1100
2013,wholesale trade,"production and transport operators, cleaners and labourers",1000
2013,wholesale trade,"professionals, managers and executives",800
2013,wholesale trade,"non-professionals, managers and executives",2700
2013,retail trade,"professionals, managers, executives and technicians",300
2013,retail trade,"clerical, sales and services workers",2900
2013,retail trade,"production and transport operators, cleaners and labourers",200
2013,retail trade,"professionals, managers and executives",100
2013,retail trade,"non-professionals, managers and executives",3300
2013,transportation and storage,"professionals, managers, executives and technicians",700
2013,transportation and storage,"clerical, sales and services workers",1000
2013,transportation and storage,"production and transport operators, cleaners and labourers",2200
2013,transportation and storage,"professionals, managers and executives",300
2013,transportation and storage,"non-professionals, managers and executives",3600
2013,land transport and supporting services,"professionals, managers, executives and technicians",100
2013,land transport and supporting services,"clerical, sales and services workers",100
2013,land transport and supporting services,"production and transport operators, cleaners and labourers",700
2013,land transport and supporting services,"professionals, managers and executives",-
2013,land transport and supporting services,"non-professionals, managers and executives",900
2013,water transport and supporting services,"professionals, managers, executives and technicians",300
2013,water transport and supporting services,"clerical, sales and services workers",100
2013,water transport and supporting services,"production and transport operators, cleaners and labourers",500
2013,water transport and supporting services,"professionals, managers and executives",100
2013,water transport and supporting services,"non-professionals, managers and executives",700
2013,air transport and supporting services,"professionals, managers, executives and technicians",200
2013,air transport and supporting services,"clerical, sales and services workers",500
2013,air transport and supporting services,"production and transport operators, cleaners and labourers",300
2013,air transport and supporting services,"professionals, managers and executives",100
2013,air transport and supporting services,"non-professionals, managers and executives",900
2013,other transport and storage services,"professionals, managers, executives and technicians",100
2013,other transport and storage services,"clerical, sales and services workers",200
2013,other transport and storage services,"production and transport operators, cleaners and labourers",700
2013,other transport and storage services,"professionals, managers and executives",100
2013,other transport and storage services,"non-professionals, managers and executives",1000
2013,accommodation and food services,"professionals, managers, executives and technicians",700
2013,accommodation and food services,"clerical, sales and services workers",4000
2013,accommodation and food services,"production and transport operators, cleaners and labourers",1400
2013,accommodation and food services,"professionals, managers and executives",400
2013,accommodation and food services,"non-professionals, managers and executives",5800
2013,accommodation,"professionals, managers, executives and technicians",300
2013,accommodation,"clerical, sales and services workers",700
2013,accommodation,"production and transport operators, cleaners and labourers",500
2013,accommodation,"professionals, managers and executives",100
2013,accommodation,"non-professionals, managers and executives",1400
2013,food and beverage services,"professionals, managers, executives and technicians",500
2013,food and beverage services,"clerical, sales and services workers",3300
2013,food and beverage services,"production and transport operators, cleaners and labourers",900
2013,food and beverage services,"professionals, managers and executives",200
2013,food and beverage services,"non-professionals, managers and executives",4400
2013,information and communications,"professionals, managers, executives and technicians",1500
2013,information and communications,"clerical, sales and services workers",200
2013,information and communications,"production and transport operators, cleaners and labourers",100
2013,information and communications,"professionals, managers and executives",1000
2013,information and communications,"non-professionals, managers and executives",800
2013,"telecommunications, broadcasting and publishing","professionals, managers, executives and technicians",400
2013,"telecommunications, broadcasting and publishing","clerical, sales and services workers",100
2013,"telecommunications, broadcasting and publishing","production and transport operators, cleaners and labourers",-
2013,"telecommunications, broadcasting and publishing","professionals, managers and executives",200
2013,"telecommunications, broadcasting and publishing","non-professionals, managers and executives",400
2013,it and other information services,"professionals, managers, executives and technicians",1100
2013,it and other information services,"clerical, sales and services workers",100
2013,it and other information services,"production and transport operators, cleaners and labourers",-
2013,it and other information services,"professionals, managers and executives",800
2013,it and other information services,"non-professionals, managers and executives",400
2013,financial and insurance services,"professionals, managers, executives and technicians",2400
2013,financial and insurance services,"clerical, sales and services workers",300
2013,financial and insurance services,"production and transport operators, cleaners and labourers",-
2013,financial and insurance services,"professionals, managers and executives",1500
2013,financial and insurance services,"non-professionals, managers and executives",1300
2013,financial services,"professionals, managers, executives and technicians",2100
2013,financial services,"clerical, sales and services workers",200
2013,financial services,"production and transport operators, cleaners and labourers",-
2013,financial services,"professionals, managers and executives",1400
2013,financial services,"non-professionals, managers and executives",1000
2013,insurance services,"professionals, managers, executives and technicians",300
2013,insurance services,"clerical, sales and services workers",100
2013,insurance services,"production and transport operators, cleaners and labourers",-
2013,insurance services,"professionals, managers and executives",200
2013,insurance services,"non-professionals, managers and executives",300
2013,real estate services,"professionals, managers, executives and technicians",400
2013,real estate services,"clerical, sales and services workers",400
2013,real estate services,"production and transport operators, cleaners and labourers",1300
2013,real estate services,"professionals, managers and executives",200
2013,real estate services,"non-professionals, managers and executives",1900
2013,professional services,"professionals, managers, executives and technicians",2000
2013,professional services,"clerical, sales and services workers",500
2013,professional services,"production and transport operators, cleaners and labourers",400
2013,professional services,"professionals, managers and executives",1200
2013,professional services,"non-professionals, managers and executives",1700
2013,"legal, accounting and management services","professionals, managers, executives and technicians",700
2013,"legal, accounting and management services","clerical, sales and services workers",300
2013,"legal, accounting and management services","production and transport operators, cleaners and labourers",100
2013,"legal, accounting and management services","professionals, managers and executives",500
2013,"legal, accounting and management services","non-professionals, managers and executives",700
2013,architectural and engineering services,"professionals, managers, executives and technicians",700
2013,architectural and engineering services,"clerical, sales and services workers",100
2013,architectural and engineering services,"production and transport operators, cleaners and labourers",300
2013,architectural and engineering services,"professionals, managers and executives",300
2013,architectural and engineering services,"non-professionals, managers and executives",700
2013,other professional services,"professionals, managers, executives and technicians",600
2013,other professional services,"clerical, sales and services workers",100
2013,other professional services,"production and transport operators, cleaners and labourers",-
2013,other professional services,"professionals, managers and executives",400
2013,other professional services,"non-professionals, managers and executives",300
2013,administrative and support services,"professionals, managers, executives and technicians",700
2013,administrative and support services,"clerical, sales and services workers",1800
2013,administrative and support services,"production and transport operators, cleaners and labourers",1800
2013,administrative and support services,"professionals, managers and executives",200
2013,administrative and support services,"non-professionals, managers and executives",4100
2013,security and investigation,"professionals, managers, executives and technicians",100
2013,security and investigation,"clerical, sales and services workers",1400
2013,security and investigation,"production and transport operators, cleaners and labourers",100
2013,security and investigation,"professionals, managers and executives",-
2013,security and investigation,"non-professionals, managers and executives",1600
2013,cleaning and landscaping,"professionals, managers, executives and technicians",-
2013,cleaning and landscaping,"clerical, sales and services workers",100
2013,cleaning and landscaping,"production and transport operators, cleaners and labourers",1400
2013,cleaning and landscaping,"professionals, managers and executives",-
2013,cleaning and landscaping,"non-professionals, managers and executives",1500
2013,other administrative and support services,"professionals, managers, executives and technicians",500
2013,other administrative and support services,"clerical, sales and services workers",400
2013,other administrative and support services,"production and transport operators, cleaners and labourers",300
2013,other administrative and support services,"professionals, managers and executives",200
2013,other administrative and support services,"non-professionals, managers and executives",1100
2013,"community, social and personal services","professionals, managers, executives and technicians",8700
2013,"community, social and personal services","clerical, sales and services workers",2800
2013,"community, social and personal services","production and transport operators, cleaners and labourers",900
2013,"community, social and personal services","professionals, managers and executives",5400
2013,"community, social and personal services","non-professionals, managers and executives",7000
2013,public administration and education,"professionals, managers, executives and technicians",5800
2013,public administration and education,"clerical, sales and services workers",600
2013,public administration and education,"production and transport operators, cleaners and labourers",100
2013,public administration and education,"professionals, managers and executives",4200
2013,public administration and education,"non-professionals, managers and executives",2300
2013,health and social services,"professionals, managers, executives and technicians",2000
2013,health and social services,"clerical, sales and services workers",900
2013,health and social services,"production and transport operators, cleaners and labourers",200
2013,health and social services,"professionals, managers and executives",700
2013,health and social services,"non-professionals, managers and executives",2400
2013,"arts, entertainment and recreation","professionals, managers, executives and technicians",600
2013,"arts, entertainment and recreation","clerical, sales and services workers",700
2013,"arts, entertainment and recreation","production and transport operators, cleaners and labourers",200
2013,"arts, entertainment and recreation","professionals, managers and executives",400
2013,"arts, entertainment and recreation","non-professionals, managers and executives",1100
2013,"other community, social and personal services","professionals, managers, executives and technicians",300
2013,"other community, social and personal services","clerical, sales and services workers",500
2013,"other community, social and personal services","production and transport operators, cleaners and labourers",500
2013,"other community, social and personal services","professionals, managers and executives",200
2013,"other community, social and personal services","non-professionals, managers and executives",1200
2013,others,"professionals, managers, executives and technicians",400
2013,others,"clerical, sales and services workers",100
2013,others,"production and transport operators, cleaners and labourers",200
2013,others,"professionals, managers and executives",200
2013,others,"non-professionals, managers and executives",400
2014,manufacturing,"professionals, managers, executives and technicians",3700
2014,manufacturing,"clerical, sales and services workers",900
2014,manufacturing,"production and transport operators, cleaners and labourers",3900
2014,manufacturing,"professionals, managers and executives",1700
2014,manufacturing,"non-professionals, managers and executives",6800
2014,"food, beverages and tobacco","professionals, managers, executives and technicians",100
2014,"food, beverages and tobacco","clerical, sales and services workers",400
2014,"food, beverages and tobacco","production and transport operators, cleaners and labourers",400
2014,"food, beverages and tobacco","professionals, managers and executives",-
2014,"food, beverages and tobacco","non-professionals, managers and executives",800
2014,"paper,rubber,plastic products and printing","professionals, managers, executives and technicians",100
2014,"paper,rubber,plastic products and printing","clerical, sales and services workers",100
2014,"paper,rubber,plastic products and printing","production and transport operators, cleaners and labourers",300
2014,"paper,rubber,plastic products and printing","professionals, managers and executives",100
2014,"paper,rubber,plastic products and printing","non-professionals, managers and executives",400
2014,"petroleum, chemical and pharmaceutical products","professionals, managers, executives and technicians",400
2014,"petroleum, chemical and pharmaceutical products","clerical, sales and services workers",-
2014,"petroleum, chemical and pharmaceutical products","production and transport operators, cleaners and labourers",100
2014,"petroleum, chemical and pharmaceutical products","professionals, managers and executives",200
2014,"petroleum, chemical and pharmaceutical products","non-professionals, managers and executives",300
2014,"fabricated metal products, machinery and equipment","professionals, managers, executives and technicians",900
2014,"fabricated metal products, machinery and equipment","clerical, sales and services workers",200
2014,"fabricated metal products, machinery and equipment","production and transport operators, cleaners and labourers",1100
2014,"fabricated metal products, machinery and equipment","professionals, managers and executives",300
2014,"fabricated metal products, machinery and equipment","non-professionals, managers and executives",1900
2014,"electronic, computer and optical products","professionals, managers, executives and technicians",1300
2014,"electronic, computer and optical products","clerical, sales and services workers",100
2014,"electronic, computer and optical products","production and transport operators, cleaners and labourers",600
2014,"electronic, computer and optical products","professionals, managers and executives",800
2014,"electronic, computer and optical products","non-professionals, managers and executives",1200
2014,transport equipment,"professionals, managers, executives and technicians",500
2014,transport equipment,"clerical, sales and services workers",100
2014,transport equipment,"production and transport operators, cleaners and labourers",1000
2014,transport equipment,"professionals, managers and executives",200
2014,transport equipment,"non-professionals, managers and executives",1400
2014,other manufacturing industries,"professionals, managers, executives and technicians",300
2014,other manufacturing industries,"clerical, sales and services workers",100
2014,other manufacturing industries,"production and transport operators, cleaners and labourers",500
2014,other manufacturing industries,"professionals, managers and executives",100
2014,other manufacturing industries,"non-professionals, managers and executives",700
2014,construction,"professionals, managers, executives and technicians",1200
2014,construction,"clerical, sales and services workers",200
2014,construction,"production and transport operators, cleaners and labourers",2300
2014,construction,"professionals, managers and executives",600
2014,construction,"non-professionals, managers and executives",3100
2014,services,"professionals, managers, executives and technicians",23200
2014,services,"clerical, sales and services workers",17300
2014,services,"production and transport operators, cleaners and labourers",10100
2014,services,"professionals, managers and executives",13100
2014,services,"non-professionals, managers and executives",37600
2014,wholesale and retail trade,"professionals, managers, executives and technicians",2200
2014,wholesale and retail trade,"clerical, sales and services workers",4500
2014,wholesale and retail trade,"production and transport operators, cleaners and labourers",1300
2014,wholesale and retail trade,"professionals, managers and executives",1100
2014,wholesale and retail trade,"non-professionals, managers and executives",6900
2014,wholesale trade,"professionals, managers, executives and technicians",1900
2014,wholesale trade,"clerical, sales and services workers",1200
2014,wholesale trade,"production and transport operators, cleaners and labourers",1000
2014,wholesale trade,"professionals, managers and executives",900
2014,wholesale trade,"non-professionals, managers and executives",3100
2014,retail trade,"professionals, managers, executives and technicians",300
2014,retail trade,"clerical, sales and services workers",3300
2014,retail trade,"production and transport operators, cleaners and labourers",300
2014,retail trade,"professionals, managers and executives",100
2014,retail trade,"non-professionals, managers and executives",3700
2014,transportation and storage,"professionals, managers, executives and technicians",800
2014,transportation and storage,"clerical, sales and services workers",1100
2014,transportation and storage,"production and transport operators, cleaners and labourers",2300
2014,transportation and storage,"professionals, managers and executives",400
2014,transportation and storage,"non-professionals, managers and executives",3800
2014,land transport and supporting services,"professionals, managers, executives and technicians",100
2014,land transport and supporting services,"clerical, sales and services workers",100
2014,land transport and supporting services,"production and transport operators, cleaners and labourers",900
2014,land transport and supporting services,"professionals, managers and executives",-
2014,land transport and supporting services,"non-professionals, managers and executives",1000
2014,water transport and supporting services,"professionals, managers, executives and technicians",200
2014,water transport and supporting services,"clerical, sales and services workers",100
2014,water transport and supporting services,"production and transport operators, cleaners and labourers",400
2014,water transport and supporting services,"professionals, managers and executives",100
2014,water transport and supporting services,"non-professionals, managers and executives",600
2014,air transport and supporting services,"professionals, managers, executives and technicians",200
2014,air transport and supporting services,"clerical, sales and services workers",500
2014,air transport and supporting services,"production and transport operators, cleaners and labourers",200
2014,air transport and supporting services,"professionals, managers and executives",100
2014,air transport and supporting services,"non-professionals, managers and executives",800
2014,other transport and storage services,"professionals, managers, executives and technicians",300
2014,other transport and storage services,"clerical, sales and services workers",300
2014,other transport and storage services,"production and transport operators, cleaners and labourers",800
2014,other transport and storage services,"professionals, managers and executives",100
2014,other transport and storage services,"non-professionals, managers and executives",1300
2014,accommodation and food services,"professionals, managers, executives and technicians",800
2014,accommodation and food services,"clerical, sales and services workers",4700
2014,accommodation and food services,"production and transport operators, cleaners and labourers",1900
2014,accommodation and food services,"professionals, managers and executives",400
2014,accommodation and food services,"non-professionals, managers and executives",7000
2014,accommodation,"professionals, managers, executives and technicians",300
2014,accommodation,"clerical, sales and services workers",900
2014,accommodation,"production and transport operators, cleaners and labourers",600
2014,accommodation,"professionals, managers and executives",100
2014,accommodation,"non-professionals, managers and executives",1700
2014,food and beverage services,"professionals, managers, executives and technicians",500
2014,food and beverage services,"clerical, sales and services workers",3800
2014,food and beverage services,"production and transport operators, cleaners and labourers",1300
2014,food and beverage services,"professionals, managers and executives",300
2014,food and beverage services,"non-professionals, managers and executives",5300
2014,information and communications,"professionals, managers, executives and technicians",2100
2014,information and communications,"clerical, sales and services workers",300
2014,information and communications,"production and transport operators, cleaners and labourers",100
2014,information and communications,"professionals, managers and executives",1300
2014,information and communications,"non-professionals, managers and executives",1100
2014,"telecommunications, broadcasting and publishing","professionals, managers, executives and technicians",500
2014,"telecommunications, broadcasting and publishing","clerical, sales and services workers",100
2014,"telecommunications, broadcasting and publishing","production and transport operators, cleaners and labourers",-
2014,"telecommunications, broadcasting and publishing","professionals, managers and executives",300
2014,"telecommunications, broadcasting and publishing","non-professionals, managers and executives",400
2014,it and other information services,"professionals, managers, executives and technicians",1600
2014,it and other information services,"clerical, sales and services workers",200
2014,it and other information services,"production and transport operators, cleaners and labourers",-
2014,it and other information services,"professionals, managers and executives",1100
2014,it and other information services,"non-professionals, managers and executives",800
2014,financial and insurance services,"professionals, managers, executives and technicians",3400
2014,financial and insurance services,"clerical, sales and services workers",400
2014,financial and insurance services,"production and transport operators, cleaners and labourers",-
2014,financial and insurance services,"professionals, managers and executives",2100
2014,financial and insurance services,"non-professionals, managers and executives",1700
2014,financial services,"professionals, managers, executives and technicians",3100
2014,financial services,"clerical, sales and services workers",300
2014,financial services,"production and transport operators, cleaners and labourers",-
2014,financial services,"professionals, managers and executives",1900
2014,financial services,"non-professionals, managers and executives",1500
2014,insurance services,"professionals, managers, executives and technicians",300
2014,insurance services,"clerical, sales and services workers",100
2014,insurance services,"production and transport operators, cleaners and labourers",-
2014,insurance services,"professionals, managers and executives",200
2014,insurance services,"non-professionals, managers and executives",300
2014,real estate services,"professionals, managers, executives and technicians",500
2014,real estate services,"clerical, sales and services workers",400
2014,real estate services,"production and transport operators, cleaners and labourers",1300
2014,real estate services,"professionals, managers and executives",200
2014,real estate services,"non-professionals, managers and executives",2100
2014,professional services,"professionals, managers, executives and technicians",2800
2014,professional services,"clerical, sales and services workers",500
2014,professional services,"production and transport operators, cleaners and labourers",200
2014,professional services,"professionals, managers and executives",1800
2014,professional services,"non-professionals, managers and executives",1700
2014,"legal, accounting and management services","professionals, managers, executives and technicians",1400
2014,"legal, accounting and management services","clerical, sales and services workers",400
2014,"legal, accounting and management services","production and transport operators, cleaners and labourers",100
2014,"legal, accounting and management services","professionals, managers and executives",1100
2014,"legal, accounting and management services","non-professionals, managers and executives",800
2014,architectural and engineering services,"professionals, managers, executives and technicians",800
2014,architectural and engineering services,"clerical, sales and services workers",100
2014,architectural and engineering services,"production and transport operators, cleaners and labourers",100
2014,architectural and engineering services,"professionals, managers and executives",400
2014,architectural and engineering services,"non-professionals, managers and executives",500
2014,other professional services,"professionals, managers, executives and technicians",600
2014,other professional services,"clerical, sales and services workers",100
2014,other professional services,"production and transport operators, cleaners and labourers",-
2014,other professional services,"professionals, managers and executives",300
2014,other professional services,"non-professionals, managers and executives",400
2014,administrative and support services,"professionals, managers, executives and technicians",900
2014,administrative and support services,"clerical, sales and services workers",2400
2014,administrative and support services,"production and transport operators, cleaners and labourers",2100
2014,administrative and support services,"professionals, managers and executives",300
2014,administrative and support services,"non-professionals, managers and executives",5100
2014,security and investigation,"professionals, managers, executives and technicians",100
2014,security and investigation,"clerical, sales and services workers",1900
2014,security and investigation,"production and transport operators, cleaners and labourers",100
2014,security and investigation,"professionals, managers and executives",-
2014,security and investigation,"non-professionals, managers and executives",2000
2014,cleaning and landscaping,"professionals, managers, executives and technicians",-
2014,cleaning and landscaping,"clerical, sales and services workers",100
2014,cleaning and landscaping,"production and transport operators, cleaners and labourers",1700
2014,cleaning and landscaping,"professionals, managers and executives",-
2014,cleaning and landscaping,"non-professionals, managers and executives",1700
2014,other administrative and support services,"professionals, managers, executives and technicians",800
2014,other administrative and support services,"clerical, sales and services workers",400
2014,other administrative and support services,"production and transport operators, cleaners and labourers",400
2014,other administrative and support services,"professionals, managers and executives",300
2014,other administrative and support services,"non-professionals, managers and executives",1300
2014,"community, social and personal services","professionals, managers, executives and technicians",9800
2014,"community, social and personal services","clerical, sales and services workers",3000
2014,"community, social and personal services","production and transport operators, cleaners and labourers",900
2014,"community, social and personal services","professionals, managers and executives",5400
2014,"community, social and personal services","non-professionals, managers and executives",8200
2014,public administration and education,"professionals, managers, executives and technicians",5900
2014,public administration and education,"clerical, sales and services workers",500
2014,public administration and education,"production and transport operators, cleaners and labourers",100
2014,public administration and education,"professionals, managers and executives",4300
2014,public administration and education,"non-professionals, managers and executives",2200
2014,health and social services,"professionals, managers, executives and technicians",2900
2014,health and social services,"clerical, sales and services workers",1300
2014,health and social services,"production and transport operators, cleaners and labourers",200
2014,health and social services,"professionals, managers and executives",700
2014,health and social services,"non-professionals, managers and executives",3700
2014,"arts, entertainment and recreation","professionals, managers, executives and technicians",600
2014,"arts, entertainment and recreation","clerical, sales and services workers",700
2014,"arts, entertainment and recreation","production and transport operators, cleaners and labourers",200
2014,"arts, entertainment and recreation","professionals, managers and executives",300
2014,"arts, entertainment and recreation","non-professionals, managers and executives",1200
2014,"other community, social and personal services","professionals, managers, executives and technicians",300
2014,"other community, social and personal services","clerical, sales and services workers",500
2014,"other community, social and personal services","production and transport operators, cleaners and labourers",400
2014,"other community, social and personal services","professionals, managers and executives",100
2014,"other community, social and personal services","non-professionals, managers and executives",1100
2014,others,"professionals, managers, executives and technicians",300
2014,others,"clerical, sales and services workers",-
2014,others,"production and transport operators, cleaners and labourers",200
2014,others,"professionals, managers and executives",200
2014,others,"non-professionals, managers and executives",300
2015,manufacturing,"professionals, managers, executives and technicians",3200
2015,manufacturing,"clerical, sales and services workers",600
2015,manufacturing,"production and transport operators, cleaners and labourers",3100
2015,manufacturing,"professionals, managers and executives",1500
2015,manufacturing,"non-professionals, managers and executives",5500
2015,"food, beverages and tobacco","professionals, managers, executives and technicians",100
2015,"food, beverages and tobacco","clerical, sales and services workers",300
2015,"food, beverages and tobacco","production and transport operators, cleaners and labourers",300
2015,"food, beverages and tobacco","professionals, managers and executives",100
2015,"food, beverages and tobacco","non-professionals, managers and executives",700
2015,"paper,rubber,plastic products and printing","professionals, managers, executives and technicians",100
2015,"paper,rubber,plastic products and printing","clerical, sales and services workers",-
2015,"paper,rubber,plastic products and printing","production and transport operators, cleaners and labourers",200
2015,"paper,rubber,plastic products and printing","professionals, managers and executives",-
2015,"paper,rubber,plastic products and printing","non-professionals, managers and executives",300
2015,"petroleum, chemical and pharmaceutical products","professionals, managers, executives and technicians",400
2015,"petroleum, chemical and pharmaceutical products","clerical, sales and services workers",-
2015,"petroleum, chemical and pharmaceutical products","production and transport operators, cleaners and labourers",100
2015,"petroleum, chemical and pharmaceutical products","professionals, managers and executives",200
2015,"petroleum, chemical and pharmaceutical products","non-professionals, managers and executives",400
2015,"fabricated metal products, machinery and equipment","professionals, managers, executives and technicians",600
2015,"fabricated metal products, machinery and equipment","clerical, sales and services workers",100
2015,"fabricated metal products, machinery and equipment","production and transport operators, cleaners and labourers",700
2015,"fabricated metal products, machinery and equipment","professionals, managers and executives",200
2015,"fabricated metal products, machinery and equipment","non-professionals, managers and executives",1200
2015,"electronic, computer and optical products","professionals, managers, executives and technicians",1200
2015,"electronic, computer and optical products","clerical, sales and services workers",-
2015,"electronic, computer and optical products","production and transport operators, cleaners and labourers",600
2015,"electronic, computer and optical products","professionals, managers and executives",700
2015,"electronic, computer and optical products","non-professionals, managers and executives",1100
2015,transport equipment,"professionals, managers, executives and technicians",400
2015,transport equipment,"clerical, sales and services workers",100
2015,transport equipment,"production and transport operators, cleaners and labourers",700
2015,transport equipment,"professionals, managers and executives",200
2015,transport equipment,"non-professionals, managers and executives",1100
2015,other manufacturing industries,"professionals, managers, executives and technicians",300
2015,other manufacturing industries,"clerical, sales and services workers",100
2015,other manufacturing industries,"production and transport operators, cleaners and labourers",500
2015,other manufacturing industries,"professionals, managers and executives",100
2015,other manufacturing industries,"non-professionals, managers and executives",700
2015,construction,"professionals, managers, executives and technicians",1000
2015,construction,"clerical, sales and services workers",200
2015,construction,"production and transport operators, cleaners and labourers",1800
2015,construction,"professionals, managers and executives",400
2015,construction,"non-professionals, managers and executives",2500
2015,services,"professionals, managers, executives and technicians",24100
2015,services,"clerical, sales and services workers",16000
2015,services,"production and transport operators, cleaners and labourers",8800
2015,services,"professionals, managers and executives",13900
2015,services,"non-professionals, managers and executives",35000
2015,wholesale and retail trade,"professionals, managers, executives and technicians",2900
2015,wholesale and retail trade,"clerical, sales and services workers",3500
2015,wholesale and retail trade,"production and transport operators, cleaners and labourers",900
2015,wholesale and retail trade,"professionals, managers and executives",1400
2015,wholesale and retail trade,"non-professionals, managers and executives",5800
2015,wholesale trade,"professionals, managers, executives and technicians",2500
2015,wholesale trade,"clerical, sales and services workers",900
2015,wholesale trade,"production and transport operators, cleaners and labourers",600
2015,wholesale trade,"professionals, managers and executives",1300
2015,wholesale trade,"non-professionals, managers and executives",2700
2015,retail trade,"professionals, managers, executives and technicians",500
2015,retail trade,"clerical, sales and services workers",2600
2015,retail trade,"production and transport operators, cleaners and labourers",200
2015,retail trade,"professionals, managers and executives",100
2015,retail trade,"non-professionals, managers and executives",3100
2015,transportation and storage,"professionals, managers, executives and technicians",800
2015,transportation and storage,"clerical, sales and services workers",1200
2015,transportation and storage,"production and transport operators, cleaners and labourers",1800
2015,transportation and storage,"professionals, managers and executives",400
2015,transportation and storage,"non-professionals, managers and executives",3400
2015,land transport and supporting services,"professionals, managers, executives and technicians",100
2015,land transport and supporting services,"clerical, sales and services workers",200
2015,land transport and supporting services,"production and transport operators, cleaners and labourers",600
2015,land transport and supporting services,"professionals, managers and executives",-
2015,land transport and supporting services,"non-professionals, managers and executives",900
2015,water transport and supporting services,"professionals, managers, executives and technicians",200
2015,water transport and supporting services,"clerical, sales and services workers",-
2015,water transport and supporting services,"production and transport operators, cleaners and labourers",200
2015,water transport and supporting services,"professionals, managers and executives",100
2015,water transport and supporting services,"non-professionals, managers and executives",400
2015,air transport and supporting services,"professionals, managers, executives and technicians",200
2015,air transport and supporting services,"clerical, sales and services workers",700
2015,air transport and supporting services,"production and transport operators, cleaners and labourers",100
2015,air transport and supporting services,"professionals, managers and executives",100
2015,air transport and supporting services,"non-professionals, managers and executives",900
2015,other transport and storage services,"professionals, managers, executives and technicians",300
2015,other transport and storage services,"clerical, sales and services workers",300
2015,other transport and storage services,"production and transport operators, cleaners and labourers",800
2015,other transport and storage services,"professionals, managers and executives",100
2015,other transport and storage services,"non-professionals, managers and executives",1300
2015,accommodation and food services,"professionals, managers, executives and technicians",900
2015,accommodation and food services,"clerical, sales and services workers",4600
2015,accommodation and food services,"production and transport operators, cleaners and labourers",1700
2015,accommodation and food services,"professionals, managers and executives",400
2015,accommodation and food services,"non-professionals, managers and executives",6800
2015,accommodation,"professionals, managers, executives and technicians",300
2015,accommodation,"clerical, sales and services workers",900
2015,accommodation,"production and transport operators, cleaners and labourers",600
2015,accommodation,"professionals, managers and executives",100
2015,accommodation,"non-professionals, managers and executives",1700
2015,food and beverage services,"professionals, managers, executives and technicians",600
2015,food and beverage services,"clerical, sales and services workers",3700
2015,food and beverage services,"production and transport operators, cleaners and labourers",1100
2015,food and beverage services,"professionals, managers and executives",300
2015,food and beverage services,"non-professionals, managers and executives",5100
2015,information and communications,"professionals, managers, executives and technicians",2700
2015,information and communications,"clerical, sales and services workers",200
2015,information and communications,"production and transport operators, cleaners and labourers",-
2015,information and communications,"professionals, managers and executives",1900
2015,information and communications,"non-professionals, managers and executives",1100
2015,"telecommunications, broadcasting and publishing","professionals, managers, executives and technicians",600
2015,"telecommunications, broadcasting and publishing","clerical, sales and services workers",100
2015,"telecommunications, broadcasting and publishing","production and transport operators, cleaners and labourers",-
2015,"telecommunications, broadcasting and publishing","professionals, managers and executives",300
2015,"telecommunications, broadcasting and publishing","non-professionals, managers and executives",400
2015,it and other information services,"professionals, managers, executives and technicians",2100
2015,it and other information services,"clerical, sales and services workers",100
2015,it and other information services,"production and transport operators, cleaners and labourers",-
2015,it and other information services,"professionals, managers and executives",1500
2015,it and other information services,"non-professionals, managers and executives",700
2015,financial and insurance services,"professionals, managers, executives and technicians",3400
2015,financial and insurance services,"clerical, sales and services workers",300
2015,financial and insurance services,"production and transport operators, cleaners and labourers",-
2015,financial and insurance services,"professionals, managers and executives",1900
2015,financial and insurance services,"non-professionals, managers and executives",1800
2015,financial services,"professionals, managers, executives and technicians",3100
2015,financial services,"clerical, sales and services workers",200
2015,financial services,"production and transport operators, cleaners and labourers",-
2015,financial services,"professionals, managers and executives",1800
2015,financial services,"non-professionals, managers and executives",1600
2015,insurance services,"professionals, managers, executives and technicians",300
2015,insurance services,"clerical, sales and services workers",100
2015,insurance services,"production and transport operators, cleaners and labourers",-
2015,insurance services,"professionals, managers and executives",200
2015,insurance services,"non-professionals, managers and executives",200
2015,real estate services,"professionals, managers, executives and technicians",500
2015,real estate services,"clerical, sales and services workers",400
2015,real estate services,"production and transport operators, cleaners and labourers",1300
2015,real estate services,"professionals, managers and executives",200
2015,real estate services,"non-professionals, managers and executives",2000
2015,professional services,"professionals, managers, executives and technicians",3300
2015,professional services,"clerical, sales and services workers",400
2015,professional services,"production and transport operators, cleaners and labourers",300
2015,professional services,"professionals, managers and executives",2100
2015,professional services,"non-professionals, managers and executives",1900
2015,"legal, accounting and management services","professionals, managers, executives and technicians",2000
2015,"legal, accounting and management services","clerical, sales and services workers",300
2015,"legal, accounting and management services","production and transport operators, cleaners and labourers",100
2015,"legal, accounting and management services","professionals, managers and executives",1400
2015,"legal, accounting and management services","non-professionals, managers and executives",1000
2015,architectural and engineering services,"professionals, managers, executives and technicians",600
2015,architectural and engineering services,"clerical, sales and services workers",100
2015,architectural and engineering services,"production and transport operators, cleaners and labourers",200
2015,architectural and engineering services,"professionals, managers and executives",300
2015,architectural and engineering services,"non-professionals, managers and executives",500
2015,other professional services,"professionals, managers, executives and technicians",700
2015,other professional services,"clerical, sales and services workers",100
2015,other professional services,"production and transport operators, cleaners and labourers",-
2015,other professional services,"professionals, managers and executives",400
2015,other professional services,"non-professionals, managers and executives",400
2015,administrative and support services,"professionals, managers, executives and technicians",800
2015,administrative and support services,"clerical, sales and services workers",2500
2015,administrative and support services,"production and transport operators, cleaners and labourers",1900
2015,administrative and support services,"professionals, managers and executives",300
2015,administrative and support services,"non-professionals, managers and executives",5000
2015,security and investigation,"professionals, managers, executives and technicians",100
2015,security and investigation,"clerical, sales and services workers",2200
2015,security and investigation,"production and transport operators, cleaners and labourers",100
2015,security and investigation,"professionals, managers and executives",100
2015,security and investigation,"non-professionals, managers and executives",2400
2015,cleaning and landscaping,"professionals, managers, executives and technicians",-
2015,cleaning and landscaping,"clerical, sales and services workers",-
2015,cleaning and landscaping,"production and transport operators, cleaners and labourers",1500
2015,cleaning and landscaping,"professionals, managers and executives",-
2015,cleaning and landscaping,"non-professionals, managers and executives",1600
2015,other administrative and support services,"professionals, managers, executives and technicians",700
2015,other administrative and support services,"clerical, sales and services workers",300
2015,other administrative and support services,"production and transport operators, cleaners and labourers",300
2015,other administrative and support services,"professionals, managers and executives",300
2015,other administrative and support services,"non-professionals, managers and executives",1000
2015,"community, social and personal services","professionals, managers, executives and technicians",8800
2015,"community, social and personal services","clerical, sales and services workers",3000
2015,"community, social and personal services","production and transport operators, cleaners and labourers",900
2015,"community, social and personal services","professionals, managers and executives",5200
2015,"community, social and personal services","non-professionals, managers and executives",7400
2015,public administration and education,"professionals, managers, executives and technicians",5400
2015,public administration and education,"clerical, sales and services workers",400
2015,public administration and education,"production and transport operators, cleaners and labourers",100
2015,public administration and education,"professionals, managers and executives",4100
2015,public administration and education,"non-professionals, managers and executives",1900
2015,health and social services,"professionals, managers, executives and technicians",2300
2015,health and social services,"clerical, sales and services workers",1100
2015,health and social services,"production and transport operators, cleaners and labourers",200
2015,health and social services,"professionals, managers and executives",700
2015,health and social services,"non-professionals, managers and executives",2900
2015,"arts, entertainment and recreation","professionals, managers, executives and technicians",600
2015,"arts, entertainment and recreation","clerical, sales and services workers",1000
2015,"arts, entertainment and recreation","production and transport operators, cleaners and labourers",300
2015,"arts, entertainment and recreation","professionals, managers and executives",300
2015,"arts, entertainment and recreation","non-professionals, managers and executives",1700
2015,"other community, social and personal services","professionals, managers, executives and technicians",400
2015,"other community, social and personal services","clerical, sales and services workers",400
2015,"other community, social and personal services","production and transport operators, cleaners and labourers",300
2015,"other community, social and personal services","professionals, managers and executives",200
2015,"other community, social and personal services","non-professionals, managers and executives",900
2015,others,"professionals, managers, executives and technicians",300
2015,others,"clerical, sales and services workers",-
2015,others,"production and transport operators, cleaners and labourers",200
2015,others,"professionals, managers and executives",200
2015,others,"non-professionals, managers and executives",300
2016,manufacturing,"professionals, managers, executives and technicians",2600
2016,manufacturing,"clerical, sales and services workers",500
2016,manufacturing,"production and transport operators, cleaners and labourers",2800
2016,manufacturing,"professionals, managers and executives",1200
2016,manufacturing,"non-professionals, managers and executives",4600
2016,"food, beverages and tobacco","professionals, managers, executives and technicians",100
2016,"food, beverages and tobacco","clerical, sales and services workers",300
2016,"food, beverages and tobacco","production and transport operators, cleaners and labourers",300
2016,"food, beverages and tobacco","professionals, managers and executives",-
2016,"food, beverages and tobacco","non-professionals, managers and executives",600
2016,"paper,rubber,plastic products and printing","professionals, managers, executives and technicians",100
2016,"paper,rubber,plastic products and printing","clerical, sales and services workers",-
2016,"paper,rubber,plastic products and printing","production and transport operators, cleaners and labourers",200
2016,"paper,rubber,plastic products and printing","professionals, managers and executives",-
2016,"paper,rubber,plastic products and printing","non-professionals, managers and executives",200
2016,"petroleum, chemical and pharmaceutical products","professionals, managers, executives and technicians",300
2016,"petroleum, chemical and pharmaceutical products","clerical, sales and services workers",-
2016,"petroleum, chemical and pharmaceutical products","production and transport operators, cleaners and labourers",100
2016,"petroleum, chemical and pharmaceutical products","professionals, managers and executives",100
2016,"petroleum, chemical and pharmaceutical products","non-professionals, managers and executives",300
2016,"fabricated metal products, machinery and equipment","professionals, managers, executives and technicians",500
2016,"fabricated metal products, machinery and equipment","clerical, sales and services workers",100
2016,"fabricated metal products, machinery and equipment","production and transport operators, cleaners and labourers",600
2016,"fabricated metal products, machinery and equipment","professionals, managers and executives",200
2016,"fabricated metal products, machinery and equipment","non-professionals, managers and executives",900
2016,"electronic, computer and optical products","professionals, managers, executives and technicians",900
2016,"electronic, computer and optical products","clerical, sales and services workers",-
2016,"electronic, computer and optical products","production and transport operators, cleaners and labourers",900
2016,"electronic, computer and optical products","professionals, managers and executives",600
2016,"electronic, computer and optical products","non-professionals, managers and executives",1300
2016,transport equipment,"professionals, managers, executives and technicians",400
2016,transport equipment,"clerical, sales and services workers",-
2016,transport equipment,"production and transport operators, cleaners and labourers",300
2016,transport equipment,"professionals, managers and executives",100
2016,transport equipment,"non-professionals, managers and executives",600
2016,other manufacturing industries,"professionals, managers, executives and technicians",300
2016,other manufacturing industries,"clerical, sales and services workers",-
2016,other manufacturing industries,"production and transport operators, cleaners and labourers",400
2016,other manufacturing industries,"professionals, managers and executives",100
2016,other manufacturing industries,"non-professionals, managers and executives",600
2016,construction,"professionals, managers, executives and technicians",700
2016,construction,"clerical, sales and services workers",200
2016,construction,"production and transport operators, cleaners and labourers",1100
2016,construction,"professionals, managers and executives",300
2016,construction,"non-professionals, managers and executives",1600
2016,services,"professionals, managers, executives and technicians",21500
2016,services,"clerical, sales and services workers",13000
2016,services,"production and transport operators, cleaners and labourers",6800
2016,services,"professionals, managers and executives",12900
2016,services,"non-professionals, managers and executives",28400
2016,wholesale and retail trade,"professionals, managers, executives and technicians",2300
2016,wholesale and retail trade,"clerical, sales and services workers",3200
2016,wholesale and retail trade,"production and transport operators, cleaners and labourers",700
2016,wholesale and retail trade,"professionals, managers and executives",1000
2016,wholesale and retail trade,"non-professionals, managers and executives",5200
2016,wholesale trade,"professionals, managers, executives and technicians",1700
2016,wholesale trade,"clerical, sales and services workers",700
2016,wholesale trade,"production and transport operators, cleaners and labourers",400
2016,wholesale trade,"professionals, managers and executives",900
2016,wholesale trade,"non-professionals, managers and executives",1900
2016,retail trade,"professionals, managers, executives and technicians",600
2016,retail trade,"clerical, sales and services workers",2600
2016,retail trade,"production and transport operators, cleaners and labourers",300
2016,retail trade,"professionals, managers and executives",100
2016,retail trade,"non-professionals, managers and executives",3300
2016,transportation and storage,"professionals, managers, executives and technicians",700
2016,transportation and storage,"clerical, sales and services workers",900
2016,transportation and storage,"production and transport operators, cleaners and labourers",1300
2016,transportation and storage,"professionals, managers and executives",300
2016,transportation and storage,"non-professionals, managers and executives",2600
2016,land transport and supporting services,"professionals, managers, executives and technicians",100
2016,land transport and supporting services,"clerical, sales and services workers",200
2016,land transport and supporting services,"production and transport operators, cleaners and labourers",400
2016,land transport and supporting services,"professionals, managers and executives",-
2016,land transport and supporting services,"non-professionals, managers and executives",600
2016,water transport and supporting services,"professionals, managers, executives and technicians",200
2016,water transport and supporting services,"clerical, sales and services workers",-
2016,water transport and supporting services,"production and transport operators, cleaners and labourers",100
2016,water transport and supporting services,"professionals, managers and executives",100
2016,water transport and supporting services,"non-professionals, managers and executives",200
2016,air transport and supporting services,"professionals, managers, executives and technicians",200
2016,air transport and supporting services,"clerical, sales and services workers",400
2016,air transport and supporting services,"production and transport operators, cleaners and labourers",100
2016,air transport and supporting services,"professionals, managers and executives",100
2016,air transport and supporting services,"non-professionals, managers and executives",600
2016,other transport and storage services,"professionals, managers, executives and technicians",300
2016,other transport and storage services,"clerical, sales and services workers",200
2016,other transport and storage services,"production and transport operators, cleaners and labourers",800
2016,other transport and storage services,"professionals, managers and executives",100
2016,other transport and storage services,"non-professionals, managers and executives",1100
2016,accommodation and food services,"professionals, managers, executives and technicians",800
2016,accommodation and food services,"clerical, sales and services workers",3400
2016,accommodation and food services,"production and transport operators, cleaners and labourers",1400
2016,accommodation and food services,"professionals, managers and executives",400
2016,accommodation and food services,"non-professionals, managers and executives",5300
2016,accommodation,"professionals, managers, executives and technicians",300
2016,accommodation,"clerical, sales and services workers",800
2016,accommodation,"production and transport operators, cleaners and labourers",500
2016,accommodation,"professionals, managers and executives",100
2016,accommodation,"non-professionals, managers and executives",1500
2016,food and beverage services,"professionals, managers, executives and technicians",500
2016,food and beverage services,"clerical, sales and services workers",2600
2016,food and beverage services,"production and transport operators, cleaners and labourers",900
2016,food and beverage services,"professionals, managers and executives",300
2016,food and beverage services,"non-professionals, managers and executives",3800
2016,information and communications,"professionals, managers, executives and technicians",2700
2016,information and communications,"clerical, sales and services workers",200
2016,information and communications,"production and transport operators, cleaners and labourers",-
2016,information and communications,"professionals, managers and executives",1900
2016,information and communications,"non-professionals, managers and executives",1000
2016,"telecommunications, broadcasting and publishing","professionals, managers, executives and technicians",800
2016,"telecommunications, broadcasting and publishing","clerical, sales and services workers",100
2016,"telecommunications, broadcasting and publishing","production and transport operators, cleaners and labourers",-
2016,"telecommunications, broadcasting and publishing","professionals, managers and executives",500
2016,"telecommunications, broadcasting and publishing","non-professionals, managers and executives",400
2016,it and other information services,"professionals, managers, executives and technicians",1900
2016,it and other information services,"clerical, sales and services workers",100
2016,it and other information services,"production and transport operators, cleaners and labourers",-
2016,it and other information services,"professionals, managers and executives",1400
2016,it and other information services,"non-professionals, managers and executives",600
2016,financial and insurance services,"professionals, managers, executives and technicians",2900
2016,financial and insurance services,"clerical, sales and services workers",300
2016,financial and insurance services,"production and transport operators, cleaners and labourers",-
2016,financial and insurance services,"professionals, managers and executives",1800
2016,financial and insurance services,"non-professionals, managers and executives",1400
2016,financial services,"professionals, managers, executives and technicians",2600
2016,financial services,"clerical, sales and services workers",200
2016,financial services,"production and transport operators, cleaners and labourers",-
2016,financial services,"professionals, managers and executives",1600
2016,financial services,"non-professionals, managers and executives",1100
2016,insurance services,"professionals, managers, executives and technicians",400
2016,insurance services,"clerical, sales and services workers",100
2016,insurance services,"production and transport operators, cleaners and labourers",-
2016,insurance services,"professionals, managers and executives",200
2016,insurance services,"non-professionals, managers and executives",300
2016,real estate services,"professionals, managers, executives and technicians",500
2016,real estate services,"clerical, sales and services workers",300
2016,real estate services,"production and transport operators, cleaners and labourers",700
2016,real estate services,"professionals, managers and executives",200
2016,real estate services,"non-professionals, managers and executives",1300
2016,professional services,"professionals, managers, executives and technicians",2700
2016,professional services,"clerical, sales and services workers",400
2016,professional services,"production and transport operators, cleaners and labourers",300
2016,professional services,"professionals, managers and executives",1600
2016,professional services,"non-professionals, managers and executives",1700
2016,"legal, accounting and management services","professionals, managers, executives and technicians",1500
2016,"legal, accounting and management services","clerical, sales and services workers",300
2016,"legal, accounting and management services","production and transport operators, cleaners and labourers",100
2016,"legal, accounting and management services","professionals, managers and executives",1000
2016,"legal, accounting and management services","non-professionals, managers and executives",900
2016,architectural and engineering services,"professionals, managers, executives and technicians",500
2016,architectural and engineering services,"clerical, sales and services workers",-
2016,architectural and engineering services,"production and transport operators, cleaners and labourers",200
2016,architectural and engineering services,"professionals, managers and executives",200
2016,architectural and engineering services,"non-professionals, managers and executives",500
2016,other professional services,"professionals, managers, executives and technicians",600
2016,other professional services,"clerical, sales and services workers",-
2016,other professional services,"production and transport operators, cleaners and labourers",-
2016,other professional services,"professionals, managers and executives",300
2016,other professional services,"non-professionals, managers and executives",300
2016,administrative and support services,"professionals, managers, executives and technicians",800
2016,administrative and support services,"clerical, sales and services workers",2300
2016,administrative and support services,"production and transport operators, cleaners and labourers",1700
2016,administrative and support services,"professionals, managers and executives",400
2016,administrative and support services,"non-professionals, managers and executives",4500
2016,security and investigation,"professionals, managers, executives and technicians",100
2016,security and investigation,"clerical, sales and services workers",2100
2016,security and investigation,"production and transport operators, cleaners and labourers",-
2016,security and investigation,"professionals, managers and executives",100
2016,security and investigation,"non-professionals, managers and executives",2200
2016,cleaning and landscaping,"professionals, managers, executives and technicians",-
2016,cleaning and landscaping,"clerical, sales and services workers",-
2016,cleaning and landscaping,"production and transport operators, cleaners and labourers",1300
2016,cleaning and landscaping,"professionals, managers and executives",-
2016,cleaning and landscaping,"non-professionals, managers and executives",1400
2016,other administrative and support services,"professionals, managers, executives and technicians",600
2016,other administrative and support services,"clerical, sales and services workers",200
2016,other administrative and support services,"production and transport operators, cleaners and labourers",300
2016,other administrative and support services,"professionals, managers and executives",300
2016,other administrative and support services,"non-professionals, managers and executives",900
2016,"community, social and personal services","professionals, managers, executives and technicians",8100
2016,"community, social and personal services","clerical, sales and services workers",2000
2016,"community, social and personal services","production and transport operators, cleaners and labourers",700
2016,"community, social and personal services","professionals, managers and executives",5300
2016,"community, social and personal services","non-professionals, managers and executives",5500
2016,public administration and education,"professionals, managers, executives and technicians",5100
2016,public administration and education,"clerical, sales and services workers",300
2016,public administration and education,"production and transport operators, cleaners and labourers",100
2016,public administration and education,"professionals, managers and executives",3900
2016,public administration and education,"non-professionals, managers and executives",1600
2016,health and social services,"professionals, managers, executives and technicians",2200
2016,health and social services,"clerical, sales and services workers",700
2016,health and social services,"production and transport operators, cleaners and labourers",200
2016,health and social services,"professionals, managers and executives",1000
2016,health and social services,"non-professionals, managers and executives",2100
2016,"arts, entertainment and recreation","professionals, managers, executives and technicians",600
2016,"arts, entertainment and recreation","clerical, sales and services workers",700
2016,"arts, entertainment and recreation","production and transport operators, cleaners and labourers",200
2016,"arts, entertainment and recreation","professionals, managers and executives",200
2016,"arts, entertainment and recreation","non-professionals, managers and executives",1200
2016,"other community, social and personal services","professionals, managers, executives and technicians",300
2016,"other community, social and personal services","clerical, sales and services workers",300
2016,"other community, social and personal services","production and transport operators, cleaners and labourers",200
2016,"other community, social and personal services","professionals, managers and executives",100
2016,"other community, social and personal services","non-professionals, managers and executives",700
2016,others,"professionals, managers, executives and technicians",200
2016,others,"clerical, sales and services workers",-
2016,others,"production and transport operators, cleaners and labourers",200
2016,others,"professionals, managers and executives",100
2016,others,"non-professionals, managers and executives",300
2017,manufacturing,"professionals, managers, executives and technicians",3000
2017,manufacturing,"clerical, sales and services workers",500
2017,manufacturing,"production and transport operators, cleaners and labourers",3100
2017,manufacturing,"professionals, managers and executives",1500
2017,manufacturing,"non-professionals, managers and executives",5000
2017,"food, beverages and tobacco","professionals, managers, executives and technicians",100
2017,"food, beverages and tobacco","clerical, sales and services workers",300
2017,"food, beverages and tobacco","production and transport operators, cleaners and labourers",200
2017,"food, beverages and tobacco","professionals, managers and executives",100
2017,"food, beverages and tobacco","non-professionals, managers and executives",500
2017,"paper,rubber,plastic products and printing","professionals, managers, executives and technicians",100
2017,"paper,rubber,plastic products and printing","clerical, sales and services workers",-
2017,"paper,rubber,plastic products and printing","production and transport operators, cleaners and labourers",200
2017,"paper,rubber,plastic products and printing","professionals, managers and executives",100
2017,"paper,rubber,plastic products and printing","non-professionals, managers and executives",300
2017,"petroleum, chemical and pharmaceutical products","professionals, managers, executives and technicians",300
2017,"petroleum, chemical and pharmaceutical products","clerical, sales and services workers",-
2017,"petroleum, chemical and pharmaceutical products","production and transport operators, cleaners and labourers",100
2017,"petroleum, chemical and pharmaceutical products","professionals, managers and executives",100
2017,"petroleum, chemical and pharmaceutical products","non-professionals, managers and executives",300
2017,"fabricated metal products, machinery and equipment","professionals, managers, executives and technicians",600
2017,"fabricated metal products, machinery and equipment","clerical, sales and services workers",100
2017,"fabricated metal products, machinery and equipment","production and transport operators, cleaners and labourers",600
2017,"fabricated metal products, machinery and equipment","professionals, managers and executives",300
2017,"fabricated metal products, machinery and equipment","non-professionals, managers and executives",1000
2017,"electronic, computer and optical products","professionals, managers, executives and technicians",1100
2017,"electronic, computer and optical products","clerical, sales and services workers",-
2017,"electronic, computer and optical products","production and transport operators, cleaners and labourers",1400
2017,"electronic, computer and optical products","professionals, managers and executives",700
2017,"electronic, computer and optical products","non-professionals, managers and executives",1800
2017,transport equipment,"professionals, managers, executives and technicians",500
2017,transport equipment,"clerical, sales and services workers",100
2017,transport equipment,"production and transport operators, cleaners and labourers",300
2017,transport equipment,"professionals, managers and executives",200
2017,transport equipment,"non-professionals, managers and executives",700
2017,other manufacturing industries,"professionals, managers, executives and technicians",200
2017,other manufacturing industries,"clerical, sales and services workers",-
2017,other manufacturing industries,"production and transport operators, cleaners and labourers",300
2017,other manufacturing industries,"professionals, managers and executives",100
2017,other manufacturing industries,"non-professionals, managers and executives",400
2017,construction,"professionals, managers, executives and technicians",700
2017,construction,"clerical, sales and services workers",100
2017,construction,"production and transport operators, cleaners and labourers",900
2017,construction,"professionals, managers and executives",300
2017,construction,"non-professionals, managers and executives",1400
2017,services,"professionals, managers, executives and technicians",21900
2017,services,"clerical, sales and services workers",11700
2017,services,"production and transport operators, cleaners and labourers",6600
2017,services,"professionals, managers and executives",13600
2017,services,"non-professionals, managers and executives",26500
2017,wholesale and retail trade,"professionals, managers, executives and technicians",2600
2017,wholesale and retail trade,"clerical, sales and services workers",2500
2017,wholesale and retail trade,"production and transport operators, cleaners and labourers",700
2017,wholesale and retail trade,"professionals, managers and executives",1300
2017,wholesale and retail trade,"non-professionals, managers and executives",4600
2017,wholesale trade,"professionals, managers, executives and technicians",2100
2017,wholesale trade,"clerical, sales and services workers",600
2017,wholesale trade,"production and transport operators, cleaners and labourers",400
2017,wholesale trade,"professionals, managers and executives",1100
2017,wholesale trade,"non-professionals, managers and executives",2000
2017,retail trade,"professionals, managers, executives and technicians",500
2017,retail trade,"clerical, sales and services workers",1900
2017,retail trade,"production and transport operators, cleaners and labourers",300
2017,retail trade,"professionals, managers and executives",200
2017,retail trade,"non-professionals, managers and executives",2600
2017,transportation and storage,"professionals, managers, executives and technicians",800
2017,transportation and storage,"clerical, sales and services workers",800
2017,transportation and storage,"production and transport operators, cleaners and labourers",1800
2017,transportation and storage,"professionals, managers and executives",400
2017,transportation and storage,"non-professionals, managers and executives",2900
2017,land transport and supporting services,"professionals, managers, executives and technicians",100
2017,land transport and supporting services,"clerical, sales and services workers",100
2017,land transport and supporting services,"production and transport operators, cleaners and labourers",400
2017,land transport and supporting services,"professionals, managers and executives",-
2017,land transport and supporting services,"non-professionals, managers and executives",600
2017,water transport and supporting services,"professionals, managers, executives and technicians",200
2017,water transport and supporting services,"clerical, sales and services workers",-
2017,water transport and supporting services,"production and transport operators, cleaners and labourers",200
2017,water transport and supporting services,"professionals, managers and executives",100
2017,water transport and supporting services,"non-professionals, managers and executives",400
2017,air transport and supporting services,"professionals, managers, executives and technicians",200
2017,air transport and supporting services,"clerical, sales and services workers",300
2017,air transport and supporting services,"production and transport operators, cleaners and labourers",200
2017,air transport and supporting services,"professionals, managers and executives",100
2017,air transport and supporting services,"non-professionals, managers and executives",500
2017,other transport and storage services,"professionals, managers, executives and technicians",300
2017,other transport and storage services,"clerical, sales and services workers",300
2017,other transport and storage services,"production and transport operators, cleaners and labourers",900
2017,other transport and storage services,"professionals, managers and executives",100
2017,other transport and storage services,"non-professionals, managers and executives",1400
2017,accommodation and food services,"professionals, managers, executives and technicians",800
2017,accommodation and food services,"clerical, sales and services workers",3300
2017,accommodation and food services,"production and transport operators, cleaners and labourers",1200
2017,accommodation and food services,"professionals, managers and executives",400
2017,accommodation and food services,"non-professionals, managers and executives",5000
2017,accommodation,"professionals, managers, executives and technicians",300
2017,accommodation,"clerical, sales and services workers",800
2017,accommodation,"production and transport operators, cleaners and labourers",500
2017,accommodation,"professionals, managers and executives",100
2017,accommodation,"non-professionals, managers and executives",1400
2017,food and beverage services,"professionals, managers, executives and technicians",500
2017,food and beverage services,"clerical, sales and services workers",2600
2017,food and beverage services,"production and transport operators, cleaners and labourers",700
2017,food and beverage services,"professionals, managers and executives",200
2017,food and beverage services,"non-professionals, managers and executives",3500
2017,information and communications,"professionals, managers, executives and technicians",2900
2017,information and communications,"clerical, sales and services workers",200
2017,information and communications,"production and transport operators, cleaners and labourers",-
2017,information and communications,"professionals, managers and executives",2200
2017,information and communications,"non-professionals, managers and executives",900
2017,"telecommunications, broadcasting and publishing","professionals, managers, executives and technicians",700
2017,"telecommunications, broadcasting and publishing","clerical, sales and services workers",100
2017,"telecommunications, broadcasting and publishing","production and transport operators, cleaners and labourers",-
2017,"telecommunications, broadcasting and publishing","professionals, managers and executives",500
2017,"telecommunications, broadcasting and publishing","non-professionals, managers and executives",300
2017,it and other information services,"professionals, managers, executives and technicians",2200
2017,it and other information services,"clerical, sales and services workers",100
2017,it and other information services,"production and transport operators, cleaners and labourers",-
2017,it and other information services,"professionals, managers and executives",1700
2017,it and other information services,"non-professionals, managers and executives",600
2017,financial and insurance services,"professionals, managers, executives and technicians",3800
2017,financial and insurance services,"clerical, sales and services workers",300
2017,financial and insurance services,"production and transport operators, cleaners and labourers",-
2017,financial and insurance services,"professionals, managers and executives",2600
2017,financial and insurance services,"non-professionals, managers and executives",1600
2017,financial services,"professionals, managers, executives and technicians",3400
2017,financial services,"clerical, sales and services workers",200
2017,financial services,"production and transport operators, cleaners and labourers",-
2017,financial services,"professionals, managers and executives",2400
2017,financial services,"non-professionals, managers and executives",1300
2017,insurance services,"professionals, managers, executives and technicians",400
2017,insurance services,"clerical, sales and services workers",100
2017,insurance services,"production and transport operators, cleaners and labourers",-
2017,insurance services,"professionals, managers and executives",300
2017,insurance services,"non-professionals, managers and executives",300
2017,real estate services,"professionals, managers, executives and technicians",500
2017,real estate services,"clerical, sales and services workers",200
2017,real estate services,"production and transport operators, cleaners and labourers",500
2017,real estate services,"professionals, managers and executives",200
2017,real estate services,"non-professionals, managers and executives",900
2017,professional services,"professionals, managers, executives and technicians",2400
2017,professional services,"clerical, sales and services workers",200
2017,professional services,"production and transport operators, cleaners and labourers",100
2017,professional services,"professionals, managers and executives",1600
2017,professional services,"non-professionals, managers and executives",1200
2017,"legal, accounting and management services","professionals, managers, executives and technicians",1400
2017,"legal, accounting and management services","clerical, sales and services workers",200
2017,"legal, accounting and management services","production and transport operators, cleaners and labourers",-
2017,"legal, accounting and management services","professionals, managers and executives",900
2017,"legal, accounting and management services","non-professionals, managers and executives",700
2017,architectural and engineering services,"professionals, managers, executives and technicians",500
2017,architectural and engineering services,"clerical, sales and services workers",-
2017,architectural and engineering services,"production and transport operators, cleaners and labourers",100
2017,architectural and engineering services,"professionals, managers and executives",300
2017,architectural and engineering services,"non-professionals, managers and executives",400
2017,other professional services,"professionals, managers, executives and technicians",500
2017,other professional services,"clerical, sales and services workers",-
2017,other professional services,"production and transport operators, cleaners and labourers",-
2017,other professional services,"professionals, managers and executives",400
2017,other professional services,"non-professionals, managers and executives",200
2017,administrative and support services,"professionals, managers, executives and technicians",800
2017,administrative and support services,"clerical, sales and services workers",2000
2017,administrative and support services,"production and transport operators, cleaners and labourers",1700
2017,administrative and support services,"professionals, managers and executives",400
2017,administrative and support services,"non-professionals, managers and executives",4200
2017,security and investigation,"professionals, managers, executives and technicians",100
2017,security and investigation,"clerical, sales and services workers",1800
2017,security and investigation,"production and transport operators, cleaners and labourers",-
2017,security and investigation,"professionals, managers and executives",100
2017,security and investigation,"non-professionals, managers and executives",1900
2017,cleaning and landscaping,"professionals, managers, executives and technicians",-
2017,cleaning and landscaping,"clerical, sales and services workers",100
2017,cleaning and landscaping,"production and transport operators, cleaners and labourers",1400
2017,cleaning and landscaping,"professionals, managers and executives",-
2017,cleaning and landscaping,"non-professionals, managers and executives",1500
2017,other administrative and support services,"professionals, managers, executives and technicians",700
2017,other administrative and support services,"clerical, sales and services workers",200
2017,other administrative and support services,"production and transport operators, cleaners and labourers",300
2017,other administrative and support services,"professionals, managers and executives",400
2017,other administrative and support services,"non-professionals, managers and executives",800
2017,"community, social and personal services","professionals, managers, executives and technicians",7300
2017,"community, social and personal services","clerical, sales and services workers",2100
2017,"community, social and personal services","production and transport operators, cleaners and labourers",500
2017,"community, social and personal services","professionals, managers and executives",4600
2017,"community, social and personal services","non-professionals, managers and executives",5300
2017,public administration and education,"professionals, managers, executives and technicians",4500
2017,public administration and education,"clerical, sales and services workers",300
2017,public administration and education,"production and transport operators, cleaners and labourers",100
2017,public administration and education,"professionals, managers and executives",3300
2017,public administration and education,"non-professionals, managers and executives",1600
2017,health and social services,"professionals, managers, executives and technicians",1800
2017,health and social services,"clerical, sales and services workers",700
2017,health and social services,"production and transport operators, cleaners and labourers",200
2017,health and social services,"professionals, managers and executives",900
2017,health and social services,"non-professionals, managers and executives",1800
2017,"arts, entertainment and recreation","professionals, managers, executives and technicians",600
2017,"arts, entertainment and recreation","clerical, sales and services workers",700
2017,"arts, entertainment and recreation","production and transport operators, cleaners and labourers",200
2017,"arts, entertainment and recreation","professionals, managers and executives",200
2017,"arts, entertainment and recreation","non-professionals, managers and executives",1200
2017,"other community, social and personal services","professionals, managers, executives and technicians",300
2017,"other community, social and personal services","clerical, sales and services workers",400
2017,"other community, social and personal services","production and transport operators, cleaners and labourers",100
2017,"other community, social and personal services","professionals, managers and executives",100
2017,"other community, social and personal services","non-professionals, managers and executives",600
2017,others,"professionals, managers, executives and technicians",200
2017,others,"clerical, sales and services workers",-
2017,others,"production and transport operators, cleaners and labourers",200
2017,others,"professionals, managers and executives",100
2017,others,"non-professionals, managers and executives",300
2018,manufacturing,"professionals, managers, executives and technicians",4400
2018,manufacturing,"clerical, sales and services workers",600
2018,manufacturing,"production and transport operators, cleaners and labourers",3200
2018,manufacturing,"professionals, managers and executives",2200
2018,manufacturing,"non-professionals, managers and executives",6000
2018,"food, beverages and tobacco","professionals, managers, executives and technicians",200
2018,"food, beverages and tobacco","clerical, sales and services workers",300
2018,"food, beverages and tobacco","production and transport operators, cleaners and labourers",300
2018,"food, beverages and tobacco","professionals, managers and executives",100
2018,"food, beverages and tobacco","non-professionals, managers and executives",700
2018,"paper,rubber,plastic products and printing","professionals, managers, executives and technicians",100
2018,"paper,rubber,plastic products and printing","clerical, sales and services workers",-
2018,"paper,rubber,plastic products and printing","production and transport operators, cleaners and labourers",200
2018,"paper,rubber,plastic products and printing","professionals, managers and executives",100
2018,"paper,rubber,plastic products and printing","non-professionals, managers and executives",300
2018,"petroleum, chemical and pharmaceutical products","professionals, managers, executives and technicians",600
2018,"petroleum, chemical and pharmaceutical products","clerical, sales and services workers",-
2018,"petroleum, chemical and pharmaceutical products","production and transport operators, cleaners and labourers",100
2018,"petroleum, chemical and pharmaceutical products","professionals, managers and executives",200
2018,"petroleum, chemical and pharmaceutical products","non-professionals, managers and executives",500
2018,"fabricated metal products, machinery and equipment","professionals, managers, executives and technicians",800
2018,"fabricated metal products, machinery and equipment","clerical, sales and services workers",100
2018,"fabricated metal products, machinery and equipment","production and transport operators, cleaners and labourers",700
2018,"fabricated metal products, machinery and equipment","professionals, managers and executives",300
2018,"fabricated metal products, machinery and equipment","non-professionals, managers and executives",1300
2018,"electronic, computer and optical products","professionals, managers, executives and technicians",1600
2018,"electronic, computer and optical products","clerical, sales and services workers",100
2018,"electronic, computer and optical products","production and transport operators, cleaners and labourers",700
2018,"electronic, computer and optical products","professionals, managers and executives",1100
2018,"electronic, computer and optical products","non-professionals, managers and executives",1200
2018,transport equipment,"professionals, managers, executives and technicians",800
2018,transport equipment,"clerical, sales and services workers",100
2018,transport equipment,"production and transport operators, cleaners and labourers",800
2018,transport equipment,"professionals, managers and executives",300
2018,transport equipment,"non-professionals, managers and executives",1300
2018,other manufacturing industries,"professionals, managers, executives and technicians",400
2018,other manufacturing industries,"clerical, sales and services workers",100
2018,other manufacturing industries,"production and transport operators, cleaners and labourers",400
2018,other manufacturing industries,"professionals, managers and executives",200
2018,other manufacturing industries,"non-professionals, managers and executives",700
2018,construction,"professionals, managers, executives and technicians",800
2018,construction,"clerical, sales and services workers",200
2018,construction,"production and transport operators, cleaners and labourers",2000
2018,construction,"professionals, managers and executives",300
2018,construction,"non-professionals, managers and executives",2800
2018,services,"professionals, managers, executives and technicians",26000
2018,services,"clerical, sales and services workers",12700
2018,services,"production and transport operators, cleaners and labourers",7400
2018,services,"professionals, managers and executives",16200
2018,services,"non-professionals, managers and executives",30000
2018,wholesale and retail trade,"professionals, managers, executives and technicians",2900
2018,wholesale and retail trade,"clerical, sales and services workers",2900
2018,wholesale and retail trade,"production and transport operators, cleaners and labourers",800
2018,wholesale and retail trade,"professionals, managers and executives",1400
2018,wholesale and retail trade,"non-professionals, managers and executives",5100
2018,wholesale trade,"professionals, managers, executives and technicians",2400
2018,wholesale trade,"clerical, sales and services workers",900
2018,wholesale trade,"production and transport operators, cleaners and labourers",400
2018,wholesale trade,"professionals, managers and executives",1200
2018,wholesale trade,"non-professionals, managers and executives",2500
2018,retail trade,"professionals, managers, executives and technicians",500
2018,retail trade,"clerical, sales and services workers",2000
2018,retail trade,"production and transport operators, cleaners and labourers",300
2018,retail trade,"professionals, managers and executives",100
2018,retail trade,"non-professionals, managers and executives",2700
2018,transportation and storage,"professionals, managers, executives and technicians",1000
2018,transportation and storage,"clerical, sales and services workers",1000
2018,transportation and storage,"production and transport operators, cleaners and labourers",1800
2018,transportation and storage,"professionals, managers and executives",500
2018,transportation and storage,"non-professionals, managers and executives",3400
2018,land transport and supporting services,"professionals, managers, executives and technicians",100
2018,land transport and supporting services,"clerical, sales and services workers",200
2018,land transport and supporting services,"production and transport operators, cleaners and labourers",500
2018,land transport and supporting services,"professionals, managers and executives",100
2018,land transport and supporting services,"non-professionals, managers and executives",700
2018,water transport and supporting services,"professionals, managers, executives and technicians",200
2018,water transport and supporting services,"clerical, sales and services workers",100
2018,water transport and supporting services,"production and transport operators, cleaners and labourers",100
2018,water transport and supporting services,"professionals, managers and executives",100
2018,water transport and supporting services,"non-professionals, managers and executives",300
2018,air transport and supporting services,"professionals, managers, executives and technicians",300
2018,air transport and supporting services,"clerical, sales and services workers",500
2018,air transport and supporting services,"production and transport operators, cleaners and labourers",200
2018,air transport and supporting services,"professionals, managers and executives",100
2018,air transport and supporting services,"non-professionals, managers and executives",800
2018,other transport and storage services,"professionals, managers, executives and technicians",400
2018,other transport and storage services,"clerical, sales and services workers",300
2018,other transport and storage services,"production and transport operators, cleaners and labourers",1000
2018,other transport and storage services,"professionals, managers and executives",100
2018,other transport and storage services,"non-professionals, managers and executives",1500
2018,accommodation and food services,"professionals, managers, executives and technicians",1100
2018,accommodation and food services,"clerical, sales and services workers",3500
2018,accommodation and food services,"production and transport operators, cleaners and labourers",1400
2018,accommodation and food services,"professionals, managers and executives",400
2018,accommodation and food services,"non-professionals, managers and executives",5500
2018,accommodation,"professionals, managers, executives and technicians",500
2018,accommodation,"clerical, sales and services workers",900
2018,accommodation,"production and transport operators, cleaners and labourers",600
2018,accommodation,"professionals, managers and executives",100
2018,accommodation,"non-professionals, managers and executives",1800
2018,food and beverage services,"professionals, managers, executives and technicians",600
2018,food and beverage services,"clerical, sales and services workers",2500
2018,food and beverage services,"production and transport operators, cleaners and labourers",800
2018,food and beverage services,"professionals, managers and executives",300
2018,food and beverage services,"non-professionals, managers and executives",3600
2018,information and communications,"professionals, managers, executives and technicians",3800
2018,information and communications,"clerical, sales and services workers",200
2018,information and communications,"production and transport operators, cleaners and labourers",-
2018,information and communications,"professionals, managers and executives",2400
2018,information and communications,"non-professionals, managers and executives",1600
2018,"telecommunications, broadcasting and publishing","professionals, managers, executives and technicians",700
2018,"telecommunications, broadcasting and publishing","clerical, sales and services workers",100
2018,"telecommunications, broadcasting and publishing","production and transport operators, cleaners and labourers",-
2018,"telecommunications, broadcasting and publishing","professionals, managers and executives",400
2018,"telecommunications, broadcasting and publishing","non-professionals, managers and executives",400
2018,it and other information services,"professionals, managers, executives and technicians",3100
2018,it and other information services,"clerical, sales and services workers",100
2018,it and other information services,"production and transport operators, cleaners and labourers",-
2018,it and other information services,"professionals, managers and executives",2100
2018,it and other information services,"non-professionals, managers and executives",1200
2018,financial and insurance services,"professionals, managers, executives and technicians",4700
2018,financial and insurance services,"clerical, sales and services workers",300
2018,financial and insurance services,"production and transport operators, cleaners and labourers",-
2018,financial and insurance services,"professionals, managers and executives",3300
2018,financial and insurance services,"non-professionals, managers and executives",1700
2018,financial services,"professionals, managers, executives and technicians",4200
2018,financial services,"clerical, sales and services workers",200
2018,financial services,"production and transport operators, cleaners and labourers",-
2018,financial services,"professionals, managers and executives",3000
2018,financial services,"non-professionals, managers and executives",1300
2018,insurance services,"professionals, managers, executives and technicians",500
2018,insurance services,"clerical, sales and services workers",100
2018,insurance services,"production and transport operators, cleaners and labourers",-
2018,insurance services,"professionals, managers and executives",300
2018,insurance services,"non-professionals, managers and executives",300
2018,real estate services,"professionals, managers, executives and technicians",600
2018,real estate services,"clerical, sales and services workers",200
2018,real estate services,"production and transport operators, cleaners and labourers",400
2018,real estate services,"professionals, managers and executives",300
2018,real estate services,"non-professionals, managers and executives",900
2018,professional services,"professionals, managers, executives and technicians",3200
2018,professional services,"clerical, sales and services workers",400
2018,professional services,"production and transport operators, cleaners and labourers",400
2018,professional services,"professionals, managers and executives",2000
2018,professional services,"non-professionals, managers and executives",2000
2018,"legal, accounting and management services","professionals, managers, executives and technicians",1900
2018,"legal, accounting and management services","clerical, sales and services workers",200
2018,"legal, accounting and management services","production and transport operators, cleaners and labourers",100
2018,"legal, accounting and management services","professionals, managers and executives",1200
2018,"legal, accounting and management services","non-professionals, managers and executives",1000
2018,architectural and engineering services,"professionals, managers, executives and technicians",700
2018,architectural and engineering services,"clerical, sales and services workers",-
2018,architectural and engineering services,"production and transport operators, cleaners and labourers",300
2018,architectural and engineering services,"professionals, managers and executives",400
2018,architectural and engineering services,"non-professionals, managers and executives",700
2018,other professional services,"professionals, managers, executives and technicians",600
2018,other professional services,"clerical, sales and services workers",100
2018,other professional services,"production and transport operators, cleaners and labourers",-
2018,other professional services,"professionals, managers and executives",400
2018,other professional services,"non-professionals, managers and executives",300
2018,administrative and support services,"professionals, managers, executives and technicians",900
2018,administrative and support services,"clerical, sales and services workers",2000
2018,administrative and support services,"production and transport operators, cleaners and labourers",2200
2018,administrative and support services,"professionals, managers and executives",500
2018,administrative and support services,"non-professionals, managers and executives",4500
2018,security and investigation,"professionals, managers, executives and technicians",100
2018,security and investigation,"clerical, sales and services workers",1600
2018,security and investigation,"production and transport operators, cleaners and labourers",200
2018,security and investigation,"professionals, managers and executives",-
2018,security and investigation,"non-professionals, managers and executives",1800
2018,cleaning and landscaping,"professionals, managers, executives and technicians",100
2018,cleaning and landscaping,"clerical, sales and services workers",100
2018,cleaning and landscaping,"production and transport operators, cleaners and labourers",1700
2018,cleaning and landscaping,"professionals, managers and executives",-
2018,cleaning and landscaping,"non-professionals, managers and executives",1800
2018,other administrative and support services,"professionals, managers, executives and technicians",700
2018,other administrative and support services,"clerical, sales and services workers",300
2018,other administrative and support services,"production and transport operators, cleaners and labourers",300
2018,other administrative and support services,"professionals, managers and executives",400
2018,other administrative and support services,"non-professionals, managers and executives",900
2018,"community, social and personal services","professionals, managers, executives and technicians",7900
2018,"community, social and personal services","clerical, sales and services workers",2300
2018,"community, social and personal services","production and transport operators, cleaners and labourers",500
2018,"community, social and personal services","professionals, managers and executives",5300
2018,"community, social and personal services","non-professionals, managers and executives",5400
2018,public administration and education,"professionals, managers, executives and technicians",4900
2018,public administration and education,"clerical, sales and services workers",300
2018,public administration and education,"production and transport operators, cleaners and labourers",100
2018,public administration and education,"professionals, managers and executives",3800
2018,public administration and education,"non-professionals, managers and executives",1500
2018,health and social services,"professionals, managers, executives and technicians",2100
2018,health and social services,"clerical, sales and services workers",1000
2018,health and social services,"production and transport operators, cleaners and labourers",200
2018,health and social services,"professionals, managers and executives",1200
2018,health and social services,"non-professionals, managers and executives",2100
2018,"arts, entertainment and recreation","professionals, managers, executives and technicians",400
2018,"arts, entertainment and recreation","clerical, sales and services workers",600
2018,"arts, entertainment and recreation","production and transport operators, cleaners and labourers",100
2018,"arts, entertainment and recreation","professionals, managers and executives",200
2018,"arts, entertainment and recreation","non-professionals, managers and executives",900
2018,"other community, social and personal services","professionals, managers, executives and technicians",400
2018,"other community, social and personal services","clerical, sales and services workers",500
2018,"other community, social and personal services","production and transport operators, cleaners and labourers",200
2018,"other community, social and personal services","professionals, managers and executives",200
2018,"other community, social and personal services","non-professionals, managers and executives",900
2018,others,"professionals, managers, executives and technicians",200
2018,others,"clerical, sales and services workers",-
2018,others,"production and transport operators, cleaners and labourers",200
2018,others,"professionals, managers and executives",100
2018,others,"non-professionals, managers and executives",300
2019,manufacturing,"professionals, managers, executives and technicians",3400
2019,manufacturing,"clerical, sales and services workers",500
2019,manufacturing,"production and transport operators, cleaners and labourers",2600
2019,manufacturing,"professionals, managers and executives",1700
2019,manufacturing,"non-professionals, managers and executives",4900
2019,"food, beverages and tobacco","professionals, managers, executives and technicians",200
2019,"food, beverages and tobacco","clerical, sales and services workers",200
2019,"food, beverages and tobacco","production and transport operators, cleaners and labourers",300
2019,"food, beverages and tobacco","professionals, managers and executives",100
2019,"food, beverages and tobacco","non-professionals, managers and executives",600
2019,"paper,rubber,plastic products and printing","professionals, managers, executives and technicians",100
2019,"paper,rubber,plastic products and printing","clerical, sales and services workers",-
2019,"paper,rubber,plastic products and printing","production and transport operators, cleaners and labourers",100
2019,"paper,rubber,plastic products and printing","professionals, managers and executives",100
2019,"paper,rubber,plastic products and printing","non-professionals, managers and executives",200
2019,"petroleum, chemical and pharmaceutical products","professionals, managers, executives and technicians",500
2019,"petroleum, chemical and pharmaceutical products","clerical, sales and services workers",-
2019,"petroleum, chemical and pharmaceutical products","production and transport operators, cleaners and labourers",100
2019,"petroleum, chemical and pharmaceutical products","professionals, managers and executives",200
2019,"petroleum, chemical and pharmaceutical products","non-professionals, managers and executives",500
2019,"fabricated metal products, machinery and equipment","professionals, managers, executives and technicians",600
2019,"fabricated metal products, machinery and equipment","clerical, sales and services workers",100
2019,"fabricated metal products, machinery and equipment","production and transport operators, cleaners and labourers",600
2019,"fabricated metal products, machinery and equipment","professionals, managers and executives",200
2019,"fabricated metal products, machinery and equipment","non-professionals, managers and executives",1100
2019,"electronic, computer and optical products","professionals, managers, executives and technicians",1100
2019,"electronic, computer and optical products","clerical, sales and services workers",-
2019,"electronic, computer and optical products","production and transport operators, cleaners and labourers",600
2019,"electronic, computer and optical products","professionals, managers and executives",700
2019,"electronic, computer and optical products","non-professionals, managers and executives",1000
2019,transport equipment,"professionals, managers, executives and technicians",600
2019,transport equipment,"clerical, sales and services workers",100
2019,transport equipment,"production and transport operators, cleaners and labourers",500
2019,transport equipment,"professionals, managers and executives",300
2019,transport equipment,"non-professionals, managers and executives",1000
2019,other manufacturing industries,"professionals, managers, executives and technicians",300
2019,other manufacturing industries,"clerical, sales and services workers",-
2019,other manufacturing industries,"production and transport operators, cleaners and labourers",300
2019,other manufacturing industries,"professionals, managers and executives",200
2019,other manufacturing industries,"non-professionals, managers and executives",500
2019,construction,"professionals, managers, executives and technicians",800
2019,construction,"clerical, sales and services workers",200
2019,construction,"production and transport operators, cleaners and labourers",1300
2019,construction,"professionals, managers and executives",300
2019,construction,"non-professionals, managers and executives",1900
2019,services,"professionals, managers, executives and technicians",26200
2019,services,"clerical, sales and services workers",11300
2019,services,"production and transport operators, cleaners and labourers",6100
2019,services,"professionals, managers and executives",16300
2019,services,"non-professionals, managers and executives",27400
2019,wholesale and retail trade,"professionals, managers, executives and technicians",2500
2019,wholesale and retail trade,"clerical, sales and services workers",2200
2019,wholesale and retail trade,"production and transport operators, cleaners and labourers",800
2019,wholesale and retail trade,"professionals, managers and executives",1100
2019,wholesale and retail trade,"non-professionals, managers and executives",4300
2019,wholesale trade,"professionals, managers, executives and technicians",2100
2019,wholesale trade,"clerical, sales and services workers",600
2019,wholesale trade,"production and transport operators, cleaners and labourers",500
2019,wholesale trade,"professionals, managers and executives",1000
2019,wholesale trade,"non-professionals, managers and executives",2200
2019,retail trade,"professionals, managers, executives and technicians",400
2019,retail trade,"clerical, sales and services workers",1600
2019,retail trade,"production and transport operators, cleaners and labourers",300
2019,retail trade,"professionals, managers and executives",100
2019,retail trade,"non-professionals, managers and executives",2100
2019,transportation and storage,"professionals, managers, executives and technicians",1000
2019,transportation and storage,"clerical, sales and services workers",700
2019,transportation and storage,"production and transport operators, cleaners and labourers",1200
2019,transportation and storage,"professionals, managers and executives",500
2019,transportation and storage,"non-professionals, managers and executives",2500
2019,land transport and supporting services,"professionals, managers, executives and technicians",100
2019,land transport and supporting services,"clerical, sales and services workers",100
2019,land transport and supporting services,"production and transport operators, cleaners and labourers",400
2019,land transport and supporting services,"professionals, managers and executives",-
2019,land transport and supporting services,"non-professionals, managers and executives",500
2019,water transport and supporting services,"professionals, managers, executives and technicians",300
2019,water transport and supporting services,"clerical, sales and services workers",100
2019,water transport and supporting services,"production and transport operators, cleaners and labourers",200
2019,water transport and supporting services,"professionals, managers and executives",200
2019,water transport and supporting services,"non-professionals, managers and executives",300
2019,air transport and supporting services,"professionals, managers, executives and technicians",400
2019,air transport and supporting services,"clerical, sales and services workers",400
2019,air transport and supporting services,"production and transport operators, cleaners and labourers",100
2019,air transport and supporting services,"professionals, managers and executives",100
2019,air transport and supporting services,"non-professionals, managers and executives",800
2019,other transport and storage services,"professionals, managers, executives and technicians",300
2019,other transport and storage services,"clerical, sales and services workers",200
2019,other transport and storage services,"production and transport operators, cleaners and labourers",600
2019,other transport and storage services,"professionals, managers and executives",100
2019,other transport and storage services,"non-professionals, managers and executives",900
2019,accommodation and food services,"professionals, managers, executives and technicians",1100
2019,accommodation and food services,"clerical, sales and services workers",3400
2019,accommodation and food services,"production and transport operators, cleaners and labourers",1500
2019,accommodation and food services,"professionals, managers and executives",400
2019,accommodation and food services,"non-professionals, managers and executives",5500
2019,accommodation,"professionals, managers, executives and technicians",400
2019,accommodation,"clerical, sales and services workers",900
2019,accommodation,"production and transport operators, cleaners and labourers",600
2019,accommodation,"professionals, managers and executives",100
2019,accommodation,"non-professionals, managers and executives",1700
2019,food and beverage services,"professionals, managers, executives and technicians",600
2019,food and beverage services,"clerical, sales and services workers",2500
2019,food and beverage services,"production and transport operators, cleaners and labourers",900
2019,food and beverage services,"professionals, managers and executives",300
2019,food and beverage services,"non-professionals, managers and executives",3700
2019,information and communications,"professionals, managers, executives and technicians",3900
2019,information and communications,"clerical, sales and services workers",200
2019,information and communications,"production and transport operators, cleaners and labourers",-
2019,information and communications,"professionals, managers and executives",2500
2019,information and communications,"non-professionals, managers and executives",1700
2019,"telecommunications, broadcasting and publishing","professionals, managers, executives and technicians",600
2019,"telecommunications, broadcasting and publishing","clerical, sales and services workers",100
2019,"telecommunications, broadcasting and publishing","production and transport operators, cleaners and labourers",-
2019,"telecommunications, broadcasting and publishing","professionals, managers and executives",300
2019,"telecommunications, broadcasting and publishing","non-professionals, managers and executives",400
2019,it and other information services,"professionals, managers, executives and technicians",3400
2019,it and other information services,"clerical, sales and services workers",100
2019,it and other information services,"production and transport operators, cleaners and labourers",-
2019,it and other information services,"professionals, managers and executives",2200
2019,it and other information services,"non-professionals, managers and executives",1300
2019,financial and insurance services,"professionals, managers, executives and technicians",4800
2019,financial and insurance services,"clerical, sales and services workers",400
2019,financial and insurance services,"production and transport operators, cleaners and labourers",-
2019,financial and insurance services,"professionals, managers and executives",3500
2019,financial and insurance services,"non-professionals, managers and executives",1800
2019,financial services,"professionals, managers, executives and technicians",4300
2019,financial services,"clerical, sales and services workers",300
2019,financial services,"production and transport operators, cleaners and labourers",-
2019,financial services,"professionals, managers and executives",3100
2019,financial services,"non-professionals, managers and executives",1500
2019,insurance services,"professionals, managers, executives and technicians",500
2019,insurance services,"clerical, sales and services workers",100
2019,insurance services,"production and transport operators, cleaners and labourers",-
2019,insurance services,"professionals, managers and executives",300
2019,insurance services,"non-professionals, managers and executives",300
2019,real estate services,"professionals, managers, executives and technicians",700
2019,real estate services,"clerical, sales and services workers",200
2019,real estate services,"production and transport operators, cleaners and labourers",300
2019,real estate services,"professionals, managers and executives",400
2019,real estate services,"non-professionals, managers and executives",900
2019,professional services,"professionals, managers, executives and technicians",3300
2019,professional services,"clerical, sales and services workers",400
2019,professional services,"production and transport operators, cleaners and labourers",200
2019,professional services,"professionals, managers and executives",1900
2019,professional services,"non-professionals, managers and executives",2000
2019,"legal, accounting and management services","professionals, managers, executives and technicians",2000
2019,"legal, accounting and management services","clerical, sales and services workers",200
2019,"legal, accounting and management services","production and transport operators, cleaners and labourers",100
2019,"legal, accounting and management services","professionals, managers and executives",1300
2019,"legal, accounting and management services","non-professionals, managers and executives",1100
2019,architectural and engineering services,"professionals, managers, executives and technicians",800
2019,architectural and engineering services,"clerical, sales and services workers",100
2019,architectural and engineering services,"production and transport operators, cleaners and labourers",100
2019,architectural and engineering services,"professionals, managers and executives",300
2019,architectural and engineering services,"non-professionals, managers and executives",600
2019,other professional services,"professionals, managers, executives and technicians",500
2019,other professional services,"clerical, sales and services workers",100
2019,other professional services,"production and transport operators, cleaners and labourers",-
2019,other professional services,"professionals, managers and executives",300
2019,other professional services,"non-professionals, managers and executives",300
2019,administrative and support services,"professionals, managers, executives and technicians",800
2019,administrative and support services,"clerical, sales and services workers",1600
2019,administrative and support services,"production and transport operators, cleaners and labourers",1500
2019,administrative and support services,"professionals, managers and executives",500
2019,administrative and support services,"non-professionals, managers and executives",3400
2019,security and investigation,"professionals, managers, executives and technicians",-
2019,security and investigation,"clerical, sales and services workers",1300
2019,security and investigation,"production and transport operators, cleaners and labourers",200
2019,security and investigation,"professionals, managers and executives",-
2019,security and investigation,"non-professionals, managers and executives",1400
2019,cleaning and landscaping,"professionals, managers, executives and technicians",-
2019,cleaning and landscaping,"clerical, sales and services workers",100
2019,cleaning and landscaping,"production and transport operators, cleaners and labourers",1100
2019,cleaning and landscaping,"professionals, managers and executives",-
2019,cleaning and landscaping,"non-professionals, managers and executives",1200
2019,other administrative and support services,"professionals, managers, executives and technicians",700
2019,other administrative and support services,"clerical, sales and services workers",300
2019,other administrative and support services,"production and transport operators, cleaners and labourers",300
2019,other administrative and support services,"professionals, managers and executives",500
2019,other administrative and support services,"non-professionals, managers and executives",800
2019,"community, social and personal services","professionals, managers, executives and technicians",8000
2019,"community, social and personal services","clerical, sales and services workers",2300
2019,"community, social and personal services","production and transport operators, cleaners and labourers",500
2019,"community, social and personal services","professionals, managers and executives",5500
2019,"community, social and personal services","non-professionals, managers and executives",5400
2019,public administration and education,"professionals, managers, executives and technicians",4900
2019,public administration and education,"clerical, sales and services workers",400
2019,public administration and education,"production and transport operators, cleaners and labourers",100
2019,public administration and education,"professionals, managers and executives",3700
2019,public administration and education,"non-professionals, managers and executives",1700
2019,health and social services,"professionals, managers, executives and technicians",2400
2019,health and social services,"clerical, sales and services workers",1000
2019,health and social services,"production and transport operators, cleaners and labourers",200
2019,health and social services,"professionals, managers and executives",1400
2019,health and social services,"non-professionals, managers and executives",2300
2019,"arts, entertainment and recreation","professionals, managers, executives and technicians",400
2019,"arts, entertainment and recreation","clerical, sales and services workers",600
2019,"arts, entertainment and recreation","production and transport operators, cleaners and labourers",100
2019,"arts, entertainment and recreation","professionals, managers and executives",200
2019,"arts, entertainment and recreation","non-professionals, managers and executives",900
2019,"other community, social and personal services","professionals, managers, executives and technicians",300
2019,"other community, social and personal services","clerical, sales and services workers",300
2019,"other community, social and personal services","production and transport operators, cleaners and labourers",100
2019,"other community, social and personal services","professionals, managers and executives",200
2019,"other community, social and personal services","non-professionals, managers and executives",500
2019,others,"professionals, managers, executives and technicians",300
2019,others,"clerical, sales and services workers",-
2019,others,"production and transport operators, cleaners and labourers",100
2019,others,"professionals, managers and executives",100
2019,others,"non-professionals, managers and executives",200
2020,manufacturing,"professionals, managers, executives and technicians",2600
2020,manufacturing,"clerical, sales and services workers",400
2020,manufacturing,"production and transport operators, cleaners and labourers",2500
2020,manufacturing,"professionals, managers and executives",1300
2020,manufacturing,"non-professionals, managers and executives",4200
2020,"food, beverages and tobacco","professionals, managers, executives and technicians",200
2020,"food, beverages and tobacco","clerical, sales and services workers",200
2020,"food, beverages and tobacco","production and transport operators, cleaners and labourers",400
2020,"food, beverages and tobacco","professionals, managers and executives",100
2020,"food, beverages and tobacco","non-professionals, managers and executives",700
2020,"paper,rubber,plastic products and printing","professionals, managers, executives and technicians",100
2020,"paper,rubber,plastic products and printing","clerical, sales and services workers",-
2020,"paper,rubber,plastic products and printing","production and transport operators, cleaners and labourers",200
2020,"paper,rubber,plastic products and printing","professionals, managers and executives",-
2020,"paper,rubber,plastic products and printing","non-professionals, managers and executives",300
2020,"petroleum, chemical and pharmaceutical products","professionals, managers, executives and technicians",400
2020,"petroleum, chemical and pharmaceutical products","clerical, sales and services workers",-
2020,"petroleum, chemical and pharmaceutical products","production and transport operators, cleaners and labourers",100
2020,"petroleum, chemical and pharmaceutical products","professionals, managers and executives",200
2020,"petroleum, chemical and pharmaceutical products","non-professionals, managers and executives",300
2020,"fabricated metal products, machinery and equipment","professionals, managers, executives and technicians",500
2020,"fabricated metal products, machinery and equipment","clerical, sales and services workers",100
2020,"fabricated metal products, machinery and equipment","production and transport operators, cleaners and labourers",500
2020,"fabricated metal products, machinery and equipment","professionals, managers and executives",200
2020,"fabricated metal products, machinery and equipment","non-professionals, managers and executives",800
2020,"electronic, computer and optical products","professionals, managers, executives and technicians",900
2020,"electronic, computer and optical products","clerical, sales and services workers",-
2020,"electronic, computer and optical products","production and transport operators, cleaners and labourers",700
2020,"electronic, computer and optical products","professionals, managers and executives",600
2020,"electronic, computer and optical products","non-professionals, managers and executives",1000
2020,transport equipment,"professionals, managers, executives and technicians",200
2020,transport equipment,"clerical, sales and services workers",-
2020,transport equipment,"production and transport operators, cleaners and labourers",200
2020,transport equipment,"professionals, managers and executives",100
2020,transport equipment,"non-professionals, managers and executives",400
2020,other manufacturing industries,"professionals, managers, executives and technicians",400
2020,other manufacturing industries,"clerical, sales and services workers",-
2020,other manufacturing industries,"production and transport operators, cleaners and labourers",500
2020,other manufacturing industries,"professionals, managers and executives",200
2020,other manufacturing industries,"non-professionals, managers and executives",700
2020,construction,"professionals, managers, executives and technicians",800
2020,construction,"clerical, sales and services workers",100
2020,construction,"production and transport operators, cleaners and labourers",1800
2020,construction,"professionals, managers and executives",300
2020,construction,"non-professionals, managers and executives",2400
2020,services,"professionals, managers, executives and technicians",24600
2020,services,"clerical, sales and services workers",9200
2020,services,"production and transport operators, cleaners and labourers",6100
2020,services,"professionals, managers and executives",15600
2020,services,"non-professionals, managers and executives",24200
2020,wholesale and retail trade,"professionals, managers, executives and technicians",1900
2020,wholesale and retail trade,"clerical, sales and services workers",1800
2020,wholesale and retail trade,"production and transport operators, cleaners and labourers",1600
2020,wholesale and retail trade,"professionals, managers and executives",1000
2020,wholesale and retail trade,"non-professionals, managers and executives",4300
2020,wholesale trade,"professionals, managers, executives and technicians",1600
2020,wholesale trade,"clerical, sales and services workers",500
2020,wholesale trade,"production and transport operators, cleaners and labourers",1300
2020,wholesale trade,"professionals, managers and executives",800
2020,wholesale trade,"non-professionals, managers and executives",2500
2020,retail trade,"professionals, managers, executives and technicians",400
2020,retail trade,"clerical, sales and services workers",1300
2020,retail trade,"production and transport operators, cleaners and labourers",300
2020,retail trade,"professionals, managers and executives",200
2020,retail trade,"non-professionals, managers and executives",1800
2020,transportation and storage,"professionals, managers, executives and technicians",500
2020,transportation and storage,"clerical, sales and services workers",300
2020,transportation and storage,"production and transport operators, cleaners and labourers",900
2020,transportation and storage,"professionals, managers and executives",200
2020,transportation and storage,"non-professionals, managers and executives",1500
2020,land transport and supporting services,"professionals, managers, executives and technicians",100
2020,land transport and supporting services,"clerical, sales and services workers",-
2020,land transport and supporting services,"production and transport operators, cleaners and labourers",300
2020,land transport and supporting services,"professionals, managers and executives",-
2020,land transport and supporting services,"non-professionals, managers and executives",400
2020,water transport and supporting services,"professionals, managers, executives and technicians",200
2020,water transport and supporting services,"clerical, sales and services workers",100
2020,water transport and supporting services,"production and transport operators, cleaners and labourers",200
2020,water transport and supporting services,"professionals, managers and executives",100
2020,water transport and supporting services,"non-professionals, managers and executives",300
2020,air transport and supporting services,"professionals, managers, executives and technicians",100
2020,air transport and supporting services,"clerical, sales and services workers",100
2020,air transport and supporting services,"production and transport operators, cleaners and labourers",-
2020,air transport and supporting services,"professionals, managers and executives",-
2020,air transport and supporting services,"non-professionals, managers and executives",200
2020,other transport and storage services,"professionals, managers, executives and technicians",100
2020,other transport and storage services,"clerical, sales and services workers",100
2020,other transport and storage services,"production and transport operators, cleaners and labourers",400
2020,other transport and storage services,"professionals, managers and executives",-
2020,other transport and storage services,"non-professionals, managers and executives",600
2020,accommodation and food services,"professionals, managers, executives and technicians",800
2020,accommodation and food services,"clerical, sales and services workers",2500
2020,accommodation and food services,"production and transport operators, cleaners and labourers",800
2020,accommodation and food services,"professionals, managers and executives",400
2020,accommodation and food services,"non-professionals, managers and executives",3700
2020,accommodation,"professionals, managers, executives and technicians",100
2020,accommodation,"clerical, sales and services workers",400
2020,accommodation,"production and transport operators, cleaners and labourers",300
2020,accommodation,"professionals, managers and executives",-
2020,accommodation,"non-professionals, managers and executives",700
2020,food and beverage services,"professionals, managers, executives and technicians",700
2020,food and beverage services,"clerical, sales and services workers",2100
2020,food and beverage services,"production and transport operators, cleaners and labourers",600
2020,food and beverage services,"professionals, managers and executives",400
2020,food and beverage services,"non-professionals, managers and executives",3000
2020,information and communications,"professionals, managers, executives and technicians",4300
2020,information and communications,"clerical, sales and services workers",200
2020,information and communications,"production and transport operators, cleaners and labourers",100
2020,information and communications,"professionals, managers and executives",2600
2020,information and communications,"non-professionals, managers and executives",1900
2020,"telecommunications, broadcasting and publishing","professionals, managers, executives and technicians",500
2020,"telecommunications, broadcasting and publishing","clerical, sales and services workers",100
2020,"telecommunications, broadcasting and publishing","production and transport operators, cleaners and labourers",-
2020,"telecommunications, broadcasting and publishing","professionals, managers and executives",300
2020,"telecommunications, broadcasting and publishing","non-professionals, managers and executives",300
2020,it and other information services,"professionals, managers, executives and technicians",3800
2020,it and other information services,"clerical, sales and services workers",100
2020,it and other information services,"production and transport operators, cleaners and labourers",-
2020,it and other information services,"professionals, managers and executives",2300
2020,it and other information services,"non-professionals, managers and executives",1700
2020,financial and insurance services,"professionals, managers, executives and technicians",4100
2020,financial and insurance services,"clerical, sales and services workers",200
2020,financial and insurance services,"production and transport operators, cleaners and labourers",-
2020,financial and insurance services,"professionals, managers and executives",3000
2020,financial and insurance services,"non-professionals, managers and executives",1400
2020,financial services,"professionals, managers, executives and technicians",3700
2020,financial services,"clerical, sales and services workers",100
2020,financial services,"production and transport operators, cleaners and labourers",-
2020,financial services,"professionals, managers and executives",2700
2020,financial services,"non-professionals, managers and executives",1100
2020,insurance services,"professionals, managers, executives and technicians",400
2020,insurance services,"clerical, sales and services workers",100
2020,insurance services,"production and transport operators, cleaners and labourers",-
2020,insurance services,"professionals, managers and executives",300
2020,insurance services,"non-professionals, managers and executives",200
2020,real estate services,"professionals, managers, executives and technicians",600
2020,real estate services,"clerical, sales and services workers",200
2020,real estate services,"production and transport operators, cleaners and labourers",200
2020,real estate services,"professionals, managers and executives",400
2020,real estate services,"non-professionals, managers and executives",700
2020,professional services,"professionals, managers, executives and technicians",2700
2020,professional services,"clerical, sales and services workers",300
2020,professional services,"production and transport operators, cleaners and labourers",200
2020,professional services,"professionals, managers and executives",1700
2020,professional services,"non-professionals, managers and executives",1500
2020,"legal, accounting and management services","professionals, managers, executives and technicians",1900
2020,"legal, accounting and management services","clerical, sales and services workers",200
2020,"legal, accounting and management services","production and transport operators, cleaners and labourers",100
2020,"legal, accounting and management services","professionals, managers and executives",1300
2020,"legal, accounting and management services","non-professionals, managers and executives",900
2020,architectural and engineering services,"professionals, managers, executives and technicians",500
2020,architectural and engineering services,"clerical, sales and services workers",100
2020,architectural and engineering services,"production and transport operators, cleaners and labourers",100
2020,architectural and engineering services,"professionals, managers and executives",200
2020,architectural and engineering services,"non-professionals, managers and executives",500
2020,other professional services,"professionals, managers, executives and technicians",400
2020,other professional services,"clerical, sales and services workers",-
2020,other professional services,"production and transport operators, cleaners and labourers",-
2020,other professional services,"professionals, managers and executives",200
2020,other professional services,"non-professionals, managers and executives",100
2020,administrative and support services,"professionals, managers, executives and technicians",600
2020,administrative and support services,"clerical, sales and services workers",1600
2020,administrative and support services,"production and transport operators, cleaners and labourers",1800
2020,administrative and support services,"professionals, managers and executives",300
2020,administrative and support services,"non-professionals, managers and executives",3600
2020,security and investigation,"professionals, managers, executives and technicians",-
2020,security and investigation,"clerical, sales and services workers",1300
2020,security and investigation,"production and transport operators, cleaners and labourers",200
2020,security and investigation,"professionals, managers and executives",-
2020,security and investigation,"non-professionals, managers and executives",1400
2020,cleaning and landscaping,"professionals, managers, executives and technicians",-
2020,cleaning and landscaping,"clerical, sales and services workers",-
2020,cleaning and landscaping,"production and transport operators, cleaners and labourers",1200
2020,cleaning and landscaping,"professionals, managers and executives",-
2020,cleaning and landscaping,"non-professionals, managers and executives",1300
2020,other administrative and support services,"professionals, managers, executives and technicians",500
2020,other administrative and support services,"clerical, sales and services workers",300
2020,other administrative and support services,"production and transport operators, cleaners and labourers",400
2020,other administrative and support services,"professionals, managers and executives",300
2020,other administrative and support services,"non-professionals, managers and executives",900
2020,"community, social and personal services","professionals, managers, executives and technicians",9100
2020,"community, social and personal services","clerical, sales and services workers",2100
2020,"community, social and personal services","production and transport operators, cleaners and labourers",400
2020,"community, social and personal services","professionals, managers and executives",6000
2020,"community, social and personal services","non-professionals, managers and executives",5700
2020,public administration and education,"professionals, managers, executives and technicians",5700
2020,public administration and education,"clerical, sales and services workers",500
2020,public administration and education,"production and transport operators, cleaners and labourers",100
2020,public administration and education,"professionals, managers and executives",4100
2020,public administration and education,"non-professionals, managers and executives",2300
2020,health and social services,"professionals, managers, executives and technicians",2700
2020,health and social services,"clerical, sales and services workers",1100
2020,health and social services,"production and transport operators, cleaners and labourers",200
2020,health and social services,"professionals, managers and executives",1500
2020,health and social services,"non-professionals, managers and executives",2500
2020,"arts, entertainment and recreation","professionals, managers, executives and technicians",300
2020,"arts, entertainment and recreation","clerical, sales and services workers",300
2020,"arts, entertainment and recreation","production and transport operators, cleaners and labourers",100
2020,"arts, entertainment and recreation","professionals, managers and executives",200
2020,"arts, entertainment and recreation","non-professionals, managers and executives",500
2020,"other community, social and personal services","professionals, managers, executives and technicians",400
2020,"other community, social and personal services","clerical, sales and services workers",200
2020,"other community, social and personal services","production and transport operators, cleaners and labourers",100
2020,"other community, social and personal services","professionals, managers and executives",200
2020,"other community, social and personal services","non-professionals, managers and executives",500
2020,others,"professionals, managers, executives and technicians",200
2020,others,"clerical, sales and services workers",-
2020,others,"production and transport operators, cleaners and labourers",100
2020,others,"professionals, managers and executives",100
2020,others,"non-professionals, managers and executives",200
2021,manufacturing,"professionals, managers, executives and technicians",5000
2021,manufacturing,"clerical, sales and services workers",900
2021,manufacturing,"production and transport operators, cleaners and labourers",6900
2021,manufacturing,"professionals, managers and executives",2200
2021,manufacturing,"non-professionals, managers and executives",10600
2021,"food, beverages and tobacco","professionals, managers, executives and technicians",300
2021,"food, beverages and tobacco","clerical, sales and services workers",400
2021,"food, beverages and tobacco","production and transport operators, cleaners and labourers",700
2021,"food, beverages and tobacco","professionals, managers and executives",100
2021,"food, beverages and tobacco","non-professionals, managers and executives",1300
2021,"paper,rubber,plastic products and printing","professionals, managers, executives and technicians",200
2021,"paper,rubber,plastic products and printing","clerical, sales and services workers",100
2021,"paper,rubber,plastic products and printing","production and transport operators, cleaners and labourers",700
2021,"paper,rubber,plastic products and printing","professionals, managers and executives",100
2021,"paper,rubber,plastic products and printing","non-professionals, managers and executives",900
2021,"petroleum, chemical and pharmaceutical products","professionals, managers, executives and technicians",500
2021,"petroleum, chemical and pharmaceutical products","clerical, sales and services workers",-
2021,"petroleum, chemical and pharmaceutical products","production and transport operators, cleaners and labourers",300
2021,"petroleum, chemical and pharmaceutical products","professionals, managers and executives",200
2021,"petroleum, chemical and pharmaceutical products","non-professionals, managers and executives",700
2021,"fabricated metal products, machinery and equipment","professionals, managers, executives and technicians",1200
2021,"fabricated metal products, machinery and equipment","clerical, sales and services workers",200
2021,"fabricated metal products, machinery and equipment","production and transport operators, cleaners and labourers",1900
2021,"fabricated metal products, machinery and equipment","professionals, managers and executives",400
2021,"fabricated metal products, machinery and equipment","non-professionals, managers and executives",2900
2021,"electronic, computer and optical products","professionals, managers, executives and technicians",1600
2021,"electronic, computer and optical products","clerical, sales and services workers",-
2021,"electronic, computer and optical products","production and transport operators, cleaners and labourers",1200
2021,"electronic, computer and optical products","professionals, managers and executives",1000
2021,"electronic, computer and optical products","non-professionals, managers and executives",1800
2021,transport equipment,"professionals, managers, executives and technicians",700
2021,transport equipment,"clerical, sales and services workers",100
2021,transport equipment,"production and transport operators, cleaners and labourers",1100
2021,transport equipment,"professionals, managers and executives",200
2021,transport equipment,"non-professionals, managers and executives",1700
2021,other manufacturing industries,"professionals, managers, executives and technicians",500
2021,other manufacturing industries,"clerical, sales and services workers",100
2021,other manufacturing industries,"production and transport operators, cleaners and labourers",900
2021,other manufacturing industries,"professionals, managers and executives",200
2021,other manufacturing industries,"non-professionals, managers and executives",1400
2021,construction,"professionals, managers, executives and technicians",2200
2021,construction,"clerical, sales and services workers",700
2021,construction,"production and transport operators, cleaners and labourers",7700
2021,construction,"professionals, managers and executives",600
2021,construction,"non-professionals, managers and executives",9900
2021,services,"professionals, managers, executives and technicians",43700
2021,services,"clerical, sales and services workers",15400
2021,services,"production and transport operators, cleaners and labourers",11500
2021,services,"professionals, managers and executives",26400
2021,services,"non-professionals, managers and executives",44200
2021,wholesale and retail trade,"professionals, managers, executives and technicians",3900
2021,wholesale and retail trade,"clerical, sales and services workers",3700
2021,wholesale and retail trade,"production and transport operators, cleaners and labourers",1600
2021,wholesale and retail trade,"professionals, managers and executives",2000
2021,wholesale and retail trade,"non-professionals, managers and executives",7200
2021,wholesale trade,"professionals, managers, executives and technicians",3100
2021,wholesale trade,"clerical, sales and services workers",1000
2021,wholesale trade,"production and transport operators, cleaners and labourers",1200
2021,wholesale trade,"professionals, managers and executives",1600
2021,wholesale trade,"non-professionals, managers and executives",3700
2021,retail trade,"professionals, managers, executives and technicians",800
2021,retail trade,"clerical, sales and services workers",2600
2021,retail trade,"production and transport operators, cleaners and labourers",400
2021,retail trade,"professionals, managers and executives",400
2021,retail trade,"non-professionals, managers and executives",3500
2021,transportation and storage,"professionals, managers, executives and technicians",1200
2021,transportation and storage,"clerical, sales and services workers",800
2021,transportation and storage,"production and transport operators, cleaners and labourers",3300
2021,transportation and storage,"professionals, managers and executives",500
2021,transportation and storage,"non-professionals, managers and executives",4800
2021,land transport and supporting services,"professionals, managers, executives and technicians",200
2021,land transport and supporting services,"clerical, sales and services workers",100
2021,land transport and supporting services,"production and transport operators, cleaners and labourers",900
2021,land transport and supporting services,"professionals, managers and executives",-
2021,land transport and supporting services,"non-professionals, managers and executives",1100
2021,water transport and supporting services,"professionals, managers, executives and technicians",400
2021,water transport and supporting services,"clerical, sales and services workers",200
2021,water transport and supporting services,"production and transport operators, cleaners and labourers",600
2021,water transport and supporting services,"professionals, managers and executives",200
2021,water transport and supporting services,"non-professionals, managers and executives",900
2021,air transport and supporting services,"professionals, managers, executives and technicians",200
2021,air transport and supporting services,"clerical, sales and services workers",200
2021,air transport and supporting services,"production and transport operators, cleaners and labourers",500
2021,air transport and supporting services,"professionals, managers and executives",-
2021,air transport and supporting services,"non-professionals, managers and executives",800
2021,other transport and storage services,"professionals, managers, executives and technicians",400
2021,other transport and storage services,"clerical, sales and services workers",300
2021,other transport and storage services,"production and transport operators, cleaners and labourers",1400
2021,other transport and storage services,"professionals, managers and executives",100
2021,other transport and storage services,"non-professionals, managers and executives",2000
2021,accommodation and food services,"professionals, managers, executives and technicians",1300
2021,accommodation and food services,"clerical, sales and services workers",4000
2021,accommodation and food services,"production and transport operators, cleaners and labourers",1700
2021,accommodation and food services,"professionals, managers and executives",600
2021,accommodation and food services,"non-professionals, managers and executives",6400
2021,accommodation,"professionals, managers, executives and technicians",300
2021,accommodation,"clerical, sales and services workers",500
2021,accommodation,"production and transport operators, cleaners and labourers",400
2021,accommodation,"professionals, managers and executives",100
2021,accommodation,"non-professionals, managers and executives",1100
2021,food and beverage services,"professionals, managers, executives and technicians",1000
2021,food and beverage services,"clerical, sales and services workers",3500
2021,food and beverage services,"production and transport operators, cleaners and labourers",1300
2021,food and beverage services,"professionals, managers and executives",500
2021,food and beverage services,"non-professionals, managers and executives",5300
2021,information and communications,"professionals, managers, executives and technicians",8100
2021,information and communications,"clerical, sales and services workers",400
2021,information and communications,"production and transport operators, cleaners and labourers",100
2021,information and communications,"professionals, managers and executives",4800
2021,information and communications,"non-professionals, managers and executives",3800
2021,"telecommunications, broadcasting and publishing","professionals, managers, executives and technicians",1400
2021,"telecommunications, broadcasting and publishing","clerical, sales and services workers",100
2021,"telecommunications, broadcasting and publishing","production and transport operators, cleaners and labourers",-
2021,"telecommunications, broadcasting and publishing","professionals, managers and executives",800
2021,"telecommunications, broadcasting and publishing","non-professionals, managers and executives",600
2021,it and other information services,"professionals, managers, executives and technicians",6800
2021,it and other information services,"clerical, sales and services workers",300
2021,it and other information services,"production and transport operators, cleaners and labourers",100
2021,it and other information services,"professionals, managers and executives",4000
2021,it and other information services,"non-professionals, managers and executives",3100
2021,financial and insurance services,"professionals, managers, executives and technicians",7900
2021,financial and insurance services,"clerical, sales and services workers",200
2021,financial and insurance services,"production and transport operators, cleaners and labourers",100
2021,financial and insurance services,"professionals, managers and executives",5600
2021,financial and insurance services,"non-professionals, managers and executives",2600
2021,financial services,"professionals, managers, executives and technicians",7400
2021,financial services,"clerical, sales and services workers",200
2021,financial services,"production and transport operators, cleaners and labourers",100
2021,financial services,"professionals, managers and executives",5300
2021,financial services,"non-professionals, managers and executives",2300
2021,insurance services,"professionals, managers, executives and technicians",500
2021,insurance services,"clerical, sales and services workers",-
2021,insurance services,"production and transport operators, cleaners and labourers",-
2021,insurance services,"professionals, managers and executives",300
2021,insurance services,"non-professionals, managers and executives",300
2021,real estate services,"professionals, managers, executives and technicians",900
2021,real estate services,"clerical, sales and services workers",200
2021,real estate services,"production and transport operators, cleaners and labourers",400
2021,real estate services,"professionals, managers and executives",500
2021,real estate services,"non-professionals, managers and executives",1000
2021,professional services,"professionals, managers, executives and technicians",6000
2021,professional services,"clerical, sales and services workers",500
2021,professional services,"production and transport operators, cleaners and labourers",700
2021,professional services,"professionals, managers and executives",3500
2021,professional services,"non-professionals, managers and executives",3600
2021,"legal, accounting and management services","professionals, managers, executives and technicians",3900
2021,"legal, accounting and management services","clerical, sales and services workers",300
2021,"legal, accounting and management services","production and transport operators, cleaners and labourers",100
2021,"legal, accounting and management services","professionals, managers and executives",2400
2021,"legal, accounting and management services","non-professionals, managers and executives",2000
2021,architectural and engineering services,"professionals, managers, executives and technicians",1300
2021,architectural and engineering services,"clerical, sales and services workers",100
2021,architectural and engineering services,"production and transport operators, cleaners and labourers",500
2021,architectural and engineering services,"professionals, managers and executives",700
2021,architectural and engineering services,"non-professionals, managers and executives",1300
2021,other professional services,"professionals, managers, executives and technicians",800
2021,other professional services,"clerical, sales and services workers",-
2021,other professional services,"production and transport operators, cleaners and labourers",-
2021,other professional services,"professionals, managers and executives",400
2021,other professional services,"non-professionals, managers and executives",400
2021,administrative and support services,"professionals, managers, executives and technicians",1200
2021,administrative and support services,"clerical, sales and services workers",2200
2021,administrative and support services,"production and transport operators, cleaners and labourers",2800
2021,administrative and support services,"professionals, managers and executives",500
2021,administrative and support services,"non-professionals, managers and executives",5700
2021,security and investigation,"professionals, managers, executives and technicians",100
2021,security and investigation,"clerical, sales and services workers",1400
2021,security and investigation,"production and transport operators, cleaners and labourers",300
2021,security and investigation,"professionals, managers and executives",-
2021,security and investigation,"non-professionals, managers and executives",1700
2021,cleaning and landscaping,"professionals, managers, executives and technicians",200
2021,cleaning and landscaping,"clerical, sales and services workers",100
2021,cleaning and landscaping,"production and transport operators, cleaners and labourers",1800
2021,cleaning and landscaping,"professionals, managers and executives",-
2021,cleaning and landscaping,"non-professionals, managers and executives",2000
2021,other administrative and support services,"professionals, managers, executives and technicians",900
2021,other administrative and support services,"clerical, sales and services workers",700
2021,other administrative and support services,"production and transport operators, cleaners and labourers",700
2021,other administrative and support services,"professionals, managers and executives",400
2021,other administrative and support services,"non-professionals, managers and executives",1900
2021,"community, social and personal services","professionals, managers, executives and technicians",13200
2021,"community, social and personal services","clerical, sales and services workers",3400
2021,"community, social and personal services","production and transport operators, cleaners and labourers",900
2021,"community, social and personal services","professionals, managers and executives",8500
2021,"community, social and personal services","non-professionals, managers and executives",9000
2021,public administration and education,"professionals, managers, executives and technicians",8400
2021,public administration and education,"clerical, sales and services workers",700
2021,public administration and education,"production and transport operators, cleaners and labourers",100
2021,public administration and education,"professionals, managers and executives",6100
2021,public administration and education,"non-professionals, managers and executives",3200
2021,health and social services,"professionals, managers, executives and technicians",3700
2021,health and social services,"clerical, sales and services workers",1600
2021,health and social services,"production and transport operators, cleaners and labourers",300
2021,health and social services,"professionals, managers and executives",1800
2021,health and social services,"non-professionals, managers and executives",3800
2021,"arts, entertainment and recreation","professionals, managers, executives and technicians",500
2021,"arts, entertainment and recreation","clerical, sales and services workers",400
2021,"arts, entertainment and recreation","production and transport operators, cleaners and labourers",200
2021,"arts, entertainment and recreation","professionals, managers and executives",300
2021,"arts, entertainment and recreation","non-professionals, managers and executives",800
2021,"other community, social and personal services","professionals, managers, executives and technicians",600
2021,"other community, social and personal services","clerical, sales and services workers",600
2021,"other community, social and personal services","production and transport operators, cleaners and labourers",200
2021,"other community, social and personal services","professionals, managers and executives",300
2021,"other community, social and personal services","non-professionals, managers and executives",1200
2021,others,"professionals, managers, executives and technicians",400
2021,others,"clerical, sales and services workers",-
2021,others,"production and transport operators, cleaners and labourers",200
2021,others,"professionals, managers and executives",300
2021,others,"non-professionals, managers and executives",500
2022,manufacturing,"professionals, managers, executives and technicians",6200
2022,manufacturing,"clerical, sales and services workers",1200
2022,manufacturing,"production and transport operators, cleaners and labourers",6000
2022,manufacturing,"professionals, managers and executives",2800
2022,manufacturing,"non-professionals, managers and executives",10600
2022,"food, beverages and tobacco","professionals, managers, executives and technicians",300
2022,"food, beverages and tobacco","clerical, sales and services workers",500
2022,"food, beverages and tobacco","production and transport operators, cleaners and labourers",800
2022,"food, beverages and tobacco","professionals, managers and executives",100
2022,"food, beverages and tobacco","non-professionals, managers and executives",1500
2022,"paper,rubber,plastic products and printing","professionals, managers, executives and technicians",200
2022,"paper,rubber,plastic products and printing","clerical, sales and services workers",-
2022,"paper,rubber,plastic products and printing","production and transport operators, cleaners and labourers",500
2022,"paper,rubber,plastic products and printing","professionals, managers and executives",100
2022,"paper,rubber,plastic products and printing","non-professionals, managers and executives",700
2022,"petroleum, chemical and pharmaceutical products","professionals, managers, executives and technicians",700
2022,"petroleum, chemical and pharmaceutical products","clerical, sales and services workers",100
2022,"petroleum, chemical and pharmaceutical products","production and transport operators, cleaners and labourers",300
2022,"petroleum, chemical and pharmaceutical products","professionals, managers and executives",200
2022,"petroleum, chemical and pharmaceutical products","non-professionals, managers and executives",800
2022,"fabricated metal products, machinery and equipment","professionals, managers, executives and technicians",1800
2022,"fabricated metal products, machinery and equipment","clerical, sales and services workers",300
2022,"fabricated metal products, machinery and equipment","production and transport operators, cleaners and labourers",1900
2022,"fabricated metal products, machinery and equipment","professionals, managers and executives",800
2022,"fabricated metal products, machinery and equipment","non-professionals, managers and executives",3200
2022,"electronic, computer and optical products","professionals, managers, executives and technicians",1500
2022,"electronic, computer and optical products","clerical, sales and services workers",100
2022,"electronic, computer and optical products","production and transport operators, cleaners and labourers",1100
2022,"electronic, computer and optical products","professionals, managers and executives",900
2022,"electronic, computer and optical products","non-professionals, managers and executives",1700
2022,transport equipment,"professionals, managers, executives and technicians",1000
2022,transport equipment,"clerical, sales and services workers",100
2022,transport equipment,"production and transport operators, cleaners and labourers",800
2022,transport equipment,"professionals, managers and executives",400
2022,transport equipment,"non-professionals, managers and executives",1600
2022,other manufacturing industries,"professionals, managers, executives and technicians",600
2022,other manufacturing industries,"clerical, sales and services workers",100
2022,other manufacturing industries,"production and transport operators, cleaners and labourers",600
2022,other manufacturing industries,"professionals, managers and executives",300
2022,other manufacturing industries,"non-professionals, managers and executives",1000
2022,construction,"professionals, managers, executives and technicians",2400
2022,construction,"clerical, sales and services workers",700
2022,construction,"production and transport operators, cleaners and labourers",7200
2022,construction,"professionals, managers and executives",800
2022,construction,"non-professionals, managers and executives",9500
2022,services,"professionals, managers, executives and technicians",54600
2022,services,"clerical, sales and services workers",22400
2022,services,"production and transport operators, cleaners and labourers",13600
2022,services,"professionals, managers and executives",32800
2022,services,"non-professionals, managers and executives",57800
2022,wholesale and retail trade,"professionals, managers, executives and technicians",4400
2022,wholesale and retail trade,"clerical, sales and services workers",5200
2022,wholesale and retail trade,"production and transport operators, cleaners and labourers",1600
2022,wholesale and retail trade,"professionals, managers and executives",2000
2022,wholesale and retail trade,"non-professionals, managers and executives",9200
2022,wholesale trade,"professionals, managers, executives and technicians",3600
2022,wholesale trade,"clerical, sales and services workers",1500
2022,wholesale trade,"production and transport operators, cleaners and labourers",1100
2022,wholesale trade,"professionals, managers and executives",1700
2022,wholesale trade,"non-professionals, managers and executives",4500
2022,retail trade,"professionals, managers, executives and technicians",800
2022,retail trade,"clerical, sales and services workers",3800
2022,retail trade,"production and transport operators, cleaners and labourers",400
2022,retail trade,"professionals, managers and executives",300
2022,retail trade,"non-professionals, managers and executives",4700
2022,transportation and storage,"professionals, managers, executives and technicians",1900
2022,transportation and storage,"clerical, sales and services workers",2000
2022,transportation and storage,"production and transport operators, cleaners and labourers",3900
2022,transportation and storage,"professionals, managers and executives",800
2022,transportation and storage,"non-professionals, managers and executives",7000
2022,land transport and supporting services,"professionals, managers, executives and technicians",200
2022,land transport and supporting services,"clerical, sales and services workers",200
2022,land transport and supporting services,"production and transport operators, cleaners and labourers",1200
2022,land transport and supporting services,"professionals, managers and executives",-
2022,land transport and supporting services,"non-professionals, managers and executives",1600
2022,water transport and supporting services,"professionals, managers, executives and technicians",600
2022,water transport and supporting services,"clerical, sales and services workers",400
2022,water transport and supporting services,"production and transport operators, cleaners and labourers",400
2022,water transport and supporting services,"professionals, managers and executives",400
2022,water transport and supporting services,"non-professionals, managers and executives",1000
2022,air transport and supporting services,"professionals, managers, executives and technicians",400
2022,air transport and supporting services,"clerical, sales and services workers",800
2022,air transport and supporting services,"production and transport operators, cleaners and labourers",500
2022,air transport and supporting services,"professionals, managers and executives",100
2022,air transport and supporting services,"non-professionals, managers and executives",1600
2022,other transport and storage services,"professionals, managers, executives and technicians",700
2022,other transport and storage services,"clerical, sales and services workers",600
2022,other transport and storage services,"production and transport operators, cleaners and labourers",1800
2022,other transport and storage services,"professionals, managers and executives",200
2022,other transport and storage services,"non-professionals, managers and executives",2800
2022,accommodation and food services,"professionals, managers, executives and technicians",2000
2022,accommodation and food services,"clerical, sales and services workers",6100
2022,accommodation and food services,"production and transport operators, cleaners and labourers",1900
2022,accommodation and food services,"professionals, managers and executives",900
2022,accommodation and food services,"non-professionals, managers and executives",9100
2022,accommodation,"professionals, managers, executives and technicians",500
2022,accommodation,"clerical, sales and services workers",900
2022,accommodation,"production and transport operators, cleaners and labourers",500
2022,accommodation,"professionals, managers and executives",100
2022,accommodation,"non-professionals, managers and executives",1800
2022,food and beverage services,"professionals, managers, executives and technicians",1500
2022,food and beverage services,"clerical, sales and services workers",5200
2022,food and beverage services,"production and transport operators, cleaners and labourers",1300
2022,food and beverage services,"professionals, managers and executives",700
2022,food and beverage services,"non-professionals, managers and executives",7300
2022,information and communications,"professionals, managers, executives and technicians",9600
2022,information and communications,"clerical, sales and services workers",500
2022,information and communications,"production and transport operators, cleaners and labourers",200
2022,information and communications,"professionals, managers and executives",6200
2022,information and communications,"non-professionals, managers and executives",4200
2022,"telecommunications, broadcasting and publishing","professionals, managers, executives and technicians",1800
2022,"telecommunications, broadcasting and publishing","clerical, sales and services workers",100
2022,"telecommunications, broadcasting and publishing","production and transport operators, cleaners and labourers",-
2022,"telecommunications, broadcasting and publishing","professionals, managers and executives",1200
2022,"telecommunications, broadcasting and publishing","non-professionals, managers and executives",700
2022,it and other information services,"professionals, managers, executives and technicians",7800
2022,it and other information services,"clerical, sales and services workers",400
2022,it and other information services,"production and transport operators, cleaners and labourers",200
2022,it and other information services,"professionals, managers and executives",5000
2022,it and other information services,"non-professionals, managers and executives",3400
2022,financial and insurance services,"professionals, managers, executives and technicians",9800
2022,financial and insurance services,"clerical, sales and services workers",300
2022,financial and insurance services,"production and transport operators, cleaners and labourers",100
2022,financial and insurance services,"professionals, managers and executives",6700
2022,financial and insurance services,"non-professionals, managers and executives",3400
2022,financial services,"professionals, managers, executives and technicians",9100
2022,financial services,"clerical, sales and services workers",200
2022,financial services,"production and transport operators, cleaners and labourers",100
2022,financial services,"professionals, managers and executives",6400
2022,financial services,"non-professionals, managers and executives",3000
2022,insurance services,"professionals, managers, executives and technicians",700
2022,insurance services,"clerical, sales and services workers",100
2022,insurance services,"production and transport operators, cleaners and labourers",-
2022,insurance services,"professionals, managers and executives",300
2022,insurance services,"non-professionals, managers and executives",500
2022,real estate services,"professionals, managers, executives and technicians",1200
2022,real estate services,"clerical, sales and services workers",500
2022,real estate services,"production and transport operators, cleaners and labourers",500
2022,real estate services,"professionals, managers and executives",600
2022,real estate services,"non-professionals, managers and executives",1500
2022,professional services,"professionals, managers, executives and technicians",7600
2022,professional services,"clerical, sales and services workers",800
2022,professional services,"production and transport operators, cleaners and labourers",800
2022,professional services,"professionals, managers and executives",4300
2022,professional services,"non-professionals, managers and executives",4800
2022,"legal, accounting and management services","professionals, managers, executives and technicians",4700
2022,"legal, accounting and management services","clerical, sales and services workers",500
2022,"legal, accounting and management services","production and transport operators, cleaners and labourers",100
2022,"legal, accounting and management services","professionals, managers and executives",2900
2022,"legal, accounting and management services","non-professionals, managers and executives",2400
2022,architectural and engineering services,"professionals, managers, executives and technicians",1800
2022,architectural and engineering services,"clerical, sales and services workers",200
2022,architectural and engineering services,"production and transport operators, cleaners and labourers",600
2022,architectural and engineering services,"professionals, managers and executives",900
2022,architectural and engineering services,"non-professionals, managers and executives",1800
2022,other professional services,"professionals, managers, executives and technicians",1000
2022,other professional services,"clerical, sales and services workers",100
2022,other professional services,"production and transport operators, cleaners and labourers",-
2022,other professional services,"professionals, managers and executives",500
2022,other professional services,"non-professionals, managers and executives",600
2022,administrative and support services,"professionals, managers, executives and technicians",1700
2022,administrative and support services,"clerical, sales and services workers",2400
2022,administrative and support services,"production and transport operators, cleaners and labourers",3500
2022,administrative and support services,"professionals, managers and executives",700
2022,administrative and support services,"non-professionals, managers and executives",6900
2022,security and investigation,"professionals, managers, executives and technicians",200
2022,security and investigation,"clerical, sales and services workers",1400
2022,security and investigation,"production and transport operators, cleaners and labourers",400
2022,security and investigation,"professionals, managers and executives",100
2022,security and investigation,"non-professionals, managers and executives",2000
2022,cleaning and landscaping,"professionals, managers, executives and technicians",200
2022,cleaning and landscaping,"clerical, sales and services workers",100
2022,cleaning and landscaping,"production and transport operators, cleaners and labourers",2100
2022,cleaning and landscaping,"professionals, managers and executives",100
2022,cleaning and landscaping,"non-professionals, managers and executives",2300
2022,other administrative and support services,"professionals, managers, executives and technicians",1200
2022,other administrative and support services,"clerical, sales and services workers",900
2022,other administrative and support services,"production and transport operators, cleaners and labourers",1000
2022,other administrative and support services,"professionals, managers and executives",600
2022,other administrative and support services,"non-professionals, managers and executives",2600
2022,"community, social and personal services","professionals, managers, executives and technicians",16600
2022,"community, social and personal services","clerical, sales and services workers",4600
2022,"community, social and personal services","production and transport operators, cleaners and labourers",1100
2022,"community, social and personal services","professionals, managers and executives",10600
2022,"community, social and personal services","non-professionals, managers and executives",11700
2022,public administration and education,"professionals, managers, executives and technicians",9300
2022,public administration and education,"clerical, sales and services workers",800
2022,public administration and education,"production and transport operators, cleaners and labourers",100
2022,public administration and education,"professionals, managers and executives",7000
2022,public administration and education,"non-professionals, managers and executives",3200
2022,health and social services,"professionals, managers, executives and technicians",5800
2022,health and social services,"clerical, sales and services workers",1700
2022,health and social services,"production and transport operators, cleaners and labourers",300
2022,health and social services,"professionals, managers and executives",2700
2022,health and social services,"non-professionals, managers and executives",5100
2022,"arts, entertainment and recreation","professionals, managers, executives and technicians",700
2022,"arts, entertainment and recreation","clerical, sales and services workers",1200
2022,"arts, entertainment and recreation","production and transport operators, cleaners and labourers",400
2022,"arts, entertainment and recreation","professionals, managers and executives",400
2022,"arts, entertainment and recreation","non-professionals, managers and executives",1800
2022,"other community, social and personal services","professionals, managers, executives and technicians",900
2022,"other community, social and personal services","clerical, sales and services workers",900
2022,"other community, social and personal services","production and transport operators, cleaners and labourers",300
2022,"other community, social and personal services","professionals, managers and executives",400
2022,"other community, social and personal services","non-professionals, managers and executives",1600
2022,others,"professionals, managers, executives and technicians",400
2022,others,"clerical, sales and services workers",-
2022,others,"production and transport operators, cleaners and labourers",200
2022,others,"professionals, managers and executives",300
2022,others,"non-professionals, managers and executives",400
2023,manufacturing,"professionals, managers, executives and technicians",4100
2023,manufacturing,"clerical, sales and services workers",1100
2023,manufacturing,"production and transport operators, cleaners and labourers",3100
2023,manufacturing,"professionals, managers and executives",1900
2023,manufacturing,"non-professionals, managers and executives",6400
2023,"food, beverages and tobacco","professionals, managers, executives and technicians",300
2023,"food, beverages and tobacco","clerical, sales and services workers",400
2023,"food, beverages and tobacco","production and transport operators, cleaners and labourers",600
2023,"food, beverages and tobacco","professionals, managers and executives",100
2023,"food, beverages and tobacco","non-professionals, managers and executives",1200
2023,"paper,rubber,plastic products and printing","professionals, managers, executives and technicians",200
2023,"paper,rubber,plastic products and printing","clerical, sales and services workers",-
2023,"paper,rubber,plastic products and printing","production and transport operators, cleaners and labourers",200
2023,"paper,rubber,plastic products and printing","professionals, managers and executives",100
2023,"paper,rubber,plastic products and printing","non-professionals, managers and executives",300
2023,"petroleum, chemical and pharmaceutical products","professionals, managers, executives and technicians",700
2023,"petroleum, chemical and pharmaceutical products","clerical, sales and services workers",100
2023,"petroleum, chemical and pharmaceutical products","production and transport operators, cleaners and labourers",200
2023,"petroleum, chemical and pharmaceutical products","professionals, managers and executives",300
2023,"petroleum, chemical and pharmaceutical products","non-professionals, managers and executives",700
2023,"fabricated metal products, machinery and equipment","professionals, managers, executives and technicians",900
2023,"fabricated metal products, machinery and equipment","clerical, sales and services workers",200
2023,"fabricated metal products, machinery and equipment","production and transport operators, cleaners and labourers",700
2023,"fabricated metal products, machinery and equipment","professionals, managers and executives",400
2023,"fabricated metal products, machinery and equipment","non-professionals, managers and executives",1400
2023,"electronic, computer and optical products","professionals, managers, executives and technicians",700
2023,"electronic, computer and optical products","clerical, sales and services workers",-
2023,"electronic, computer and optical products","production and transport operators, cleaners and labourers",300
2023,"electronic, computer and optical products","professionals, managers and executives",500
2023,"electronic, computer and optical products","non-professionals, managers and executives",600
2023,transport equipment,"professionals, managers, executives and technicians",800
2023,transport equipment,"clerical, sales and services workers",200
2023,transport equipment,"production and transport operators, cleaners and labourers",800
2023,transport equipment,"professionals, managers and executives",400
2023,transport equipment,"non-professionals, managers and executives",1500
2023,other manufacturing industries,"professionals, managers, executives and technicians",400
2023,other manufacturing industries,"clerical, sales and services workers",100
2023,other manufacturing industries,"production and transport operators, cleaners and labourers",400
2023,other manufacturing industries,"professionals, managers and executives",200
2023,other manufacturing industries,"non-professionals, managers and executives",800
2023,construction,"professionals, managers, executives and technicians",2200
2023,construction,"clerical, sales and services workers",500
2023,construction,"production and transport operators, cleaners and labourers",4100
2023,construction,"professionals, managers and executives",900
2023,construction,"non-professionals, managers and executives",5900
2023,services,"professionals, managers, executives and technicians",41600
2023,services,"clerical, sales and services workers",18400
2023,services,"production and transport operators, cleaners and labourers",10000
2023,services,"professionals, managers and executives",24900
2023,services,"non-professionals, managers and executives",45200
2023,wholesale and retail trade,"professionals, managers, executives and technicians",3500
2023,wholesale and retail trade,"clerical, sales and services workers",3200
2023,wholesale and retail trade,"production and transport operators, cleaners and labourers",1100
2023,wholesale and retail trade,"professionals, managers and executives",1600
2023,wholesale and retail trade,"non-professionals, managers and executives",6200
2023,wholesale trade,"professionals, managers, executives and technicians",2700
2023,wholesale trade,"clerical, sales and services workers",1200
2023,wholesale trade,"production and transport operators, cleaners and labourers",700
2023,wholesale trade,"professionals, managers and executives",1300
2023,wholesale trade,"non-professionals, managers and executives",3300
2023,retail trade,"professionals, managers, executives and technicians",800
2023,retail trade,"clerical, sales and services workers",2000
2023,retail trade,"production and transport operators, cleaners and labourers",400
2023,retail trade,"professionals, managers and executives",300
2023,retail trade,"non-professionals, managers and executives",2800
2023,transportation and storage,"professionals, managers, executives and technicians",1400
2023,transportation and storage,"clerical, sales and services workers",1700
2023,transportation and storage,"production and transport operators, cleaners and labourers",2500
2023,transportation and storage,"professionals, managers and executives",600
2023,transportation and storage,"non-professionals, managers and executives",5000
2023,land transport and supporting services,"professionals, managers, executives and technicians",200
2023,land transport and supporting services,"clerical, sales and services workers",200
2023,land transport and supporting services,"production and transport operators, cleaners and labourers",900
2023,land transport and supporting services,"professionals, managers and executives",-
2023,land transport and supporting services,"non-professionals, managers and executives",1200
2023,water transport and supporting services,"professionals, managers, executives and technicians",500
2023,water transport and supporting services,"clerical, sales and services workers",200
2023,water transport and supporting services,"production and transport operators, cleaners and labourers",200
2023,water transport and supporting services,"professionals, managers and executives",300
2023,water transport and supporting services,"non-professionals, managers and executives",600
2023,air transport and supporting services,"professionals, managers, executives and technicians",300
2023,air transport and supporting services,"clerical, sales and services workers",1000
2023,air transport and supporting services,"production and transport operators, cleaners and labourers",100
2023,air transport and supporting services,"professionals, managers and executives",100
2023,air transport and supporting services,"non-professionals, managers and executives",1300
2023,other transport and storage services,"professionals, managers, executives and technicians",400
2023,other transport and storage services,"clerical, sales and services workers",300
2023,other transport and storage services,"production and transport operators, cleaners and labourers",1300
2023,other transport and storage services,"professionals, managers and executives",200
2023,other transport and storage services,"non-professionals, managers and executives",1900
2023,accommodation and food services,"professionals, managers, executives and technicians",1800
2023,accommodation and food services,"clerical, sales and services workers",5000
2023,accommodation and food services,"production and transport operators, cleaners and labourers",1300
2023,accommodation and food services,"professionals, managers and executives",800
2023,accommodation and food services,"non-professionals, managers and executives",7300
2023,accommodation,"professionals, managers, executives and technicians",500
2023,accommodation,"clerical, sales and services workers",900
2023,accommodation,"production and transport operators, cleaners and labourers",400
2023,accommodation,"professionals, managers and executives",200
2023,accommodation,"non-professionals, managers and executives",1600
2023,food and beverage services,"professionals, managers, executives and technicians",1300
2023,food and beverage services,"clerical, sales and services workers",4100
2023,food and beverage services,"production and transport operators, cleaners and labourers",1000
2023,food and beverage services,"professionals, managers and executives",600
2023,food and beverage services,"non-professionals, managers and executives",5700
2023,information and communications,"professionals, managers, executives and technicians",6600
2023,information and communications,"clerical, sales and services workers",300
2023,information and communications,"production and transport operators, cleaners and labourers",200
2023,information and communications,"professionals, managers and executives",4100
2023,information and communications,"non-professionals, managers and executives",2900
2023,"telecommunications, broadcasting and publishing","professionals, managers, executives and technicians",900
2023,"telecommunications, broadcasting and publishing","clerical, sales and services workers",100
2023,"telecommunications, broadcasting and publishing","production and transport operators, cleaners and labourers",-
2023,"telecommunications, broadcasting and publishing","professionals, managers and executives",500
2023,"telecommunications, broadcasting and publishing","non-professionals, managers and executives",500
2023,it and other information services,"professionals, managers, executives and technicians",5700
2023,it and other information services,"clerical, sales and services workers",200
2023,it and other information services,"production and transport operators, cleaners and labourers",200
2023,it and other information services,"professionals, managers and executives",3700
2023,it and other information services,"non-professionals, managers and executives",2400
2023,financial and insurance services,"professionals, managers, executives and technicians",5700
2023,financial and insurance services,"clerical, sales and services workers",500
2023,financial and insurance services,"production and transport operators, cleaners and labourers",100
2023,financial and insurance services,"professionals, managers and executives",4100
2023,financial and insurance services,"non-professionals, managers and executives",2200
2023,financial services,"professionals, managers, executives and technicians",5200
2023,financial services,"clerical, sales and services workers",400
2023,financial services,"production and transport operators, cleaners and labourers",100
2023,financial services,"professionals, managers and executives",3800
2023,financial services,"non-professionals, managers and executives",1900
2023,insurance services,"professionals, managers, executives and technicians",500
2023,insurance services,"clerical, sales and services workers",100
2023,insurance services,"production and transport operators, cleaners and labourers",-
2023,insurance services,"professionals, managers and executives",300
2023,insurance services,"non-professionals, managers and executives",300
2023,real estate services,"professionals, managers, executives and technicians",1000
2023,real estate services,"clerical, sales and services workers",500
2023,real estate services,"production and transport operators, cleaners and labourers",400
2023,real estate services,"professionals, managers and executives",600
2023,real estate services,"non-professionals, managers and executives",1300
2023,professional services,"professionals, managers, executives and technicians",5400
2023,professional services,"clerical, sales and services workers",800
2023,professional services,"production and transport operators, cleaners and labourers",500
2023,professional services,"professionals, managers and executives",3000
2023,professional services,"non-professionals, managers and executives",3700
2023,"legal, accounting and management services","professionals, managers, executives and technicians",3000
2023,"legal, accounting and management services","clerical, sales and services workers",600
2023,"legal, accounting and management services","production and transport operators, cleaners and labourers",100
2023,"legal, accounting and management services","professionals, managers and executives",1800
2023,"legal, accounting and management services","non-professionals, managers and executives",2000
2023,architectural and engineering services,"professionals, managers, executives and technicians",1400
2023,architectural and engineering services,"clerical, sales and services workers",100
2023,architectural and engineering services,"production and transport operators, cleaners and labourers",300
2023,architectural and engineering services,"professionals, managers and executives",600
2023,architectural and engineering services,"non-professionals, managers and executives",1200
2023,other professional services,"professionals, managers, executives and technicians",1000
2023,other professional services,"clerical, sales and services workers",100
2023,other professional services,"production and transport operators, cleaners and labourers",-
2023,other professional services,"professionals, managers and executives",600
2023,other professional services,"non-professionals, managers and executives",500
2023,administrative and support services,"professionals, managers, executives and technicians",1400
2023,administrative and support services,"clerical, sales and services workers",2100
2023,administrative and support services,"production and transport operators, cleaners and labourers",3100
2023,administrative and support services,"professionals, managers and executives",700
2023,administrative and support services,"non-professionals, managers and executives",5900
2023,security and investigation,"professionals, managers, executives and technicians",100
2023,security and investigation,"clerical, sales and services workers",1300
2023,security and investigation,"production and transport operators, cleaners and labourers",300
2023,security and investigation,"professionals, managers and executives",-
2023,security and investigation,"non-professionals, managers and executives",1600
2023,cleaning and landscaping,"professionals, managers, executives and technicians",100
2023,cleaning and landscaping,"clerical, sales and services workers",200
2023,cleaning and landscaping,"production and transport operators, cleaners and labourers",2300
2023,cleaning and landscaping,"professionals, managers and executives",-
2023,cleaning and landscaping,"non-professionals, managers and executives",2600
2023,other administrative and support services,"professionals, managers, executives and technicians",1100
2023,other administrative and support services,"clerical, sales and services workers",600
2023,other administrative and support services,"production and transport operators, cleaners and labourers",500
2023,other administrative and support services,"professionals, managers and executives",600
2023,other administrative and support services,"non-professionals, managers and executives",1700
2023,"community, social and personal services","professionals, managers, executives and technicians",15000
2023,"community, social and personal services","clerical, sales and services workers",4400
2023,"community, social and personal services","production and transport operators, cleaners and labourers",900
2023,"community, social and personal services","professionals, managers and executives",9500
2023,"community, social and personal services","non-professionals, managers and executives",10700
2023,public administration and education,"professionals, managers, executives and technicians",8400
2023,public administration and education,"clerical, sales and services workers",1000
2023,public administration and education,"production and transport operators, cleaners and labourers",100
2023,public administration and education,"professionals, managers and executives",6100
2023,public administration and education,"non-professionals, managers and executives",3400
2023,health and social services,"professionals, managers, executives and technicians",5100
2023,health and social services,"clerical, sales and services workers",1700
2023,health and social services,"production and transport operators, cleaners and labourers",300
2023,health and social services,"professionals, managers and executives",2500
2023,health and social services,"non-professionals, managers and executives",4600
2023,"arts, entertainment and recreation","professionals, managers, executives and technicians",600
2023,"arts, entertainment and recreation","clerical, sales and services workers",800
2023,"arts, entertainment and recreation","production and transport operators, cleaners and labourers",100
2023,"arts, entertainment and recreation","professionals, managers and executives",400
2023,"arts, entertainment and recreation","non-professionals, managers and executives",1200
2023,"other community, social and personal services","professionals, managers, executives and technicians",900
2023,"other community, social and personal services","clerical, sales and services workers",800
2023,"other community, social and personal services","production and transport operators, cleaners and labourers",300
2023,"other community, social and personal services","professionals, managers and executives",400
2023,"other community, social and personal services","non-professionals, managers and executives",1600
2023,others,"professionals, managers, executives and technicians",400
2023,others,"clerical, sales and services workers",-
2023,others,"production and transport operators, cleaners and labourers",200
2023,others,"professionals, managers and executives",200
2023,others,"non-professionals, managers and executives",500
2024,manufacturing,"professionals, managers, executives and technicians",4000
2024,manufacturing,"clerical, sales and services workers",1300
2024,manufacturing,"production and transport operators, cleaners and labourers",2800
2024,manufacturing,"professionals, managers and executives",2000
2024,manufacturing,"non-professionals, managers and executives",6100
2024,"food, beverages and tobacco","professionals, managers, executives and technicians",200
2024,"food, beverages and tobacco","clerical, sales and services workers",500
2024,"food, beverages and tobacco","production and transport operators, cleaners and labourers",600
2024,"food, beverages and tobacco","professionals, managers and executives",100
2024,"food, beverages and tobacco","non-professionals, managers and executives",1300
2024,"paper,rubber,plastic products and printing","professionals, managers, executives and technicians",200
2024,"paper,rubber,plastic products and printing","clerical, sales and services workers",-
2024,"paper,rubber,plastic products and printing","production and transport operators, cleaners and labourers",100
2024,"paper,rubber,plastic products and printing","professionals, managers and executives",100
2024,"paper,rubber,plastic products and printing","non-professionals, managers and executives",300
2024,"petroleum, chemical and pharmaceutical products","professionals, managers, executives and technicians",700
2024,"petroleum, chemical and pharmaceutical products","clerical, sales and services workers",200
2024,"petroleum, chemical and pharmaceutical products","production and transport operators, cleaners and labourers",200
2024,"petroleum, chemical and pharmaceutical products","professionals, managers and executives",300
2024,"petroleum, chemical and pharmaceutical products","non-professionals, managers and executives",800
2024,"fabricated metal products, machinery and equipment","professionals, managers, executives and technicians",700
2024,"fabricated metal products, machinery and equipment","clerical, sales and services workers",200
2024,"fabricated metal products, machinery and equipment","production and transport operators, cleaners and labourers",600
2024,"fabricated metal products, machinery and equipment","professionals, managers and executives",300
2024,"fabricated metal products, machinery and equipment","non-professionals, managers and executives",1300
2024,"electronic, computer and optical products","professionals, managers, executives and technicians",1200
2024,"electronic, computer and optical products","clerical, sales and services workers",-
2024,"electronic, computer and optical products","production and transport operators, cleaners and labourers",200
2024,"electronic, computer and optical products","professionals, managers and executives",900
2024,"electronic, computer and optical products","non-professionals, managers and executives",600
2024,transport equipment,"professionals, managers, executives and technicians",600
2024,transport equipment,"clerical, sales and services workers",200
2024,transport equipment,"production and transport operators, cleaners and labourers",700
2024,transport equipment,"professionals, managers and executives",200
2024,transport equipment,"non-professionals, managers and executives",1300
2024,other manufacturing industries,"professionals, managers, executives and technicians",300
2024,other manufacturing industries,"clerical, sales and services workers",100
2024,other manufacturing industries,"production and transport operators, cleaners and labourers",300
2024,other manufacturing industries,"professionals, managers and executives",200
2024,other manufacturing industries,"non-professionals, managers and executives",500
2024,construction,"professionals, managers, executives and technicians",2200
2024,construction,"clerical, sales and services workers",500
2024,construction,"production and transport operators, cleaners and labourers",4600
2024,construction,"professionals, managers and executives",1000
2024,construction,"non-professionals, managers and executives",6400
2024,services,"professionals, managers, executives and technicians",35400
2024,services,"clerical, sales and services workers",15600
2024,services,"production and transport operators, cleaners and labourers",8500
2024,services,"professionals, managers and executives",20800
2024,services,"non-professionals, managers and executives",38700
2024,wholesale and retail trade,"professionals, managers, executives and technicians",2800
2024,wholesale and retail trade,"clerical, sales and services workers",3100
2024,wholesale and retail trade,"production and transport operators, cleaners and labourers",700
2024,wholesale and retail trade,"professionals, managers and executives",1400
2024,wholesale and retail trade,"non-professionals, managers and executives",5300
2024,wholesale trade,"professionals, managers, executives and technicians",2200
2024,wholesale trade,"clerical, sales and services workers",1200
2024,wholesale trade,"production and transport operators, cleaners and labourers",500
2024,wholesale trade,"professionals, managers and executives",1100
2024,wholesale trade,"non-professionals, managers and executives",2800
2024,retail trade,"professionals, managers, executives and technicians",600
2024,retail trade,"clerical, sales and services workers",1900
2024,retail trade,"production and transport operators, cleaners and labourers",300
2024,retail trade,"professionals, managers and executives",300
2024,retail trade,"non-professionals, managers and executives",2500
2024,transportation and storage,"professionals, managers, executives and technicians",1300
2024,transportation and storage,"clerical, sales and services workers",1300
2024,transportation and storage,"production and transport operators, cleaners and labourers",2200
2024,transportation and storage,"professionals, managers and executives",600
2024,transportation and storage,"non-professionals, managers and executives",4200
2024,land transport and supporting services,"professionals, managers, executives and technicians",200
2024,land transport and supporting services,"clerical, sales and services workers",100
2024,land transport and supporting services,"production and transport operators, cleaners and labourers",700
2024,land transport and supporting services,"professionals, managers and executives",100
2024,land transport and supporting services,"non-professionals, managers and executives",900
2024,water transport and supporting services,"professionals, managers, executives and technicians",500
2024,water transport and supporting services,"clerical, sales and services workers",100
2024,water transport and supporting services,"production and transport operators, cleaners and labourers",300
2024,water transport and supporting services,"professionals, managers and executives",300
2024,water transport and supporting services,"non-professionals, managers and executives",600
2024,air transport and supporting services,"professionals, managers, executives and technicians",300
2024,air transport and supporting services,"clerical, sales and services workers",800
2024,air transport and supporting services,"production and transport operators, cleaners and labourers",100
2024,air transport and supporting services,"professionals, managers and executives",200
2024,air transport and supporting services,"non-professionals, managers and executives",1100
2024,other transport and storage services,"professionals, managers, executives and technicians",300
2024,other transport and storage services,"clerical, sales and services workers",300
2024,other transport and storage services,"production and transport operators, cleaners and labourers",1100
2024,other transport and storage services,"professionals, managers and executives",100
2024,other transport and storage services,"non-professionals, managers and executives",1600
2024,accommodation and food services,"professionals, managers, executives and technicians",1400
2024,accommodation and food services,"clerical, sales and services workers",4000
2024,accommodation and food services,"production and transport operators, cleaners and labourers",1100
2024,accommodation and food services,"professionals, managers and executives",600
2024,accommodation and food services,"non-professionals, managers and executives",5900
2024,accommodation,"professionals, managers, executives and technicians",500
2024,accommodation,"clerical, sales and services workers",900
2024,accommodation,"production and transport operators, cleaners and labourers",300
2024,accommodation,"professionals, managers and executives",200
2024,accommodation,"non-professionals, managers and executives",1500
2024,food and beverage services,"professionals, managers, executives and technicians",900
2024,food and beverage services,"clerical, sales and services workers",3100
2024,food and beverage services,"production and transport operators, cleaners and labourers",800
2024,food and beverage services,"professionals, managers and executives",400
2024,food and beverage services,"non-professionals, managers and executives",4400
2024,information and communications,"professionals, managers, executives and technicians",5900
2024,information and communications,"clerical, sales and services workers",200
2024,information and communications,"production and transport operators, cleaners and labourers",100
2024,information and communications,"professionals, managers and executives",3800
2024,information and communications,"non-professionals, managers and executives",2400
2024,"telecommunications, broadcasting and publishing","professionals, managers, executives and technicians",700
2024,"telecommunications, broadcasting and publishing","clerical, sales and services workers",100
2024,"telecommunications, broadcasting and publishing","production and transport operators, cleaners and labourers",-
2024,"telecommunications, broadcasting and publishing","professionals, managers and executives",400
2024,"telecommunications, broadcasting and publishing","non-professionals, managers and executives",400
2024,it and other information services,"professionals, managers, executives and technicians",5300
2024,it and other information services,"clerical, sales and services workers",200
2024,it and other information services,"production and transport operators, cleaners and labourers",100
2024,it and other information services,"professionals, managers and executives",3500
2024,it and other information services,"non-professionals, managers and executives",2000
2024,financial and insurance services,"professionals, managers, executives and technicians",4700
2024,financial and insurance services,"clerical, sales and services workers",400
2024,financial and insurance services,"production and transport operators, cleaners and labourers",100
2024,financial and insurance services,"professionals, managers and executives",3200
2024,financial and insurance services,"non-professionals, managers and executives",2000
2024,financial services,"professionals, managers, executives and technicians",4000
2024,financial services,"clerical, sales and services workers",300
2024,financial services,"production and transport operators, cleaners and labourers",100
2024,financial services,"professionals, managers and executives",2800
2024,financial services,"non-professionals, managers and executives",1600
2024,insurance services,"professionals, managers, executives and technicians",700
2024,insurance services,"clerical, sales and services workers",100
2024,insurance services,"production and transport operators, cleaners and labourers",-
2024,insurance services,"professionals, managers and executives",400
2024,insurance services,"non-professionals, managers and executives",400
2024,real estate services,"professionals, managers, executives and technicians",700
2024,real estate services,"clerical, sales and services workers",700
2024,real estate services,"production and transport operators, cleaners and labourers",400
2024,real estate services,"professionals, managers and executives",400
2024,real estate services,"non-professionals, managers and executives",1400
2024,professional services,"professionals, managers, executives and technicians",4800
2024,professional services,"clerical, sales and services workers",600
2024,professional services,"production and transport operators, cleaners and labourers",600
2024,professional services,"professionals, managers and executives",2700
2024,professional services,"non-professionals, managers and executives",3300
2024,"legal, accounting and management services","professionals, managers, executives and technicians",2900
2024,"legal, accounting and management services","clerical, sales and services workers",400
2024,"legal, accounting and management services","production and transport operators, cleaners and labourers",200
2024,"legal, accounting and management services","professionals, managers and executives",1600
2024,"legal, accounting and management services","non-professionals, managers and executives",1900
2024,architectural and engineering services,"professionals, managers, executives and technicians",1000
2024,architectural and engineering services,"clerical, sales and services workers",100
2024,architectural and engineering services,"production and transport operators, cleaners and labourers",400
2024,architectural and engineering services,"professionals, managers and executives",500
2024,architectural and engineering services,"non-professionals, managers and executives",1000
2024,other professional services,"professionals, managers, executives and technicians",900
2024,other professional services,"clerical, sales and services workers",-
2024,other professional services,"production and transport operators, cleaners and labourers",100
2024,other professional services,"professionals, managers and executives",600
2024,other professional services,"non-professionals, managers and executives",400
2024,administrative and support services,"professionals, managers, executives and technicians",1000
2024,administrative and support services,"clerical, sales and services workers",1700
2024,administrative and support services,"production and transport operators, cleaners and labourers",2500
2024,administrative and support services,"professionals, managers and executives",400
2024,administrative and support services,"non-professionals, managers and executives",4800
2024,security and investigation,"professionals, managers, executives and technicians",100
2024,security and investigation,"clerical, sales and services workers",1200
2024,security and investigation,"production and transport operators, cleaners and labourers",200
2024,security and investigation,"professionals, managers and executives",-
2024,security and investigation,"non-professionals, managers and executives",1400
2024,cleaning and landscaping,"professionals, managers, executives and technicians",100
2024,cleaning and landscaping,"clerical, sales and services workers",100
2024,cleaning and landscaping,"production and transport operators, cleaners and labourers",2100
2024,cleaning and landscaping,"professionals, managers and executives",-
2024,cleaning and landscaping,"non-professionals, managers and executives",2300
2024,other administrative and support services,"professionals, managers, executives and technicians",800
2024,other administrative and support services,"clerical, sales and services workers",400
2024,other administrative and support services,"production and transport operators, cleaners and labourers",300
2024,other administrative and support services,"professionals, managers and executives",300
2024,other administrative and support services,"non-professionals, managers and executives",1100
2024,"community, social and personal services","professionals, managers, executives and technicians",12800
2024,"community, social and personal services","clerical, sales and services workers",3700
2024,"community, social and personal services","production and transport operators, cleaners and labourers",800
2024,"community, social and personal services","professionals, managers and executives",7800
2024,"community, social and personal services","non-professionals, managers and executives",9500
2024,public administration and education,"professionals, managers, executives and technicians",7700
2024,public administration and education,"clerical, sales and services workers",1100
2024,public administration and education,"production and transport operators, cleaners and labourers",200
2024,public administration and education,"professionals, managers and executives",5500
2024,public administration and education,"non-professionals, managers and executives",3400
2024,health and social services,"professionals, managers, executives and technicians",4000
2024,health and social services,"clerical, sales and services workers",1400
2024,health and social services,"production and transport operators, cleaners and labourers",300
2024,health and social services,"professionals, managers and executives",1800
2024,health and social services,"non-professionals, managers and executives",3900
2024,"arts, entertainment and recreation","professionals, managers, executives and technicians",400
2024,"arts, entertainment and recreation","clerical, sales and services workers",400
2024,"arts, entertainment and recreation","production and transport operators, cleaners and labourers",100
2024,"arts, entertainment and recreation","professionals, managers and executives",200
2024,"arts, entertainment and recreation","non-professionals, managers and executives",600
2024,"other community, social and personal services","professionals, managers, executives and technicians",800
2024,"other community, social and personal services","clerical, sales and services workers",800
2024,"other community, social and personal services","production and transport operators, cleaners and labourers",300
2024,"other community, social and personal services","professionals, managers and executives",300
2024,"other community, social and personal services","non-professionals, managers and executives",1500
2024,others,"professionals, managers, executives and technicians",400
2024,others,"clerical, sales and services workers",-
2024,others,"production and transport operators, cleaners and labourers",200
2024,others,"professionals, managers and executives",200
2024,others,"non-professionals, managers and executives",400
2025,manufacturing,"professionals, managers, executives and technicians",3900
2025,manufacturing,"clerical, sales and services workers",1000
2025,manufacturing,"production and transport operators, cleaners and labourers",2600
2025,manufacturing,"professionals, managers and executives",2000
2025,manufacturing,"non-professionals, managers and executives",5500
2025,"food, beverages and tobacco","professionals, managers, executives and technicians",200
2025,"food, beverages and tobacco","clerical, sales and services workers",400
2025,"food, beverages and tobacco","production and transport operators, cleaners and labourers",700
2025,"food, beverages and tobacco","professionals, managers and executives",100
2025,"food, beverages and tobacco","non-professionals, managers and executives",1200
2025,"paper,rubber,plastic products and printing","professionals, managers, executives and technicians",100
2025,"paper,rubber,plastic products and printing","clerical, sales and services workers",-
2025,"paper,rubber,plastic products and printing","production and transport operators, cleaners and labourers",100
2025,"paper,rubber,plastic products and printing","professionals, managers and executives",100
2025,"paper,rubber,plastic products and printing","non-professionals, managers and executives",200
2025,"petroleum, chemical and pharmaceutical products","professionals, managers, executives and technicians",500
2025,"petroleum, chemical and pharmaceutical products","clerical, sales and services workers",-
2025,"petroleum, chemical and pharmaceutical products","production and transport operators, cleaners and labourers",200
2025,"petroleum, chemical and pharmaceutical products","professionals, managers and executives",200
2025,"petroleum, chemical and pharmaceutical products","non-professionals, managers and executives",500
2025,"fabricated metal products, machinery and equipment","professionals, managers, executives and technicians",900
2025,"fabricated metal products, machinery and equipment","clerical, sales and services workers",200
2025,"fabricated metal products, machinery and equipment","production and transport operators, cleaners and labourers",600
2025,"fabricated metal products, machinery and equipment","professionals, managers and executives",400
2025,"fabricated metal products, machinery and equipment","non-professionals, managers and executives",1300
2025,"electronic, computer and optical products","professionals, managers, executives and technicians",1300
2025,"electronic, computer and optical products","clerical, sales and services workers",100
2025,"electronic, computer and optical products","production and transport operators, cleaners and labourers",300
2025,"electronic, computer and optical products","professionals, managers and executives",900
2025,"electronic, computer and optical products","non-professionals, managers and executives",700
2025,transport equipment,"professionals, managers, executives and technicians",500
2025,transport equipment,"clerical, sales and services workers",100
2025,transport equipment,"production and transport operators, cleaners and labourers",500
2025,transport equipment,"professionals, managers and executives",200
2025,transport equipment,"non-professionals, managers and executives",900
2025,other manufacturing industries,"professionals, managers, executives and technicians",400
2025,other manufacturing industries,"clerical, sales and services workers",100
2025,other manufacturing industries,"production and transport operators, cleaners and labourers",400
2025,other manufacturing industries,"professionals, managers and executives",200
2025,other manufacturing industries,"non-professionals, managers and executives",700
2025,construction,"professionals, managers, executives and technicians",3200
2025,construction,"clerical, sales and services workers",700
2025,construction,"production and transport operators, cleaners and labourers",6400
2025,construction,"professionals, managers and executives",1300
2025,construction,"non-professionals, managers and executives",9000
2025,services,"professionals, managers, executives and technicians",34000
2025,services,"clerical, sales and services workers",14400
2025,services,"production and transport operators, cleaners and labourers",9100
2025,services,"professionals, managers and executives",20700
2025,services,"non-professionals, managers and executives",36900
2025,wholesale and retail trade,"professionals, managers, executives and technicians",2600
2025,wholesale and retail trade,"clerical, sales and services workers",2600
2025,wholesale and retail trade,"production and transport operators, cleaners and labourers",800
2025,wholesale and retail trade,"professionals, managers and executives",1200
2025,wholesale and retail trade,"non-professionals, managers and executives",4700
2025,wholesale trade,"professionals, managers, executives and technicians",2000
2025,wholesale trade,"clerical, sales and services workers",1100
2025,wholesale trade,"production and transport operators, cleaners and labourers",500
2025,wholesale trade,"professionals, managers and executives",1000
2025,wholesale trade,"non-professionals, managers and executives",2600
2025,retail trade,"professionals, managers, executives and technicians",600
2025,retail trade,"clerical, sales and services workers",1500
2025,retail trade,"production and transport operators, cleaners and labourers",200
2025,retail trade,"professionals, managers and executives",200
2025,retail trade,"non-professionals, managers and executives",2100
2025,transportation and storage,"professionals, managers, executives and technicians",1100
2025,transportation and storage,"clerical, sales and services workers",1400
2025,transportation and storage,"production and transport operators, cleaners and labourers",2300
2025,transportation and storage,"professionals, managers and executives",500
2025,transportation and storage,"non-professionals, managers and executives",4300
2025,land transport and supporting services,"professionals, managers, executives and technicians",100
2025,land transport and supporting services,"clerical, sales and services workers",100
2025,land transport and supporting services,"production and transport operators, cleaners and labourers",900
2025,land transport and supporting services,"professionals, managers and executives",-
2025,land transport and supporting services,"non-professionals, managers and executives",1100
2025,water transport and supporting services,"professionals, managers, executives and technicians",400
2025,water transport and supporting services,"clerical, sales and services workers",100
2025,water transport and supporting services,"production and transport operators, cleaners and labourers",200
2025,water transport and supporting services,"professionals, managers and executives",200
2025,water transport and supporting services,"non-professionals, managers and executives",500
2025,air transport and supporting services,"professionals, managers, executives and technicians",300
2025,air transport and supporting services,"clerical, sales and services workers",1000
2025,air transport and supporting services,"production and transport operators, cleaners and labourers",100
2025,air transport and supporting services,"professionals, managers and executives",200
2025,air transport and supporting services,"non-professionals, managers and executives",1200
2025,other transport and storage services,"professionals, managers, executives and technicians",300
2025,other transport and storage services,"clerical, sales and services workers",200
2025,other transport and storage services,"production and transport operators, cleaners and labourers",1100
2025,other transport and storage services,"professionals, managers and executives",100
2025,other transport and storage services,"non-professionals, managers and executives",1500
2025,accommodation and food services,"professionals, managers, executives and technicians",1200
2025,accommodation and food services,"clerical, sales and services workers",3600
2025,accommodation and food services,"production and transport operators, cleaners and labourers",1300
2025,accommodation and food services,"professionals, managers and executives",500
2025,accommodation and food services,"non-professionals, managers and executives",5600
2025,accommodation,"professionals, managers, executives and technicians",400
2025,accommodation,"clerical, sales and services workers",600
2025,accommodation,"production and transport operators, cleaners and labourers",400
2025,accommodation,"professionals, managers and executives",100
2025,accommodation,"non-professionals, managers and executives",1200
2025,food and beverage services,"professionals, managers, executives and technicians",800
2025,food and beverage services,"clerical, sales and services workers",2900
2025,food and beverage services,"production and transport operators, cleaners and labourers",900
2025,food and beverage services,"professionals, managers and executives",400
2025,food and beverage services,"non-professionals, managers and executives",4300
2025,information and communications,"professionals, managers, executives and technicians",5300
2025,information and communications,"clerical, sales and services workers",400
2025,information and communications,"production and transport operators, cleaners and labourers",100
2025,information and communications,"professionals, managers and executives",3300
2025,information and communications,"non-professionals, managers and executives",2600
2025,"telecommunications, broadcasting and publishing","professionals, managers, executives and technicians",600
2025,"telecommunications, broadcasting and publishing","clerical, sales and services workers",100
2025,"telecommunications, broadcasting and publishing","production and transport operators, cleaners and labourers",-
2025,"telecommunications, broadcasting and publishing","professionals, managers and executives",300
2025,"telecommunications, broadcasting and publishing","non-professionals, managers and executives",400
2025,it and other information services,"professionals, managers, executives and technicians",4800
2025,it and other information services,"clerical, sales and services workers",300
2025,it and other information services,"production and transport operators, cleaners and labourers",100
2025,it and other information services,"professionals, managers and executives",3000
2025,it and other information services,"non-professionals, managers and executives",2200
2025,financial and insurance services,"professionals, managers, executives and technicians",5200
2025,financial and insurance services,"clerical, sales and services workers",400
2025,financial and insurance services,"production and transport operators, cleaners and labourers",100
2025,financial and insurance services,"professionals, managers and executives",3500
2025,financial and insurance services,"non-professionals, managers and executives",2200
2025,financial services,"professionals, managers, executives and technicians",4700
2025,financial services,"clerical, sales and services workers",300
2025,financial services,"production and transport operators, cleaners and labourers",-
2025,financial services,"professionals, managers and executives",3200
2025,financial services,"non-professionals, managers and executives",1900
2025,insurance services,"professionals, managers, executives and technicians",500
2025,insurance services,"clerical, sales and services workers",100
2025,insurance services,"production and transport operators, cleaners and labourers",-
2025,insurance services,"professionals, managers and executives",300
2025,insurance services,"non-professionals, managers and executives",300
2025,real estate services,"professionals, managers, executives and technicians",600
2025,real estate services,"clerical, sales and services workers",600
2025,real estate services,"production and transport operators, cleaners and labourers",300
2025,real estate services,"professionals, managers and executives",400
2025,real estate services,"non-professionals, managers and executives",1200
2025,professional services,"professionals, managers, executives and technicians",4800
2025,professional services,"clerical, sales and services workers",600
2025,professional services,"production and transport operators, cleaners and labourers",700
2025,professional services,"professionals, managers and executives",2900
2025,professional services,"non-professionals, managers and executives",3200
2025,"legal, accounting and management services","professionals, managers, executives and technicians",2900
2025,"legal, accounting and management services","clerical, sales and services workers",400
2025,"legal, accounting and management services","production and transport operators, cleaners and labourers",300
2025,"legal, accounting and management services","professionals, managers and executives",1800
2025,"legal, accounting and management services","non-professionals, managers and executives",1800
2025,architectural and engineering services,"professionals, managers, executives and technicians",1100
2025,architectural and engineering services,"clerical, sales and services workers",100
2025,architectural and engineering services,"production and transport operators, cleaners and labourers",400
2025,architectural and engineering services,"professionals, managers and executives",600
2025,architectural and engineering services,"non-professionals, managers and executives",1000
2025,other professional services,"professionals, managers, executives and technicians",800
2025,other professional services,"clerical, sales and services workers",100
2025,other professional services,"production and transport operators, cleaners and labourers",-
2025,other professional services,"professionals, managers and executives",600
2025,other professional services,"non-professionals, managers and executives",400
2025,administrative and support services,"professionals, managers, executives and technicians",900
2025,administrative and support services,"clerical, sales and services workers",1300
2025,administrative and support services,"production and transport operators, cleaners and labourers",2700
2025,administrative and support services,"professionals, managers and executives",300
2025,administrative and support services,"non-professionals, managers and executives",4600
2025,security and investigation,"professionals, managers, executives and technicians",-
2025,security and investigation,"clerical, sales and services workers",900
2025,security and investigation,"production and transport operators, cleaners and labourers",200
2025,security and investigation,"professionals, managers and executives",-
2025,security and investigation,"non-professionals, managers and executives",1100
2025,cleaning and landscaping,"professionals, managers, executives and technicians",200
2025,cleaning and landscaping,"clerical, sales and services workers",100
2025,cleaning and landscaping,"production and transport operators, cleaners and labourers",2200
2025,cleaning and landscaping,"professionals, managers and executives",-
2025,cleaning and landscaping,"non-professionals, managers and executives",2500
2025,other administrative and support services,"professionals, managers, executives and technicians",700
2025,other administrative and support services,"clerical, sales and services workers",300
2025,other administrative and support services,"production and transport operators, cleaners and labourers",300
2025,other administrative and support services,"professionals, managers and executives",300
2025,other administrative and support services,"non-professionals, managers and executives",1000
2025,"community, social and personal services","professionals, managers, executives and technicians",12300
2025,"community, social and personal services","clerical, sales and services workers",3500
2025,"community, social and personal services","production and transport operators, cleaners and labourers",800
2025,"community, social and personal services","professionals, managers and executives",8100
2025,"community, social and personal services","non-professionals, managers and executives",8500
2025,public administration and education,"professionals, managers, executives and technicians",7700
2025,public administration and education,"clerical, sales and services workers",800
2025,public administration and education,"production and transport operators, cleaners and labourers",200
2025,public administration and education,"professionals, managers and executives",5900
2025,public administration and education,"non-professionals, managers and executives",2800
2025,health and social services,"professionals, managers, executives and technicians",3500
2025,health and social services,"clerical, sales and services workers",1300
2025,health and social services,"production and transport operators, cleaners and labourers",300
2025,health and social services,"professionals, managers and executives",1700
2025,health and social services,"non-professionals, managers and executives",3400
2025,"arts, entertainment and recreation","professionals, managers, executives and technicians",300
2025,"arts, entertainment and recreation","clerical, sales and services workers",300
2025,"arts, entertainment and recreation","production and transport operators, cleaners and labourers",100
2025,"arts, entertainment and recreation","professionals, managers and executives",200
2025,"arts, entertainment and recreation","non-professionals, managers and executives",600
2025,"other community, social and personal services","professionals, managers, executives and technicians",700
2025,"other community, social and personal services","clerical, sales and services workers",1000
2025,"other community, social and personal services","production and transport operators, cleaners and labourers",200
2025,"other community, social and personal services","professionals, managers and executives",300
2025,"other community, social and personal services","non-professionals, managers and executives",1700
2025,others,"professionals, managers, executives and technicians",400
2025,others,"clerical, sales and services workers",-
2025,others,"production and transport operators, cleaners and labourers",100
2025,others,"professionals, managers and executives",300
2025,others,"non-professionals, managers and executives",300
