From_PostalCode,To_PostalCode,From,To,TimeTaken_Mins,DistanceTravelled_KM
238826,534768,DHOBY GHAUT MRT STATION (NS24 / NE6 / CC1),ANDERSON SERANGOON JUNIOR COLLEGE,18.82,9.51
189561,534768,BRAS BASAH MRT STATION (CC2),ANDERSON SERANGOON JUNIOR COLLEGE,19.38,9.71
189562,534768,ESPLANADE MRT STATION (CC3),ANDERSON SERANGOON JUNIOR COLLEGE,20.57,10.3
039193,534768,PROMENADE MRT STATION (DT15 / CC4),ANDERSON SERANGOON JUNIOR COLLEGE,20.92,10.38
038970,534768,NICOLL HIGHWAY MRT STATION (CC5),ANDERSON SERANGOON JUNIOR COLLEGE,21.37,12.29
397692,534768,STADIUM MRT STATION (CC6),ANDERSON SERANGOON JUNIOR COLLEGE,20.07,10.36
398006,534768,MOUNTBATTEN MRT STATION (CC7),ANDERSON SERANGOON JUNIOR COLLEGE,19.85,10.64
397973,534768,DAKOTA MRT STATION (CC8),ANDERSON SERANGOON JUNIOR COLLEGE,17.33,8.44
409006,534768,PAYA LEBAR MRT STATION (EW8 / CC9),ANDERSON SERANGOON JUNIOR COLLEGE,14.42,6.84
409048,534768,MACPHERSON MRT STATION (DT26 / CC10),ANDERSON SERANGOON JUNIOR COLLEGE,11.9,5.68
534803,534768,TAI SENG MRT STATION (CC11),ANDERSON SERANGOON JUNIOR COLLEGE,10.1,4.73
539788,534768,BARTLEY MRT STATION (CC12),ANDERSON SERANGOON JUNIOR COLLEGE,9.52,4.38
534801,534768,SERANGOON MRT STATION (NE12 / CC13),ANDERSON SERANGOON JUNIOR COLLEGE,6.07,2.74
554533,534768,LORONG CHUAN MRT STATION (CC14),ANDERSON SERANGOON JUNIOR COLLEGE,9.67,4.35
579827,534768,BISHAN MRT STATION (NS17 / CC15),ANDERSON SERANGOON JUNIOR COLLEGE,13.62,6.57
573993,534768,MARYMOUNT MRT STATION (CC16),ANDERSON SERANGOON JUNIOR COLLEGE,16.32,7.9
298113,534768,CALDECOTT MRT STATION (CC17 / TE9),ANDERSON SERANGOON JUNIOR COLLEGE,17.63,7.83
257494,534768,BOTANIC GARDENS MRT STATION (CC19 / DT9),ANDERSON SERANGOON JUNIOR COLLEGE,21.97,12.43
268857,534768,FARRER ROAD MRT STATION (CC20),ANDERSON SERANGOON JUNIOR COLLEGE,23.15,13.09
278995,534768,HOLLAND VILLAGE MRT STATION (CC21),ANDERSON SERANGOON JUNIOR COLLEGE,28.48,15.51
139345,534768,BUONA VISTA MRT STATION (CC22 / EW21),ANDERSON SERANGOON JUNIOR COLLEGE,29.18,16.21
138647,534768,ONE-NORTH MRT STATION (CC23),ANDERSON SERANGOON JUNIOR COLLEGE,30.23,20.42
118177,534768,KENT RIDGE MRT STATION (CC24),ANDERSON SERANGOON JUNIOR COLLEGE,28.72,19.74
117396,534768,HAW PAR VILLA MRT STATION (CC25),ANDERSON SERANGOON JUNIOR COLLEGE,33.8,20.25
117424,534768,PASIR PANJANG MRT STATION (CC26),ANDERSON SERANGOON JUNIOR COLLEGE,33.27,19.38
109029,534768,LABRADOR PARK MRT STATION (CC27),ANDERSON SERANGOON JUNIOR COLLEGE,29.5,17.91
109028,534768,TELOK BLANGAH MRT STATION (CC28),ANDERSON SERANGOON JUNIOR COLLEGE,30.87,18.64
098867,534768,HARBOURFRONT MRT STATION (CC29 / NE1),ANDERSON SERANGOON JUNIOR COLLEGE,28.62,19.26
099423,534768,KEPPEL MRT STATION (CC30),ANDERSON SERANGOON JUNIOR COLLEGE,27.08,18.49
089395,534768,CANTONMENT MRT STATION (CC31),ANDERSON SERANGOON JUNIOR COLLEGE,24.62,14.77
079122,534768,PRINCE EDWARD ROAD MRT STATION (CC32),ANDERSON SERANGOON JUNIOR COLLEGE,23.05,15.73
018957,534768,BAYFRONT MRT STATION (DT16 / CE1),ANDERSON SERANGOON JUNIOR COLLEGE,21.65,13.04
018925,534768,MARINA BAY MRT STATION (NS27 / TE20 / CE2),ANDERSON SERANGOON JUNIOR COLLEGE,23.17,13.83
467356,534768,TANAH MERAH MRT STATION (EW4 / CG),ANDERSON SERANGOON JUNIOR COLLEGE,22.78,12.16
486065,534768,EXPO MRT STATION (CG1 / DT35),ANDERSON SERANGOON JUNIOR COLLEGE,24.38,13.16
819661,534768,CHANGI AIRPORT MRT STATION (CG2),ANDERSON SERANGOON JUNIOR COLLEGE,27.03,17.73
678213,534768,BUKIT PANJANG MRT STATION (DT1 / BP6),ANDERSON SERANGOON JUNIOR COLLEGE,30.78,20.32
679696,534768,CASHEW MRT STATION (DT2),ANDERSON SERANGOON JUNIOR COLLEGE,30.9,19.19
678211,534768,HILLVIEW MRT STATION (DT3),ANDERSON SERANGOON JUNIOR COLLEGE,29.67,18.53
589681,534768,HUME MRT STATION (DT4),ANDERSON SERANGOON JUNIOR COLLEGE,27.88,18.5
588216,534768,BEAUTY WORLD MRT STATION (DT5),ANDERSON SERANGOON JUNIOR COLLEGE,25.08,17.05
599987,534768,KING ALBERT PARK MRT STATION (DT6),ANDERSON SERANGOON JUNIOR COLLEGE,26.28,17.72
269784,534768,SIXTH AVENUE MRT STATION (DT7),ANDERSON SERANGOON JUNIOR COLLEGE,24.97,15.35
266268,534768,TAN KAH KEE MRT STATION (DT8),ANDERSON SERANGOON JUNIOR COLLEGE,25.25,14.19
257877,534768,STEVENS MRT STATION (DT10 / TE11),ANDERSON SERANGOON JUNIOR COLLEGE,18.83,10.84
228234,534768,NEWTON MRT STATION (NS21 / DT11),ANDERSON SERANGOON JUNIOR COLLEGE,18.55,10.13
229900,534768,LITTLE INDIA MRT STATION (NE7 / DT12),ANDERSON SERANGOON JUNIOR COLLEGE,19.68,10.42
188505,534768,ROCHOR MRT STATION (DT13),ANDERSON SERANGOON JUNIOR COLLEGE,17.57,8.8
188022,534768,BUGIS MRT STATION (EW12 / DT14),ANDERSON SERANGOON JUNIOR COLLEGE,18.22,9.19
018969,534768,DOWNTOWN MRT STATION (DT17),ANDERSON SERANGOON JUNIOR COLLEGE,23.17,13.91
048416,534768,TELOK AYER MRT STATION (DT18),ANDERSON SERANGOON JUNIOR COLLEGE,21.98,13.36
059443,534768,CHINATOWN MRT STATION (NE4 / DT19),ANDERSON SERANGOON JUNIOR COLLEGE,21.18,12.87
179038,534768,FORT CANNING MRT STATION (DT20),ANDERSON SERANGOON JUNIOR COLLEGE,22.9,14.42
189658,534768,BENCOOLEN MRT STATION (DT21),ANDERSON SERANGOON JUNIOR COLLEGE,19.1,9.67
208826,534768,JALAN BESAR MRT STATION (DT22),ANDERSON SERANGOON JUNIOR COLLEGE,18.27,8.87
339356,534768,BENDEMEER MRT STATION (DT23),ANDERSON SERANGOON JUNIOR COLLEGE,15.23,7.39
339355,534768,GEYLANG BAHRU MRT STATION (DT24),ANDERSON SERANGOON JUNIOR COLLEGE,15.3,7.49
379314,534768,MATTAR MRT STATION (DT25),ANDERSON SERANGOON JUNIOR COLLEGE,14.93,6.98
408899,534768,UBI MRT STATION (DT27),ANDERSON SERANGOON JUNIOR COLLEGE,11.35,5.32
415804,534768,KAKI BUKIT MRT STATION (DT28),ANDERSON SERANGOON JUNIOR COLLEGE,11.93,5.69
479481,534768,BEDOK NORTH MRT STATION (DT29),ANDERSON SERANGOON JUNIOR COLLEGE,16.43,7.14
469724,534768,BEDOK RESERVOIR MRT STATION (DT30),ANDERSON SERANGOON JUNIOR COLLEGE,17.35,9.3
529683,534768,TAMPINES WEST MRT STATION (DT31),ANDERSON SERANGOON JUNIOR COLLEGE,19.67,9.7
529538,534768,TAMPINES MRT STATION (EW2 / DT32),ANDERSON SERANGOON JUNIOR COLLEGE,18.93,11.06
529623,534768,TAMPINES EAST MRT STATION (DT33),ANDERSON SERANGOON JUNIOR COLLEGE,18.52,11.93
485990,534768,UPPER CHANGI MRT STATION (DT34),ANDERSON SERANGOON JUNIOR COLLEGE,20.38,13.26
486800,534768,XILIN MRT STATION (DT36),ANDERSON SERANGOON JUNIOR COLLEGE,23.18,13.25
469731,534768,SUNGEI BEDOK MRT STATION (TE31 / DT37),ANDERSON SERANGOON JUNIOR COLLEGE,25.48,13.35
519634,534768,PASIR RIS MRT STATION (EW1),ANDERSON SERANGOON JUNIOR COLLEGE,19.82,11.02
529888,534768,SIMEI MRT STATION (EW3),ANDERSON SERANGOON JUNIOR COLLEGE,22.58,12.29
467347,534768,BEDOK MRT STATION (EW5),ANDERSON SERANGOON JUNIOR COLLEGE,18.4,9.28
416551,534768,KEMBANGAN MRT STATION (EW6),ANDERSON SERANGOON JUNIOR COLLEGE,16.52,8.02
409423,534768,EUNOS MRT STATION (EW7),ANDERSON SERANGOON JUNIOR COLLEGE,14.13,6.72
388310,534768,ALJUNIED MRT STATION (EW9),ANDERSON SERANGOON JUNIOR COLLEGE,16.47,7.94
387405,534768,KALLANG MRT STATION (EW10),ANDERSON SERANGOON JUNIOR COLLEGE,15.52,8.37
208699,534768,LAVENDER MRT STATION (EW11),ANDERSON SERANGOON JUNIOR COLLEGE,16.27,8.15
179100,534768,CITY HALL MRT STATION (NS25 / EW13),ANDERSON SERANGOON JUNIOR COLLEGE,19.97,10.12
048618,534768,RAFFLES PLACE MRT STATION (NS26 / EW14),ANDERSON SERANGOON JUNIOR COLLEGE,23.28,11.61
069119,534768,TANJONG PAGAR MRT STATION (EW15),ANDERSON SERANGOON JUNIOR COLLEGE,23.83,15.68
169037,534768,OUTRAM PARK MRT STATION (EW16 / NE3 / TE17),ANDERSON SERANGOON JUNIOR COLLEGE,21.78,13.45
168731,534768,TIONG BAHRU MRT STATION (EW17),ANDERSON SERANGOON JUNIOR COLLEGE,23.5,14.28
158792,534768,REDHILL MRT STATION (EW18),ANDERSON SERANGOON JUNIOR COLLEGE,25.75,14.26
149729,534768,QUEENSTOWN MRT STATION (EW19),ANDERSON SERANGOON JUNIOR COLLEGE,28.48,15.65
149735,534768,COMMONWEALTH MRT STATION (EW20),ANDERSON SERANGOON JUNIOR COLLEGE,27.73,15.48
138677,534768,DOVER MRT STATION (EW22),ANDERSON SERANGOON JUNIOR COLLEGE,31.48,17.44
129580,534768,CLEMENTI MRT STATION (EW23),ANDERSON SERANGOON JUNIOR COLLEGE,31,20.79
609690,534768,JURONG EAST MRT STATION (NS1 / EW24),ANDERSON SERANGOON JUNIOR COLLEGE,31.85,22.14
609959,534768,CHINESE GARDEN MRT STATION (EW25),ANDERSON SERANGOON JUNIOR COLLEGE,34.25,23.8
649845,534768,LAKESIDE MRT STATION (EW26),ANDERSON SERANGOON JUNIOR COLLEGE,34.35,24.24
649846,534768,BOON LAY MRT STATION (EW27),ANDERSON SERANGOON JUNIOR COLLEGE,37.52,25.93
648310,534768,PIONEER MRT STATION (EW28),ANDERSON SERANGOON JUNIOR COLLEGE,39.35,29.88
629116,534768,JOO KOON MRT STATION (EW29),ANDERSON SERANGOON JUNIOR COLLEGE,41.63,32.05
637288,534768,GUL CIRCLE MRT STATION (EW30),ANDERSON SERANGOON JUNIOR COLLEGE,44.33,34.55
639608,534768,TUAS CRESCENT MRT STATION (EW31),ANDERSON SERANGOON JUNIOR COLLEGE,49.15,36.72
639609,534768,TUAS WEST ROAD MRT STATION (EW32),ANDERSON SERANGOON JUNIOR COLLEGE,48.62,36.92
638418,534768,TUAS LINK MRT STATION (EW33),ANDERSON SERANGOON JUNIOR COLLEGE,48.22,37.7
059815,534768,CLARKE QUAY MRT STATION (NE5),ANDERSON SERANGOON JUNIOR COLLEGE,22.57,13.61
218703,534768,FARRER PARK MRT STATION (NE8),ANDERSON SERANGOON JUNIOR COLLEGE,15.6,7.58
328260,534768,BOON KENG MRT STATION (NE9),ANDERSON SERANGOON JUNIOR COLLEGE,12.92,6.38
347694,534768,POTONG PASIR MRT STATION (NE10),ANDERSON SERANGOON JUNIOR COLLEGE,10.05,4.86
347695,534768,WOODLEIGH MRT STATION (NE11),ANDERSON SERANGOON JUNIOR COLLEGE,8.27,3.91
534799,534768,KOVAN MRT STATION (NE13),ANDERSON SERANGOON JUNIOR COLLEGE,2.95,1.08
538758,534768,HOUGANG MRT STATION (NE14),ANDERSON SERANGOON JUNIOR COLLEGE,4.9,1.5
545061,534768,BUANGKOK MRT STATION (NE15),ANDERSON SERANGOON JUNIOR COLLEGE,7.18,2.73
545062,534768,SENGKANG LRT STATION (STC),ANDERSON SERANGOON JUNIOR COLLEGE,10.13,4.35
828868,534768,PUNGGOL MRT STATION (NE17 / PTC),ANDERSON SERANGOON JUNIOR COLLEGE,12.67,5.98
828604,534768,PUNGGOL COAST MRT STATION (NE18),ANDERSON SERANGOON JUNIOR COLLEGE,15,7.22
659958,534768,BUKIT BATOK MRT STATION (NS2),ANDERSON SERANGOON JUNIOR COLLEGE,33.38,20.99
659083,534768,BUKIT GOMBAK MRT STATION (NS3),ANDERSON SERANGOON JUNIOR COLLEGE,33.37,21
689810,534768,CHOA CHU KANG MRT STATION (NS4 / BP1 / JS1),ANDERSON SERANGOON JUNIOR COLLEGE,35.2,24.59
689715,534768,YEW TEE MRT STATION (NS5),ANDERSON SERANGOON JUNIOR COLLEGE,35,24.66
738702,534768,KRANJI MRT STATION (NS7),ANDERSON SERANGOON JUNIOR COLLEGE,30.07,20.27
739044,534768,MARSILING MRT STATION (NS8),ANDERSON SERANGOON JUNIOR COLLEGE,29.03,19.7
738343,534768,WOODLANDS MRT STATION (NS9 / TE2),ANDERSON SERANGOON JUNIOR COLLEGE,30.95,18.82
738344,534768,ADMIRALTY MRT STATION (NS10),ANDERSON SERANGOON JUNIOR COLLEGE,29.07,18.13
759775,534768,SEMBAWANG MRT STATION (NS11),ANDERSON SERANGOON JUNIOR COLLEGE,31.68,16.93
756972,534768,CANBERRA MRT STATION (NS12),ANDERSON SERANGOON JUNIOR COLLEGE,28.27,15.49
769093,534768,YISHUN MRT STATION (NS13),ANDERSON SERANGOON JUNIOR COLLEGE,25.13,13.82
769092,534768,KHATIB MRT STATION (NS14),ANDERSON SERANGOON JUNIOR COLLEGE,22.53,12.43
569813,534768,YIO CHU KANG MRT STATION (NS15),ANDERSON SERANGOON JUNIOR COLLEGE,14.55,6.46
569812,534768,ANG MO KIO MRT STATION (NS16),ANDERSON SERANGOON JUNIOR COLLEGE,11.2,4.78
319756,534768,BRADDELL MRT STATION (NS18),ANDERSON SERANGOON JUNIOR COLLEGE,15.53,6.93
319398,534768,TOA PAYOH MRT STATION (NS19),ANDERSON SERANGOON JUNIOR COLLEGE,17,8.5
307642,534768,NOVENA MRT STATION (NS20),ANDERSON SERANGOON JUNIOR COLLEGE,18.13,9.1
238878,534768,ORCHARD MRT STATION (TE14 / NS22),ANDERSON SERANGOON JUNIOR COLLEGE,20.18,11.21
238162,534768,SOMERSET MRT STATION (NE23),ANDERSON SERANGOON JUNIOR COLLEGE,20.42,11.48
018948,534768,MARINA SOUTH PIER MRT STATION (NS28),ANDERSON SERANGOON JUNIOR COLLEGE,23.38,14.6
737668,534768,WOODLANDS NORTH MRT STATION (TE1),ANDERSON SERANGOON JUNIOR COLLEGE,35.4,23.08
737741,534768,WOODLANDS SOUTH MRT STATION (TE3),ANDERSON SERANGOON JUNIOR COLLEGE,27.4,16.93
787140,534768,SPRINGLEAF MRT STATION (TE4),ANDERSON SERANGOON JUNIOR COLLEGE,19.77,11.65
789361,534768,LENTOR MRT STATION (TE5),ANDERSON SERANGOON JUNIOR COLLEGE,16.38,7.43
569900,534768,MAYFLOWER MRT STATION (TE6),ANDERSON SERANGOON JUNIOR COLLEGE,14.45,6.5
575737,534768,BRIGHT HILL MRT STATION (TE7),ANDERSON SERANGOON JUNIOR COLLEGE,15.6,7.09
577937,534768,UPPER THOMSON MRT STATION (TE8),ANDERSON SERANGOON JUNIOR COLLEGE,18.78,8.78
299781,534768,MOUNT PLEASANT MRT STATION (TE10),ANDERSON SERANGOON JUNIOR COLLEGE,16.85,9.07
258511,534768,NAPIER MRT STATION (TE12),ANDERSON SERANGOON JUNIOR COLLEGE,23.15,12.84
248654,534768,ORCHARD BOULEVARD MRT STATION (TE13),ANDERSON SERANGOON JUNIOR COLLEGE,22.43,12.58
238384,534768,GREAT WORLD MRT STATION (TE15),ANDERSON SERANGOON JUNIOR COLLEGE,22.67,12.14
168604,534768,HAVELOCK MRT STATION (TE16),ANDERSON SERANGOON JUNIOR COLLEGE,23.08,12.93
058841,534768,MAXWELL MRT STATION (TE18),ANDERSON SERANGOON JUNIOR COLLEGE,22.98,13.7
018928,534768,SHENTON WAY MRT STATION (TE19),ANDERSON SERANGOON JUNIOR COLLEGE,24.18,15.65
019397,534768,MARINA SOUTH MRT STATION (TE21),ANDERSON SERANGOON JUNIOR COLLEGE,21.23,13.51
019396,534768,GARDENS BY THE BAY MRT STATION (TE22),ANDERSON SERANGOON JUNIOR COLLEGE,23.73,14.63
436488,534768,TANJONG RHU MRT STATION (TE23),ANDERSON SERANGOON JUNIOR COLLEGE,23.02,11.25
437870,534768,KATONG PARK MRT STATION (TE24),ANDERSON SERANGOON JUNIOR COLLEGE,19.52,10.46
439846,534768,TANJONG KATONG MRT STATION (TE25),ANDERSON SERANGOON JUNIOR COLLEGE,19.55,9.29
449971,534768,MARINE PARADE MRT STATION (TE26),ANDERSON SERANGOON JUNIOR COLLEGE,20.17,9.84
449970,534768,MARINE TERRACE MRT STATION (TE27),ANDERSON SERANGOON JUNIOR COLLEGE,18.6,8.71
449969,534768,SIGLAP MRT STATION (TE28),ANDERSON SERANGOON JUNIOR COLLEGE,20.75,10.28
469958,534768,BAYSHORE MRT STATION (TE29),ANDERSON SERANGOON JUNIOR COLLEGE,23.03,11.52
468324,534768,BEDOK SOUTH MRT STATION (TE30),ANDERSON SERANGOON JUNIOR COLLEGE,25.28,12.42
688265,534768,SOUTH VIEW LRT STATION (BP2),ANDERSON SERANGOON JUNIOR COLLEGE,34.28,22.23
688266,534768,KEAT HONG LRT STATION (BP3),ANDERSON SERANGOON JUNIOR COLLEGE,34.27,21.96
688267,534768,TECK WHYE LRT STATION (BP4),ANDERSON SERANGOON JUNIOR COLLEGE,32.28,21.19
689483,534768,PHOENIX LRT STATION (BP5),ANDERSON SERANGOON JUNIOR COLLEGE,31.23,20.66
678269,534768,PETIR LRT STATION (BP7),ANDERSON SERANGOON JUNIOR COLLEGE,29.68,19.76
678296,534768,PENDING LRT STATION (BP8),ANDERSON SERANGOON JUNIOR COLLEGE,28.37,19.11
679939,534768,BANGKIT LRT STATION (BP9),ANDERSON SERANGOON JUNIOR COLLEGE,28.65,19.24
679004,534768,FAJAR LRT STATION (BP10),ANDERSON SERANGOON JUNIOR COLLEGE,30.62,20.19
679940,534768,SEGAR LRT STATION (BP11),ANDERSON SERANGOON JUNIOR COLLEGE,30.62,20.29
679941,534768,JELAPANG LRT STATION (BP12),ANDERSON SERANGOON JUNIOR COLLEGE,31.52,20.77
679942,534768,SENJA LRT STATION (BP13),ANDERSON SERANGOON JUNIOR COLLEGE,30.5,20.23
545055,534768,COMPASSVALE LRT STATION (SE1),ANDERSON SERANGOON JUNIOR COLLEGE,9.83,4.47
545054,534768,RUMBIA LRT STATION (SE2),ANDERSON SERANGOON JUNIOR COLLEGE,9.9,4.47
545053,534768,BAKAU LRT STATION (SE3),ANDERSON SERANGOON JUNIOR COLLEGE,9.02,4
545052,534768,KANGKAR LRT STATION (SE4),ANDERSON SERANGOON JUNIOR COLLEGE,8.22,3.94
545046,534768,RANGGUNG LRT STATION (SE5),ANDERSON SERANGOON JUNIOR COLLEGE,7.4,3.16
545047,534768,CHENG LIM LRT STATION (SW1),ANDERSON SERANGOON JUNIOR COLLEGE,10.57,4.61
545048,534768,FARMWAY LRT STATION (SW2),ANDERSON SERANGOON JUNIOR COLLEGE,11.67,5.03
797697,534768,KUPANG LRT STATION (SW3),ANDERSON SERANGOON JUNIOR COLLEGE,13.67,5.8
797699,534768,THANGGAM LRT STATION (SW4),ANDERSON SERANGOON JUNIOR COLLEGE,12.95,5.76
797698,534768,FERNVALE LRT STATION (SW5),ANDERSON SERANGOON JUNIOR COLLEGE,12.85,5.32
797700,534768,LAYAR LRT STATION (SW6),ANDERSON SERANGOON JUNIOR COLLEGE,10.93,4.84
545050,534768,TONGKANG LRT STATION (SW7),ANDERSON SERANGOON JUNIOR COLLEGE,9.57,4.11
545049,534768,RENJONG LRT STATION (SW8),ANDERSON SERANGOON JUNIOR COLLEGE,8.42,3.5
828858,534768,COVE LRT STATION (PE1),ANDERSON SERANGOON JUNIOR COLLEGE,11.3,5.22
828857,534768,MERIDIAN LRT STATION (PE2),ANDERSON SERANGOON JUNIOR COLLEGE,12.08,5.64
828856,534768,CORAL EDGE LRT STATION (PE3),ANDERSON SERANGOON JUNIOR COLLEGE,11.17,5.56
828852,534768,RIVIERA LRT STATION (PE4),ANDERSON SERANGOON JUNIOR COLLEGE,11.18,5.59
828853,534768,KADALOOR LRT STATION (PE5),ANDERSON SERANGOON JUNIOR COLLEGE,13.07,6.35
828854,534768,OASIS LRT STATION (PE6),ANDERSON SERANGOON JUNIOR COLLEGE,13.95,6.4
828855,534768,DAMAI LRT STATION (PE7),ANDERSON SERANGOON JUNIOR COLLEGE,12.68,5.94
828851,534768,SAM KEE LRT STATION (PW1),ANDERSON SERANGOON JUNIOR COLLEGE,14.22,6.49
828861,534768,TECK LEE LRT STATION (PW2),ANDERSON SERANGOON JUNIOR COLLEGE,14.72,6.78
828644,534768,PUNGGOL POINT LRT STATION (PW3),ANDERSON SERANGOON JUNIOR COLLEGE,15.77,7.63
828645,534768,SAMUDERA LRT STATION (PW4),ANDERSON SERANGOON JUNIOR COLLEGE,14.73,6.9
828862,534768,NIBONG LRT STATION (PW5),ANDERSON SERANGOON JUNIOR COLLEGE,13.82,6.4
828863,534768,SUMANG LRT STATION (PW6),ANDERSON SERANGOON JUNIOR COLLEGE,13.02,5.97
828864,534768,SOO TECK LRT STATION (PW7),ANDERSON SERANGOON JUNIOR COLLEGE,12.32,5.6
238826,139745,DHOBY GHAUT MRT STATION (NS24 / NE6 / CC1),ANGLO-CHINESE JUNIOR COLLEGE,16.3,10.5
189561,139745,BRAS BASAH MRT STATION (CC2),ANGLO-CHINESE JUNIOR COLLEGE,15.53,10.59
189562,139745,ESPLANADE MRT STATION (CC3),ANGLO-CHINESE JUNIOR COLLEGE,16.73,11.15
039193,139745,PROMENADE MRT STATION (DT15 / CC4),ANGLO-CHINESE JUNIOR COLLEGE,18.33,12.04
038970,139745,NICOLL HIGHWAY MRT STATION (CC5),ANGLO-CHINESE JUNIOR COLLEGE,19.95,12.92
397692,139745,STADIUM MRT STATION (CC6),ANGLO-CHINESE JUNIOR COLLEGE,24.92,15.09
398006,139745,MOUNTBATTEN MRT STATION (CC7),ANGLO-CHINESE JUNIOR COLLEGE,22.78,16.61
397973,139745,DAKOTA MRT STATION (CC8),ANGLO-CHINESE JUNIOR COLLEGE,24.25,17.37
409006,139745,PAYA LEBAR MRT STATION (EW8 / CC9),ANGLO-CHINESE JUNIOR COLLEGE,23.88,15.52
409048,139745,MACPHERSON MRT STATION (DT26 / CC10),ANGLO-CHINESE JUNIOR COLLEGE,25.03,18.26
534803,139745,TAI SENG MRT STATION (CC11),ANGLO-CHINESE JUNIOR COLLEGE,23.88,17.73
539788,139745,BARTLEY MRT STATION (CC12),ANGLO-CHINESE JUNIOR COLLEGE,24.25,18.35
534801,139745,SERANGOON MRT STATION (NE12 / CC13),ANGLO-CHINESE JUNIOR COLLEGE,23.7,17.63
554533,139745,LORONG CHUAN MRT STATION (CC14),ANGLO-CHINESE JUNIOR COLLEGE,23,12.49
579827,139745,BISHAN MRT STATION (NS17 / CC15),ANGLO-CHINESE JUNIOR COLLEGE,18.98,10.48
573993,139745,MARYMOUNT MRT STATION (CC16),ANGLO-CHINESE JUNIOR COLLEGE,17.13,9.47
298113,139745,CALDECOTT MRT STATION (CC17 / TE9),ANGLO-CHINESE JUNIOR COLLEGE,16.95,9.08
257494,139745,BOTANIC GARDENS MRT STATION (CC19 / DT9),ANGLO-CHINESE JUNIOR COLLEGE,10.12,4.97
268857,139745,FARRER ROAD MRT STATION (CC20),ANGLO-CHINESE JUNIOR COLLEGE,11.3,5.61
278995,139745,HOLLAND VILLAGE MRT STATION (CC21),ANGLO-CHINESE JUNIOR COLLEGE,4.8,1.91
139345,139745,BUONA VISTA MRT STATION (CC22 / EW21),ANGLO-CHINESE JUNIOR COLLEGE,2.95,1.22
138647,139745,ONE-NORTH MRT STATION (CC23),ANGLO-CHINESE JUNIOR COLLEGE,2.38,0.72
118177,139745,KENT RIDGE MRT STATION (CC24),ANGLO-CHINESE JUNIOR COLLEGE,3.6,1.49
117396,139745,HAW PAR VILLA MRT STATION (CC25),ANGLO-CHINESE JUNIOR COLLEGE,8.9,4.35
117424,139745,PASIR PANJANG MRT STATION (CC26),ANGLO-CHINESE JUNIOR COLLEGE,9.03,4.44
109029,139745,LABRADOR PARK MRT STATION (CC27),ANGLO-CHINESE JUNIOR COLLEGE,9.4,4.94
109028,139745,TELOK BLANGAH MRT STATION (CC28),ANGLO-CHINESE JUNIOR COLLEGE,10.77,5.68
098867,139745,HARBOURFRONT MRT STATION (CC29 / NE1),ANGLO-CHINESE JUNIOR COLLEGE,13.38,7.05
099423,139745,KEPPEL MRT STATION (CC30),ANGLO-CHINESE JUNIOR COLLEGE,12.92,7.98
089395,139745,CANTONMENT MRT STATION (CC31),ANGLO-CHINESE JUNIOR COLLEGE,14.5,9.47
079122,139745,PRINCE EDWARD ROAD MRT STATION (CC32),ANGLO-CHINESE JUNIOR COLLEGE,14.2,9.02
018957,139745,BAYFRONT MRT STATION (DT16 / CE1),ANGLO-CHINESE JUNIOR COLLEGE,18.37,12.64
018925,139745,MARINA BAY MRT STATION (NS27 / TE20 / CE2),ANGLO-CHINESE JUNIOR COLLEGE,17.47,10.87
467356,139745,TANAH MERAH MRT STATION (EW4 / CG),ANGLO-CHINESE JUNIOR COLLEGE,33.7,22.92
486065,139745,EXPO MRT STATION (CG1 / DT35),ANGLO-CHINESE JUNIOR COLLEGE,35.3,23.91
819661,139745,CHANGI AIRPORT MRT STATION (CG2),ANGLO-CHINESE JUNIOR COLLEGE,37.97,30.34
678213,139745,BUKIT PANJANG MRT STATION (DT1 / BP6),ANGLO-CHINESE JUNIOR COLLEGE,22.28,11.47
679696,139745,CASHEW MRT STATION (DT2),ANGLO-CHINESE JUNIOR COLLEGE,20.48,10.51
678211,139745,HILLVIEW MRT STATION (DT3),ANGLO-CHINESE JUNIOR COLLEGE,19.33,9.84
589681,139745,HUME MRT STATION (DT4),ANGLO-CHINESE JUNIOR COLLEGE,17.37,8.76
588216,139745,BEAUTY WORLD MRT STATION (DT5),ANGLO-CHINESE JUNIOR COLLEGE,13.83,6.94
599987,139745,KING ALBERT PARK MRT STATION (DT6),ANGLO-CHINESE JUNIOR COLLEGE,13.62,6.77
269784,139745,SIXTH AVENUE MRT STATION (DT7),ANGLO-CHINESE JUNIOR COLLEGE,9.02,4.38
266268,139745,TAN KAH KEE MRT STATION (DT8),ANGLO-CHINESE JUNIOR COLLEGE,11.28,5.59
257877,139745,STEVENS MRT STATION (DT10 / TE11),ANGLO-CHINESE JUNIOR COLLEGE,12.42,6.2
228234,139745,NEWTON MRT STATION (NS21 / DT11),ANGLO-CHINESE JUNIOR COLLEGE,15.1,7.63
229900,139745,LITTLE INDIA MRT STATION (NE7 / DT12),ANGLO-CHINESE JUNIOR COLLEGE,19.3,9.45
188505,139745,ROCHOR MRT STATION (DT13),ANGLO-CHINESE JUNIOR COLLEGE,17.47,11.58
188022,139745,BUGIS MRT STATION (EW12 / DT14),ANGLO-CHINESE JUNIOR COLLEGE,16.5,11.13
018969,139745,DOWNTOWN MRT STATION (DT17),ANGLO-CHINESE JUNIOR COLLEGE,15.85,10.26
048416,139745,TELOK AYER MRT STATION (DT18),ANGLO-CHINESE JUNIOR COLLEGE,14.67,9.71
059443,139745,CHINATOWN MRT STATION (NE4 / DT19),ANGLO-CHINESE JUNIOR COLLEGE,13.77,9.21
179038,139745,FORT CANNING MRT STATION (DT20),ANGLO-CHINESE JUNIOR COLLEGE,11.97,9.1
189658,139745,BENCOOLEN MRT STATION (DT21),ANGLO-CHINESE JUNIOR COLLEGE,16.15,10.38
208826,139745,JALAN BESAR MRT STATION (DT22),ANGLO-CHINESE JUNIOR COLLEGE,18.07,11.32
339356,139745,BENDEMEER MRT STATION (DT23),ANGLO-CHINESE JUNIOR COLLEGE,19.63,14.47
339355,139745,GEYLANG BAHRU MRT STATION (DT24),ANGLO-CHINESE JUNIOR COLLEGE,22.03,15.76
379314,139745,MATTAR MRT STATION (DT25),ANGLO-CHINESE JUNIOR COLLEGE,24.93,17.79
408899,139745,UBI MRT STATION (DT27),ANGLO-CHINESE JUNIOR COLLEGE,25.38,16.4
415804,139745,KAKI BUKIT MRT STATION (DT28),ANGLO-CHINESE JUNIOR COLLEGE,26.8,18.01
479481,139745,BEDOK NORTH MRT STATION (DT29),ANGLO-CHINESE JUNIOR COLLEGE,29.9,18.71
469724,139745,BEDOK RESERVOIR MRT STATION (DT30),ANGLO-CHINESE JUNIOR COLLEGE,28.28,20.05
529683,139745,TAMPINES WEST MRT STATION (DT31),ANGLO-CHINESE JUNIOR COLLEGE,30.6,21.28
529538,139745,TAMPINES MRT STATION (EW2 / DT32),ANGLO-CHINESE JUNIOR COLLEGE,34.32,23.16
529623,139745,TAMPINES EAST MRT STATION (DT33),ANGLO-CHINESE JUNIOR COLLEGE,34.22,24.65
485990,139745,UPPER CHANGI MRT STATION (DT34),ANGLO-CHINESE JUNIOR COLLEGE,34.25,24.68
486800,139745,XILIN MRT STATION (DT36),ANGLO-CHINESE JUNIOR COLLEGE,33.73,27.21
469731,139745,SUNGEI BEDOK MRT STATION (TE31 / DT37),ANGLO-CHINESE JUNIOR COLLEGE,33.52,24.75
519634,139745,PASIR RIS MRT STATION (EW1),ANGLO-CHINESE JUNIOR COLLEGE,39.47,28.29
529888,139745,SIMEI MRT STATION (EW3),ANGLO-CHINESE JUNIOR COLLEGE,33.5,23.04
467347,139745,BEDOK MRT STATION (EW5),ANGLO-CHINESE JUNIOR COLLEGE,29.33,20.03
416551,139745,KEMBANGAN MRT STATION (EW6),ANGLO-CHINESE JUNIOR COLLEGE,28.12,18.64
409423,139745,EUNOS MRT STATION (EW7),ANGLO-CHINESE JUNIOR COLLEGE,25.73,17.34
388310,139745,ALJUNIED MRT STATION (EW9),ANGLO-CHINESE JUNIOR COLLEGE,23.98,14.91
387405,139745,KALLANG MRT STATION (EW10),ANGLO-CHINESE JUNIOR COLLEGE,21.32,13.59
208699,139745,LAVENDER MRT STATION (EW11),ANGLO-CHINESE JUNIOR COLLEGE,18.45,12.17
179100,139745,CITY HALL MRT STATION (NS25 / EW13),ANGLO-CHINESE JUNIOR COLLEGE,15.37,10.47
048618,139745,RAFFLES PLACE MRT STATION (NS26 / EW14),ANGLO-CHINESE JUNIOR COLLEGE,14.92,10.05
069119,139745,TANJONG PAGAR MRT STATION (EW15),ANGLO-CHINESE JUNIOR COLLEGE,15.22,9.74
169037,139745,OUTRAM PARK MRT STATION (EW16 / NE3 / TE17),ANGLO-CHINESE JUNIOR COLLEGE,11.67,8.15
168731,139745,TIONG BAHRU MRT STATION (EW17),ANGLO-CHINESE JUNIOR COLLEGE,11.55,7.21
158792,139745,REDHILL MRT STATION (EW18),ANGLO-CHINESE JUNIOR COLLEGE,9.55,4.63
149729,139745,QUEENSTOWN MRT STATION (EW19),ANGLO-CHINESE JUNIOR COLLEGE,6.58,3.13
149735,139745,COMMONWEALTH MRT STATION (EW20),ANGLO-CHINESE JUNIOR COLLEGE,4.82,2.17
138677,139745,DOVER MRT STATION (EW22),ANGLO-CHINESE JUNIOR COLLEGE,5.25,2.45
129580,139745,CLEMENTI MRT STATION (EW23),ANGLO-CHINESE JUNIOR COLLEGE,8.13,4.67
609690,139745,JURONG EAST MRT STATION (NS1 / EW24),ANGLO-CHINESE JUNIOR COLLEGE,12.2,7.85
609959,139745,CHINESE GARDEN MRT STATION (EW25),ANGLO-CHINESE JUNIOR COLLEGE,17.7,10.47
649845,139745,LAKESIDE MRT STATION (EW26),ANGLO-CHINESE JUNIOR COLLEGE,16.8,11.55
649846,139745,BOON LAY MRT STATION (EW27),ANGLO-CHINESE JUNIOR COLLEGE,18.88,13.31
648310,139745,PIONEER MRT STATION (EW28),ANGLO-CHINESE JUNIOR COLLEGE,19.12,14.08
629116,139745,JOO KOON MRT STATION (EW29),ANGLO-CHINESE JUNIOR COLLEGE,19.17,14.9
637288,139745,GUL CIRCLE MRT STATION (EW30),ANGLO-CHINESE JUNIOR COLLEGE,23.05,17.8
639608,139745,TUAS CRESCENT MRT STATION (EW31),ANGLO-CHINESE JUNIOR COLLEGE,27.87,19.97
639609,139745,TUAS WEST ROAD MRT STATION (EW32),ANGLO-CHINESE JUNIOR COLLEGE,26.57,20.27
638418,139745,TUAS LINK MRT STATION (EW33),ANGLO-CHINESE JUNIOR COLLEGE,26.17,21.05
059815,139745,CLARKE QUAY MRT STATION (NE5),ANGLO-CHINESE JUNIOR COLLEGE,14.97,10.14
218703,139745,FARRER PARK MRT STATION (NE8),ANGLO-CHINESE JUNIOR COLLEGE,19.4,14.15
328260,139745,BOON KENG MRT STATION (NE9),ANGLO-CHINESE JUNIOR COLLEGE,20.83,16.16
347694,139745,POTONG PASIR MRT STATION (NE10),ANGLO-CHINESE JUNIOR COLLEGE,19.72,15.5
347695,139745,WOODLEIGH MRT STATION (NE11),ANGLO-CHINESE JUNIOR COLLEGE,21.5,16.45
534799,139745,KOVAN MRT STATION (NE13),ANGLO-CHINESE JUNIOR COLLEGE,26.82,19.28
538758,139745,HOUGANG MRT STATION (NE14),ANGLO-CHINESE JUNIOR COLLEGE,31.62,21.18
545061,139745,BUANGKOK MRT STATION (NE15),ANGLO-CHINESE JUNIOR COLLEGE,32.77,23.9
545062,139745,SENGKANG LRT STATION (STC),ANGLO-CHINESE JUNIOR COLLEGE,33.87,24.98
828868,139745,PUNGGOL MRT STATION (NE17 / PTC),ANGLO-CHINESE JUNIOR COLLEGE,35.85,25.78
828604,139745,PUNGGOL COAST MRT STATION (NE18),ANGLO-CHINESE JUNIOR COLLEGE,38.18,27.01
659958,139745,BUKIT BATOK MRT STATION (NS2),ANGLO-CHINESE JUNIOR COLLEGE,18.75,10.8
659083,139745,BUKIT GOMBAK MRT STATION (NS3),ANGLO-CHINESE JUNIOR COLLEGE,19.55,11.66
689810,139745,CHOA CHU KANG MRT STATION (NS4 / BP1 / JS1),ANGLO-CHINESE JUNIOR COLLEGE,27.4,15.81
689715,139745,YEW TEE MRT STATION (NS5),ANGLO-CHINESE JUNIOR COLLEGE,28.75,18.23
738702,139745,KRANJI MRT STATION (NS7),ANGLO-CHINESE JUNIOR COLLEGE,28.95,19.1
739044,139745,MARSILING MRT STATION (NS8),ANGLO-CHINESE JUNIOR COLLEGE,27.92,18.53
738343,139745,WOODLANDS MRT STATION (NS9 / TE2),ANGLO-CHINESE JUNIOR COLLEGE,30.68,19.96
738344,139745,ADMIRALTY MRT STATION (NS10),ANGLO-CHINESE JUNIOR COLLEGE,34.03,21.51
759775,139745,SEMBAWANG MRT STATION (NS11),ANGLO-CHINESE JUNIOR COLLEGE,39.98,24.72
756972,139745,CANBERRA MRT STATION (NS12),ANGLO-CHINESE JUNIOR COLLEGE,39.23,21.27
769093,139745,YISHUN MRT STATION (NS13),ANGLO-CHINESE JUNIOR COLLEGE,36.1,19.6
769092,139745,KHATIB MRT STATION (NS14),ANGLO-CHINESE JUNIOR COLLEGE,33.5,18.21
569813,139745,YIO CHU KANG MRT STATION (NS15),ANGLO-CHINESE JUNIOR COLLEGE,24.7,13.44
569812,139745,ANG MO KIO MRT STATION (NS16),ANGLO-CHINESE JUNIOR COLLEGE,22.83,12.45
319756,139745,BRADDELL MRT STATION (NS18),ANGLO-CHINESE JUNIOR COLLEGE,19.65,10.14
319398,139745,TOA PAYOH MRT STATION (NS19),ANGLO-CHINESE JUNIOR COLLEGE,19.75,10.61
307642,139745,NOVENA MRT STATION (NS20),ANGLO-CHINESE JUNIOR COLLEGE,19.18,9.28
238878,139745,ORCHARD MRT STATION (TE14 / NS22),ANGLO-CHINESE JUNIOR COLLEGE,13.27,6.61
238162,139745,SOMERSET MRT STATION (NE23),ANGLO-CHINESE JUNIOR COLLEGE,14.78,7.46
018948,139745,MARINA SOUTH PIER MRT STATION (NS28),ANGLO-CHINESE JUNIOR COLLEGE,16.9,12.09
737668,139745,WOODLANDS NORTH MRT STATION (TE1),ANGLO-CHINESE JUNIOR COLLEGE,34.28,21.91
737741,139745,WOODLANDS SOUTH MRT STATION (TE3),ANGLO-CHINESE JUNIOR COLLEGE,34.22,21.32
787140,139745,SPRINGLEAF MRT STATION (TE4),ANGLO-CHINESE JUNIOR COLLEGE,29.07,15.82
789361,139745,LENTOR MRT STATION (TE5),ANGLO-CHINESE JUNIOR COLLEGE,26.25,14.27
569900,139745,MAYFLOWER MRT STATION (TE6),ANGLO-CHINESE JUNIOR COLLEGE,23.75,12.91
575737,139745,BRIGHT HILL MRT STATION (TE7),ANGLO-CHINESE JUNIOR COLLEGE,21.23,11.43
577937,139745,UPPER THOMSON MRT STATION (TE8),ANGLO-CHINESE JUNIOR COLLEGE,19.33,10.63
299781,139745,MOUNT PLEASANT MRT STATION (TE10),ANGLO-CHINESE JUNIOR COLLEGE,18.52,9.76
258511,139745,NAPIER MRT STATION (TE12),ANGLO-CHINESE JUNIOR COLLEGE,9.63,4.78
248654,139745,ORCHARD BOULEVARD MRT STATION (TE13),ANGLO-CHINESE JUNIOR COLLEGE,14.2,6.73
238384,139745,GREAT WORLD MRT STATION (TE15),ANGLO-CHINESE JUNIOR COLLEGE,14.43,7.06
168604,139745,HAVELOCK MRT STATION (TE16),ANGLO-CHINESE JUNIOR COLLEGE,13.18,6.63
058841,139745,MAXWELL MRT STATION (TE18),ANGLO-CHINESE JUNIOR COLLEGE,13.73,9.15
018928,139745,SHENTON WAY MRT STATION (TE19),ANGLO-CHINESE JUNIOR COLLEGE,15.75,9.69
019397,139745,MARINA SOUTH MRT STATION (TE21),ANGLO-CHINESE JUNIOR COLLEGE,15.9,11.51
019396,139745,GARDENS BY THE BAY MRT STATION (TE22),ANGLO-CHINESE JUNIOR COLLEGE,18.38,12.63
436488,139745,TANJONG RHU MRT STATION (TE23),ANGLO-CHINESE JUNIOR COLLEGE,25.7,17.25
437870,139745,KATONG PARK MRT STATION (TE24),ANGLO-CHINESE JUNIOR COLLEGE,21.13,15.75
439846,139745,TANJONG KATONG MRT STATION (TE25),ANGLO-CHINESE JUNIOR COLLEGE,24.27,18.07
449971,139745,MARINE PARADE MRT STATION (TE26),ANGLO-CHINESE JUNIOR COLLEGE,25.07,18.53
449970,139745,MARINE TERRACE MRT STATION (TE27),ANGLO-CHINESE JUNIOR COLLEGE,25.03,19.37
449969,139745,SIGLAP MRT STATION (TE28),ANGLO-CHINESE JUNIOR COLLEGE,28.25,21.09
469958,139745,BAYSHORE MRT STATION (TE29),ANGLO-CHINESE JUNIOR COLLEGE,29.7,22.83
468324,139745,BEDOK SOUTH MRT STATION (TE30),ANGLO-CHINESE JUNIOR COLLEGE,31.95,23.73
688265,139745,SOUTH VIEW LRT STATION (BP2),ANGLO-CHINESE JUNIOR COLLEGE,25.43,14.97
688266,139745,KEAT HONG LRT STATION (BP3),ANGLO-CHINESE JUNIOR COLLEGE,25.42,14.7
688267,139745,TECK WHYE LRT STATION (BP4),ANGLO-CHINESE JUNIOR COLLEGE,24.48,12.59
689483,139745,PHOENIX LRT STATION (BP5),ANGLO-CHINESE JUNIOR COLLEGE,23.43,12.06
678269,139745,PETIR LRT STATION (BP7),ANGLO-CHINESE JUNIOR COLLEGE,23.43,13.33
678296,139745,PENDING LRT STATION (BP8),ANGLO-CHINESE JUNIOR COLLEGE,22.12,12.68
679939,139745,BANGKIT LRT STATION (BP9),ANGLO-CHINESE JUNIOR COLLEGE,22.4,12.81
679004,139745,FAJAR LRT STATION (BP10),ANGLO-CHINESE JUNIOR COLLEGE,24.37,13.76
679940,139745,SEGAR LRT STATION (BP11),ANGLO-CHINESE JUNIOR COLLEGE,24.37,13.86
679941,139745,JELAPANG LRT STATION (BP12),ANGLO-CHINESE JUNIOR COLLEGE,24.67,12.68
679942,139745,SENJA LRT STATION (BP13),ANGLO-CHINESE JUNIOR COLLEGE,23.67,12.15
545055,139745,COMPASSVALE LRT STATION (SE1),ANGLO-CHINESE JUNIOR COLLEGE,34.78,25.15
545054,139745,RUMBIA LRT STATION (SE2),ANGLO-CHINESE JUNIOR COLLEGE,34.12,23.51
545053,139745,BAKAU LRT STATION (SE3),ANGLO-CHINESE JUNIOR COLLEGE,33.43,23.14
545052,139745,KANGKAR LRT STATION (SE4),ANGLO-CHINESE JUNIOR COLLEGE,32.35,22.56
545046,139745,RANGGUNG LRT STATION (SE5),ANGLO-CHINESE JUNIOR COLLEGE,32.95,22.93
545047,139745,CHENG LIM LRT STATION (SW1),ANGLO-CHINESE JUNIOR COLLEGE,34.22,25.16
545048,139745,FARMWAY LRT STATION (SW2),ANGLO-CHINESE JUNIOR COLLEGE,34.3,25.79
797697,139745,KUPANG LRT STATION (SW3),ANGLO-CHINESE JUNIOR COLLEGE,32.78,24.92
797699,139745,THANGGAM LRT STATION (SW4),ANGLO-CHINESE JUNIOR COLLEGE,31.13,24.26
797698,139745,FERNVALE LRT STATION (SW5),ANGLO-CHINESE JUNIOR COLLEGE,31.88,24.25
797700,139745,LAYAR LRT STATION (SW6),ANGLO-CHINESE JUNIOR COLLEGE,30.9,24.22
545050,139745,TONGKANG LRT STATION (SW7),ANGLO-CHINESE JUNIOR COLLEGE,32.28,24.95
545049,139745,RENJONG LRT STATION (SW8),ANGLO-CHINESE JUNIOR COLLEGE,32.07,24.04
828858,139745,COVE LRT STATION (PE1),ANGLO-CHINESE JUNIOR COLLEGE,34.48,25.01
828857,139745,MERIDIAN LRT STATION (PE2),ANGLO-CHINESE JUNIOR COLLEGE,35.28,25.43
828856,139745,CORAL EDGE LRT STATION (PE3),ANGLO-CHINESE JUNIOR COLLEGE,35.3,24.18
828852,139745,RIVIERA LRT STATION (PE4),ANGLO-CHINESE JUNIOR COLLEGE,34.68,24.4
828853,139745,KADALOOR LRT STATION (PE5),ANGLO-CHINESE JUNIOR COLLEGE,36.08,24.91
828854,139745,OASIS LRT STATION (PE6),ANGLO-CHINESE JUNIOR COLLEGE,37.05,25.43
828855,139745,DAMAI LRT STATION (PE7),ANGLO-CHINESE JUNIOR COLLEGE,35.88,25.74
828851,139745,SAM KEE LRT STATION (PW1),ANGLO-CHINESE JUNIOR COLLEGE,37.4,26.28
828861,139745,TECK LEE LRT STATION (PW2),ANGLO-CHINESE JUNIOR COLLEGE,37.92,26.58
828644,139745,PUNGGOL POINT LRT STATION (PW3),ANGLO-CHINESE JUNIOR COLLEGE,38.82,28
828645,139745,SAMUDERA LRT STATION (PW4),ANGLO-CHINESE JUNIOR COLLEGE,37.73,27.43
828862,139745,NIBONG LRT STATION (PW5),ANGLO-CHINESE JUNIOR COLLEGE,36.8,26.93
828863,139745,SUMANG LRT STATION (PW6),ANGLO-CHINESE JUNIOR COLLEGE,36,26.5
828864,139745,SOO TECK LRT STATION (PW7),ANGLO-CHINESE JUNIOR COLLEGE,35.3,26.13
238826,297822,DHOBY GHAUT MRT STATION (NS24 / NE6 / CC1),CATHOLIC JUNIOR COLLEGE,10.3,5.01
189561,297822,BRAS BASAH MRT STATION (CC2),CATHOLIC JUNIOR COLLEGE,10.88,5.21
189562,297822,ESPLANADE MRT STATION (CC3),CATHOLIC JUNIOR COLLEGE,12.1,5.78
039193,297822,PROMENADE MRT STATION (DT15 / CC4),CATHOLIC JUNIOR COLLEGE,13.23,6.23
038970,297822,NICOLL HIGHWAY MRT STATION (CC5),CATHOLIC JUNIOR COLLEGE,13.53,6.49
397692,297822,STADIUM MRT STATION (CC6),CATHOLIC JUNIOR COLLEGE,14.82,8.58
398006,297822,MOUNTBATTEN MRT STATION (CC7),CATHOLIC JUNIOR COLLEGE,13.55,8.17
397973,297822,DAKOTA MRT STATION (CC8),CATHOLIC JUNIOR COLLEGE,13.3,8.25
409006,297822,PAYA LEBAR MRT STATION (EW8 / CC9),CATHOLIC JUNIOR COLLEGE,11.92,7.83
409048,297822,MACPHERSON MRT STATION (DT26 / CC10),CATHOLIC JUNIOR COLLEGE,12.77,7.92
534803,297822,TAI SENG MRT STATION (CC11),CATHOLIC JUNIOR COLLEGE,13.15,6.85
539788,297822,BARTLEY MRT STATION (CC12),CATHOLIC JUNIOR COLLEGE,13.4,7.02
534801,297822,SERANGOON MRT STATION (NE12 / CC13),CATHOLIC JUNIOR COLLEGE,13.5,6.89
554533,297822,LORONG CHUAN MRT STATION (CC14),CATHOLIC JUNIOR COLLEGE,13.77,6.46
579827,297822,BISHAN MRT STATION (NS17 / CC15),CATHOLIC JUNIOR COLLEGE,9.97,4.84
573993,297822,MARYMOUNT MRT STATION (CC16),CATHOLIC JUNIOR COLLEGE,8.02,3.83
298113,297822,CALDECOTT MRT STATION (CC17 / TE9),CATHOLIC JUNIOR COLLEGE,6.22,2.7
257494,297822,BOTANIC GARDENS MRT STATION (CC19 / DT9),CATHOLIC JUNIOR COLLEGE,11.93,5.82
268857,297822,FARRER ROAD MRT STATION (CC20),CATHOLIC JUNIOR COLLEGE,14.33,6.75
278995,297822,HOLLAND VILLAGE MRT STATION (CC21),CATHOLIC JUNIOR COLLEGE,16.18,8.09
139345,297822,BUONA VISTA MRT STATION (CC22 / EW21),CATHOLIC JUNIOR COLLEGE,19.02,9.54
138647,297822,ONE-NORTH MRT STATION (CC23),CATHOLIC JUNIOR COLLEGE,20.82,10.35
118177,297822,KENT RIDGE MRT STATION (CC24),CATHOLIC JUNIOR COLLEGE,21.25,14.81
117396,297822,HAW PAR VILLA MRT STATION (CC25),CATHOLIC JUNIOR COLLEGE,25.27,12.77
117424,297822,PASIR PANJANG MRT STATION (CC26),CATHOLIC JUNIOR COLLEGE,24.58,11.81
109029,297822,LABRADOR PARK MRT STATION (CC27),CATHOLIC JUNIOR COLLEGE,20.68,10.42
109028,297822,TELOK BLANGAH MRT STATION (CC28),CATHOLIC JUNIOR COLLEGE,22.08,11.17
098867,297822,HARBOURFRONT MRT STATION (CC29 / NE1),CATHOLIC JUNIOR COLLEGE,19.32,9.61
099423,297822,KEPPEL MRT STATION (CC30),CATHOLIC JUNIOR COLLEGE,18.72,9.4
089395,297822,CANTONMENT MRT STATION (CC31),CATHOLIC JUNIOR COLLEGE,16.02,9.64
079122,297822,PRINCE EDWARD ROAD MRT STATION (CC32),CATHOLIC JUNIOR COLLEGE,15.97,9.5
018957,297822,BAYFRONT MRT STATION (DT16 / CE1),CATHOLIC JUNIOR COLLEGE,14.87,7.34
018925,297822,MARINA BAY MRT STATION (NS27 / TE20 / CE2),CATHOLIC JUNIOR COLLEGE,16.2,9.39
467356,297822,TANAH MERAH MRT STATION (EW4 / CG),CATHOLIC JUNIOR COLLEGE,21.67,15.18
486065,297822,EXPO MRT STATION (CG1 / DT35),CATHOLIC JUNIOR COLLEGE,23.47,16.26
819661,297822,CHANGI AIRPORT MRT STATION (CG2),CATHOLIC JUNIOR COLLEGE,26.97,21.19
678213,297822,BUKIT PANJANG MRT STATION (DT1 / BP6),CATHOLIC JUNIOR COLLEGE,20.62,13.64
679696,297822,CASHEW MRT STATION (DT2),CATHOLIC JUNIOR COLLEGE,20.8,12.49
678211,297822,HILLVIEW MRT STATION (DT3),CATHOLIC JUNIOR COLLEGE,19.58,11.89
589681,297822,HUME MRT STATION (DT4),CATHOLIC JUNIOR COLLEGE,21.15,12.72
588216,297822,BEAUTY WORLD MRT STATION (DT5),CATHOLIC JUNIOR COLLEGE,14.93,10.38
599987,297822,KING ALBERT PARK MRT STATION (DT6),CATHOLIC JUNIOR COLLEGE,16.48,11.09
269784,297822,SIXTH AVENUE MRT STATION (DT7),CATHOLIC JUNIOR COLLEGE,14.7,8.62
266268,297822,TAN KAH KEE MRT STATION (DT8),CATHOLIC JUNIOR COLLEGE,15.08,7.51
257877,297822,STEVENS MRT STATION (DT10 / TE11),CATHOLIC JUNIOR COLLEGE,9.95,4.74
228234,297822,NEWTON MRT STATION (NS21 / DT11),CATHOLIC JUNIOR COLLEGE,6.53,2.97
229900,297822,LITTLE INDIA MRT STATION (NE7 / DT12),CATHOLIC JUNIOR COLLEGE,8.25,3.88
188505,297822,ROCHOR MRT STATION (DT13),CATHOLIC JUNIOR COLLEGE,8.8,4.26
188022,297822,BUGIS MRT STATION (EW12 / DT14),CATHOLIC JUNIOR COLLEGE,9.92,4.83
018969,297822,DOWNTOWN MRT STATION (DT17),CATHOLIC JUNIOR COLLEGE,14.52,8.76
048416,297822,TELOK AYER MRT STATION (DT18),CATHOLIC JUNIOR COLLEGE,14.57,8.64
059443,297822,CHINATOWN MRT STATION (NE4 / DT19),CATHOLIC JUNIOR COLLEGE,13.42,8.18
179038,297822,FORT CANNING MRT STATION (DT20),CATHOLIC JUNIOR COLLEGE,12.17,6.72
189658,297822,BENCOOLEN MRT STATION (DT21),CATHOLIC JUNIOR COLLEGE,10.63,5.18
208826,297822,JALAN BESAR MRT STATION (DT22),CATHOLIC JUNIOR COLLEGE,9.97,4.76
339356,297822,BENDEMEER MRT STATION (DT23),CATHOLIC JUNIOR COLLEGE,9.2,4.38
339355,297822,GEYLANG BAHRU MRT STATION (DT24),CATHOLIC JUNIOR COLLEGE,11.63,5.74
379314,297822,MATTAR MRT STATION (DT25),CATHOLIC JUNIOR COLLEGE,13.4,6.9
408899,297822,UBI MRT STATION (DT27),CATHOLIC JUNIOR COLLEGE,13.32,8.68
415804,297822,KAKI BUKIT MRT STATION (DT28),CATHOLIC JUNIOR COLLEGE,15.32,10.07
479481,297822,BEDOK NORTH MRT STATION (DT29),CATHOLIC JUNIOR COLLEGE,18.15,11.08
469724,297822,BEDOK RESERVOIR MRT STATION (DT30),CATHOLIC JUNIOR COLLEGE,16.28,12.4
529683,297822,TAMPINES WEST MRT STATION (DT31),CATHOLIC JUNIOR COLLEGE,20.67,14.1
529538,297822,TAMPINES MRT STATION (EW2 / DT32),CATHOLIC JUNIOR COLLEGE,22.08,15.41
529623,297822,TAMPINES EAST MRT STATION (DT33),CATHOLIC JUNIOR COLLEGE,22.32,16.99
485990,297822,UPPER CHANGI MRT STATION (DT34),CATHOLIC JUNIOR COLLEGE,21.67,16.77
486800,297822,XILIN MRT STATION (DT36),CATHOLIC JUNIOR COLLEGE,22.22,16.34
469731,297822,SUNGEI BEDOK MRT STATION (TE31 / DT37),CATHOLIC JUNIOR COLLEGE,24.52,16.45
519634,297822,PASIR RIS MRT STATION (EW1),CATHOLIC JUNIOR COLLEGE,27.58,20.63
529888,297822,SIMEI MRT STATION (EW3),CATHOLIC JUNIOR COLLEGE,21.6,15.38
467347,297822,BEDOK MRT STATION (EW5),CATHOLIC JUNIOR COLLEGE,17.45,12.38
416551,297822,KEMBANGAN MRT STATION (EW6),CATHOLIC JUNIOR COLLEGE,16.17,10.95
409423,297822,EUNOS MRT STATION (EW7),CATHOLIC JUNIOR COLLEGE,13.83,9.68
388310,297822,ALJUNIED MRT STATION (EW9),CATHOLIC JUNIOR COLLEGE,12.5,7.6
387405,297822,KALLANG MRT STATION (EW10),CATHOLIC JUNIOR COLLEGE,10.28,6.6
208699,297822,LAVENDER MRT STATION (EW11),CATHOLIC JUNIOR COLLEGE,9.9,4.83
179100,297822,CITY HALL MRT STATION (NS25 / EW13),CATHOLIC JUNIOR COLLEGE,11.67,5.64
048618,297822,RAFFLES PLACE MRT STATION (NS26 / EW14),CATHOLIC JUNIOR COLLEGE,14.82,7.12
069119,297822,TANJONG PAGAR MRT STATION (EW15),CATHOLIC JUNIOR COLLEGE,15.35,9.12
169037,297822,OUTRAM PARK MRT STATION (EW16 / NE3 / TE17),CATHOLIC JUNIOR COLLEGE,13.17,8.32
168731,297822,TIONG BAHRU MRT STATION (EW17),CATHOLIC JUNIOR COLLEGE,13.65,6.71
158792,297822,REDHILL MRT STATION (EW18),CATHOLIC JUNIOR COLLEGE,14.77,7.34
149729,297822,QUEENSTOWN MRT STATION (EW19),CATHOLIC JUNIOR COLLEGE,16.4,8.12
149735,297822,COMMONWEALTH MRT STATION (EW20),CATHOLIC JUNIOR COLLEGE,17.53,8.78
138677,297822,DOVER MRT STATION (EW22),CATHOLIC JUNIOR COLLEGE,21.32,10.76
129580,297822,CLEMENTI MRT STATION (EW23),CATHOLIC JUNIOR COLLEGE,20.82,14.11
609690,297822,JURONG EAST MRT STATION (NS1 / EW24),CATHOLIC JUNIOR COLLEGE,21.68,15.47
609959,297822,CHINESE GARDEN MRT STATION (EW25),CATHOLIC JUNIOR COLLEGE,24.1,17.12
649845,297822,LAKESIDE MRT STATION (EW26),CATHOLIC JUNIOR COLLEGE,24.13,17.53
649846,297822,BOON LAY MRT STATION (EW27),CATHOLIC JUNIOR COLLEGE,27.25,19.2
648310,297822,PIONEER MRT STATION (EW28),CATHOLIC JUNIOR COLLEGE,29.23,23.22
629116,297822,JOO KOON MRT STATION (EW29),CATHOLIC JUNIOR COLLEGE,31.42,25.36
637288,297822,GUL CIRCLE MRT STATION (EW30),CATHOLIC JUNIOR COLLEGE,31.88,26.63
639608,297822,TUAS CRESCENT MRT STATION (EW31),CATHOLIC JUNIOR COLLEGE,39.03,30.06
639609,297822,TUAS WEST ROAD MRT STATION (EW32),CATHOLIC JUNIOR COLLEGE,37.42,30.05
638418,297822,TUAS LINK MRT STATION (EW33),CATHOLIC JUNIOR COLLEGE,37.95,30.96
059815,297822,CLARKE QUAY MRT STATION (NE5),CATHOLIC JUNIOR COLLEGE,13.88,8.44
218703,297822,FARRER PARK MRT STATION (NE8),CATHOLIC JUNIOR COLLEGE,9.18,4.14
328260,297822,BOON KENG MRT STATION (NE9),CATHOLIC JUNIOR COLLEGE,10.12,5.42
347694,297822,POTONG PASIR MRT STATION (NE10),CATHOLIC JUNIOR COLLEGE,8.27,4.62
347695,297822,WOODLEIGH MRT STATION (NE11),CATHOLIC JUNIOR COLLEGE,9.97,5.53
534799,297822,KOVAN MRT STATION (NE13),CATHOLIC JUNIOR COLLEGE,16.67,8.93
538758,297822,HOUGANG MRT STATION (NE14),CATHOLIC JUNIOR COLLEGE,19.87,10.29
545061,297822,BUANGKOK MRT STATION (NE15),CATHOLIC JUNIOR COLLEGE,22.4,13.35
545062,297822,SENGKANG LRT STATION (STC),CATHOLIC JUNIOR COLLEGE,23.07,14.15
828868,297822,PUNGGOL MRT STATION (NE17 / PTC),CATHOLIC JUNIOR COLLEGE,23.9,18.08
828604,297822,PUNGGOL COAST MRT STATION (NE18),CATHOLIC JUNIOR COLLEGE,26.3,19.36
659958,297822,BUKIT BATOK MRT STATION (NS2),CATHOLIC JUNIOR COLLEGE,23.22,14.32
659083,297822,BUKIT GOMBAK MRT STATION (NS3),CATHOLIC JUNIOR COLLEGE,23.2,14.33
689810,297822,CHOA CHU KANG MRT STATION (NS4 / BP1 / JS1),CATHOLIC JUNIOR COLLEGE,25.03,17.91
689715,297822,YEW TEE MRT STATION (NS5),CATHOLIC JUNIOR COLLEGE,24.9,18.02
738702,297822,KRANJI MRT STATION (NS7),CATHOLIC JUNIOR COLLEGE,25,18.84
739044,297822,MARSILING MRT STATION (NS8),CATHOLIC JUNIOR COLLEGE,23.98,18.27
738343,297822,WOODLANDS MRT STATION (NS9 / TE2),CATHOLIC JUNIOR COLLEGE,26.68,19.68
738344,297822,ADMIRALTY MRT STATION (NS10),CATHOLIC JUNIOR COLLEGE,30.17,21.28
759775,297822,SEMBAWANG MRT STATION (NS11),CATHOLIC JUNIOR COLLEGE,31.77,16.4
756972,297822,CANBERRA MRT STATION (NS12),CATHOLIC JUNIOR COLLEGE,30.17,15.65
769093,297822,YISHUN MRT STATION (NS13),CATHOLIC JUNIOR COLLEGE,26.97,13.95
769092,297822,KHATIB MRT STATION (NS14),CATHOLIC JUNIOR COLLEGE,24.43,12.59
569813,297822,YIO CHU KANG MRT STATION (NS15),CATHOLIC JUNIOR COLLEGE,15.6,7.8
569812,297822,ANG MO KIO MRT STATION (NS16),CATHOLIC JUNIOR COLLEGE,13.73,6.81
319756,297822,BRADDELL MRT STATION (NS18),CATHOLIC JUNIOR COLLEGE,6.83,3.34
319398,297822,TOA PAYOH MRT STATION (NS19),CATHOLIC JUNIOR COLLEGE,6.38,2.8
307642,297822,NOVENA MRT STATION (NS20),CATHOLIC JUNIOR COLLEGE,6.42,2.38
238878,297822,ORCHARD MRT STATION (TE14 / NS22),CATHOLIC JUNIOR COLLEGE,9.63,4.56
238162,297822,SOMERSET MRT STATION (NE23),CATHOLIC JUNIOR COLLEGE,10.78,5.11
018948,297822,MARINA SOUTH PIER MRT STATION (NS28),CATHOLIC JUNIOR COLLEGE,18.98,12.86
737668,297822,WOODLANDS NORTH MRT STATION (TE1),CATHOLIC JUNIOR COLLEGE,30.37,21.66
737741,297822,WOODLANDS SOUTH MRT STATION (TE3),CATHOLIC JUNIOR COLLEGE,29.33,15.58
787140,297822,SPRINGLEAF MRT STATION (TE4),CATHOLIC JUNIOR COLLEGE,20.57,10.31
789361,297822,LENTOR MRT STATION (TE5),CATHOLIC JUNIOR COLLEGE,19.02,9.32
569900,297822,MAYFLOWER MRT STATION (TE6),CATHOLIC JUNIOR COLLEGE,16.88,8.41
575737,297822,BRIGHT HILL MRT STATION (TE7),CATHOLIC JUNIOR COLLEGE,13.1,6.18
577937,297822,UPPER THOMSON MRT STATION (TE8),CATHOLIC JUNIOR COLLEGE,9.75,4.67
299781,297822,MOUNT PLEASANT MRT STATION (TE10),CATHOLIC JUNIOR COLLEGE,5.28,2.06
258511,297822,NAPIER MRT STATION (TE12),CATHOLIC JUNIOR COLLEGE,11.78,5.67
248654,297822,ORCHARD BOULEVARD MRT STATION (TE13),CATHOLIC JUNIOR COLLEGE,12.05,5.85
238384,297822,GREAT WORLD MRT STATION (TE15),CATHOLIC JUNIOR COLLEGE,12.5,5.91
168604,297822,HAVELOCK MRT STATION (TE16),CATHOLIC JUNIOR COLLEGE,14.35,6.89
058841,297822,MAXWELL MRT STATION (TE18),CATHOLIC JUNIOR COLLEGE,15.12,8.6
018928,297822,SHENTON WAY MRT STATION (TE19),CATHOLIC JUNIOR COLLEGE,15.52,9.09
019397,297822,MARINA SOUTH MRT STATION (TE21),CATHOLIC JUNIOR COLLEGE,16.68,11.7
019396,297822,GARDENS BY THE BAY MRT STATION (TE22),CATHOLIC JUNIOR COLLEGE,18.98,12.81
436488,297822,TANJONG RHU MRT STATION (TE23),CATHOLIC JUNIOR COLLEGE,16.4,9.22
437870,297822,KATONG PARK MRT STATION (TE24),CATHOLIC JUNIOR COLLEGE,14.27,8.69
439846,297822,TANJONG KATONG MRT STATION (TE25),CATHOLIC JUNIOR COLLEGE,16.37,9.83
449971,297822,MARINE PARADE MRT STATION (TE26),CATHOLIC JUNIOR COLLEGE,17.73,10.86
449970,297822,MARINE TERRACE MRT STATION (TE27),CATHOLIC JUNIOR COLLEGE,18.27,11.65
449969,297822,SIGLAP MRT STATION (TE28),CATHOLIC JUNIOR COLLEGE,20.47,13.24
469958,297822,BAYSHORE MRT STATION (TE29),CATHOLIC JUNIOR COLLEGE,21.98,14.58
468324,297822,BEDOK SOUTH MRT STATION (TE30),CATHOLIC JUNIOR COLLEGE,24.32,15.52
688265,297822,SOUTH VIEW LRT STATION (BP2),CATHOLIC JUNIOR COLLEGE,24.12,15.55
688266,297822,KEAT HONG LRT STATION (BP3),CATHOLIC JUNIOR COLLEGE,23.25,15.1
688267,297822,TECK WHYE LRT STATION (BP4),CATHOLIC JUNIOR COLLEGE,22.23,14.56
689483,297822,PHOENIX LRT STATION (BP5),CATHOLIC JUNIOR COLLEGE,21.07,13.98
678269,297822,PETIR LRT STATION (BP7),CATHOLIC JUNIOR COLLEGE,19.47,13.06
678296,297822,PENDING LRT STATION (BP8),CATHOLIC JUNIOR COLLEGE,18.2,12.44
679939,297822,BANGKIT LRT STATION (BP9),CATHOLIC JUNIOR COLLEGE,18.5,12.56
679004,297822,FAJAR LRT STATION (BP10),CATHOLIC JUNIOR COLLEGE,20.92,13.62
679940,297822,SEGAR LRT STATION (BP11),CATHOLIC JUNIOR COLLEGE,20.47,13.61
679941,297822,JELAPANG LRT STATION (BP12),CATHOLIC JUNIOR COLLEGE,21.35,14.09
679942,297822,SENJA LRT STATION (BP13),CATHOLIC JUNIOR COLLEGE,20.35,13.56
545055,297822,COMPASSVALE LRT STATION (SE1),CATHOLIC JUNIOR COLLEGE,22.87,17.47
545054,297822,RUMBIA LRT STATION (SE2),CATHOLIC JUNIOR COLLEGE,22.23,15.86
545053,297822,BAKAU LRT STATION (SE3),CATHOLIC JUNIOR COLLEGE,21.53,15.48
545052,297822,KANGKAR LRT STATION (SE4),CATHOLIC JUNIOR COLLEGE,20.48,14.92
545046,297822,RANGGUNG LRT STATION (SE5),CATHOLIC JUNIOR COLLEGE,22.52,15.6
545047,297822,CHENG LIM LRT STATION (SW1),CATHOLIC JUNIOR COLLEGE,23.25,18.38
545048,297822,FARMWAY LRT STATION (SW2),CATHOLIC JUNIOR COLLEGE,25.68,15.68
797697,297822,KUPANG LRT STATION (SW3),CATHOLIC JUNIOR COLLEGE,22.27,14.3
797699,297822,THANGGAM LRT STATION (SW4),CATHOLIC JUNIOR COLLEGE,20.67,13.66
797698,297822,FERNVALE LRT STATION (SW5),CATHOLIC JUNIOR COLLEGE,19.75,13.24
797700,297822,LAYAR LRT STATION (SW6),CATHOLIC JUNIOR COLLEGE,20.45,13.62
545050,297822,TONGKANG LRT STATION (SW7),CATHOLIC JUNIOR COLLEGE,21.87,14.38
545049,297822,RENJONG LRT STATION (SW8),CATHOLIC JUNIOR COLLEGE,24.45,14.23
828858,297822,COVE LRT STATION (PE1),CATHOLIC JUNIOR COLLEGE,23.32,17.5
828857,297822,MERIDIAN LRT STATION (PE2),CATHOLIC JUNIOR COLLEGE,24,17.83
828856,297822,CORAL EDGE LRT STATION (PE3),CATHOLIC JUNIOR COLLEGE,25.47,17.65
828852,297822,RIVIERA LRT STATION (PE4),CATHOLIC JUNIOR COLLEGE,22.82,16.76
828853,297822,KADALOOR LRT STATION (PE5),CATHOLIC JUNIOR COLLEGE,25.72,17.78
828854,297822,OASIS LRT STATION (PE6),CATHOLIC JUNIOR COLLEGE,25.15,17.77
828855,297822,DAMAI LRT STATION (PE7),CATHOLIC JUNIOR COLLEGE,23.98,18.07
828851,297822,SAM KEE LRT STATION (PW1),CATHOLIC JUNIOR COLLEGE,25.47,18.61
828861,297822,TECK LEE LRT STATION (PW2),CATHOLIC JUNIOR COLLEGE,26.02,18.92
828644,297822,PUNGGOL POINT LRT STATION (PW3),CATHOLIC JUNIOR COLLEGE,26.88,20.33
828645,297822,SAMUDERA LRT STATION (PW4),CATHOLIC JUNIOR COLLEGE,25.8,19.75
828862,297822,NIBONG LRT STATION (PW5),CATHOLIC JUNIOR COLLEGE,24.93,19.28
828863,297822,SUMANG LRT STATION (PW6),CATHOLIC JUNIOR COLLEGE,27.1,19.48
828864,297822,SOO TECK LRT STATION (PW7),CATHOLIC JUNIOR COLLEGE,24.18,18.62
238826,436895,DHOBY GHAUT MRT STATION (NS24 / NE6 / CC1),DUNMAN HIGH SCHOOL,12.67,6.19
189561,436895,BRAS BASAH MRT STATION (CC2),DUNMAN HIGH SCHOOL,11.58,5.61
189562,436895,ESPLANADE MRT STATION (CC3),DUNMAN HIGH SCHOOL,11.15,5.32
039193,436895,PROMENADE MRT STATION (DT15 / CC4),DUNMAN HIGH SCHOOL,10.68,4.99
038970,436895,NICOLL HIGHWAY MRT STATION (CC5),DUNMAN HIGH SCHOOL,9.23,4.36
397692,436895,STADIUM MRT STATION (CC6),DUNMAN HIGH SCHOOL,5.85,1.83
398006,436895,MOUNTBATTEN MRT STATION (CC7),DUNMAN HIGH SCHOOL,5.17,1.83
397973,436895,DAKOTA MRT STATION (CC8),DUNMAN HIGH SCHOOL,6.63,2.59
409006,436895,PAYA LEBAR MRT STATION (EW8 / CC9),DUNMAN HIGH SCHOOL,11.25,4.54
409048,436895,MACPHERSON MRT STATION (DT26 / CC10),DUNMAN HIGH SCHOOL,14.65,6.47
534803,436895,TAI SENG MRT STATION (CC11),DUNMAN HIGH SCHOOL,13.38,5.89
539788,436895,BARTLEY MRT STATION (CC12),DUNMAN HIGH SCHOOL,15.97,7.22
534801,436895,SERANGOON MRT STATION (NE12 / CC13),DUNMAN HIGH SCHOOL,17.32,8.17
554533,436895,LORONG CHUAN MRT STATION (CC14),DUNMAN HIGH SCHOOL,18.5,9.79
579827,436895,BISHAN MRT STATION (NS17 / CC15),DUNMAN HIGH SCHOOL,18.85,9.16
573993,436895,MARYMOUNT MRT STATION (CC16),DUNMAN HIGH SCHOOL,18.87,10.73
298113,436895,CALDECOTT MRT STATION (CC17 / TE9),DUNMAN HIGH SCHOOL,17.3,9.63
257494,436895,BOTANIC GARDENS MRT STATION (CC19 / DT9),DUNMAN HIGH SCHOOL,20.88,10.62
268857,436895,FARRER ROAD MRT STATION (CC20),DUNMAN HIGH SCHOOL,22.07,11.28
278995,436895,HOLLAND VILLAGE MRT STATION (CC21),DUNMAN HIGH SCHOOL,25.77,17.84
139345,436895,BUONA VISTA MRT STATION (CC22 / EW21),DUNMAN HIGH SCHOOL,23.92,17.16
138647,436895,ONE-NORTH MRT STATION (CC23),DUNMAN HIGH SCHOOL,22.55,16.23
118177,436895,KENT RIDGE MRT STATION (CC24),DUNMAN HIGH SCHOOL,21.03,15.54
117396,436895,HAW PAR VILLA MRT STATION (CC25),DUNMAN HIGH SCHOOL,25.65,15.6
117424,436895,PASIR PANJANG MRT STATION (CC26),DUNMAN HIGH SCHOOL,25.1,14.73
109029,436895,LABRADOR PARK MRT STATION (CC27),DUNMAN HIGH SCHOOL,21.33,13.26
109028,436895,TELOK BLANGAH MRT STATION (CC28),DUNMAN HIGH SCHOOL,22.7,13.99
098867,436895,HARBOURFRONT MRT STATION (CC29 / NE1),DUNMAN HIGH SCHOOL,18.03,11.44
099423,436895,KEPPEL MRT STATION (CC30),DUNMAN HIGH SCHOOL,16.48,10.68
089395,436895,CANTONMENT MRT STATION (CC31),DUNMAN HIGH SCHOOL,14.42,8.82
079122,436895,PRINCE EDWARD ROAD MRT STATION (CC32),DUNMAN HIGH SCHOOL,12.47,7.92
018957,436895,BAYFRONT MRT STATION (DT16 / CE1),DUNMAN HIGH SCHOOL,9.52,5.1
018925,436895,MARINA BAY MRT STATION (NS27 / TE20 / CE2),DUNMAN HIGH SCHOOL,11.03,5.9
467356,436895,TANAH MERAH MRT STATION (EW4 / CG),DUNMAN HIGH SCHOOL,18.95,10.87
486065,436895,EXPO MRT STATION (CG1 / DT35),DUNMAN HIGH SCHOOL,22.33,14.09
819661,436895,CHANGI AIRPORT MRT STATION (CG2),DUNMAN HIGH SCHOOL,22.93,16.02
678213,436895,BUKIT PANJANG MRT STATION (DT1 / BP6),DUNMAN HIGH SCHOOL,30.05,20.2
679696,436895,CASHEW MRT STATION (DT2),DUNMAN HIGH SCHOOL,30.17,19.07
678211,436895,HILLVIEW MRT STATION (DT3),DUNMAN HIGH SCHOOL,28.93,18.41
589681,436895,HUME MRT STATION (DT4),DUNMAN HIGH SCHOOL,27.15,18.39
588216,436895,BEAUTY WORLD MRT STATION (DT5),DUNMAN HIGH SCHOOL,24.35,16.93
599987,436895,KING ALBERT PARK MRT STATION (DT6),DUNMAN HIGH SCHOOL,25.55,17.6
269784,436895,SIXTH AVENUE MRT STATION (DT7),DUNMAN HIGH SCHOOL,24.23,15.23
266268,436895,TAN KAH KEE MRT STATION (DT8),DUNMAN HIGH SCHOOL,24.17,12.38
257877,436895,STEVENS MRT STATION (DT10 / TE11),DUNMAN HIGH SCHOOL,17.85,9.01
228234,436895,NEWTON MRT STATION (NS21 / DT11),DUNMAN HIGH SCHOOL,14.52,7.24
229900,436895,LITTLE INDIA MRT STATION (NE7 / DT12),DUNMAN HIGH SCHOOL,14.13,6.69
188505,436895,ROCHOR MRT STATION (DT13),DUNMAN HIGH SCHOOL,11.93,5.79
188022,436895,BUGIS MRT STATION (EW12 / DT14),DUNMAN HIGH SCHOOL,9.92,4.81
018969,436895,DOWNTOWN MRT STATION (DT17),DUNMAN HIGH SCHOOL,11.67,6.26
048416,436895,TELOK AYER MRT STATION (DT18),DUNMAN HIGH SCHOOL,13.17,6.9
059443,436895,CHINATOWN MRT STATION (NE4 / DT19),DUNMAN HIGH SCHOOL,13.87,7.49
179038,436895,FORT CANNING MRT STATION (DT20),DUNMAN HIGH SCHOOL,15.18,8.03
189658,436895,BENCOOLEN MRT STATION (DT21),DUNMAN HIGH SCHOOL,12.17,5.78
208826,436895,JALAN BESAR MRT STATION (DT22),DUNMAN HIGH SCHOOL,10.88,5.13
339356,436895,BENDEMEER MRT STATION (DT23),DUNMAN HIGH SCHOOL,11.22,4.84
339355,436895,GEYLANG BAHRU MRT STATION (DT24),DUNMAN HIGH SCHOOL,11.25,4.7
379314,436895,MATTAR MRT STATION (DT25),DUNMAN HIGH SCHOOL,12.9,5.38
408899,436895,UBI MRT STATION (DT27),DUNMAN HIGH SCHOOL,13.85,6.02
415804,436895,KAKI BUKIT MRT STATION (DT28),DUNMAN HIGH SCHOOL,15.7,7.39
479481,436895,BEDOK NORTH MRT STATION (DT29),DUNMAN HIGH SCHOOL,18.8,8.09
469724,436895,BEDOK RESERVOIR MRT STATION (DT30),DUNMAN HIGH SCHOOL,17.78,9.61
529683,436895,TAMPINES WEST MRT STATION (DT31),DUNMAN HIGH SCHOOL,20.1,10.84
529538,436895,TAMPINES MRT STATION (EW2 / DT32),DUNMAN HIGH SCHOOL,23.82,12.72
529623,436895,TAMPINES EAST MRT STATION (DT33),DUNMAN HIGH SCHOOL,23.32,17.58
485990,436895,UPPER CHANGI MRT STATION (DT34),DUNMAN HIGH SCHOOL,22.83,12.82
486800,436895,XILIN MRT STATION (DT36),DUNMAN HIGH SCHOOL,18.72,12.89
469731,436895,SUNGEI BEDOK MRT STATION (TE31 / DT37),DUNMAN HIGH SCHOOL,18.5,10.44
519634,436895,PASIR RIS MRT STATION (EW1),DUNMAN HIGH SCHOOL,28.37,20.42
529888,436895,SIMEI MRT STATION (EW3),DUNMAN HIGH SCHOOL,23,12.6
467347,436895,BEDOK MRT STATION (EW5),DUNMAN HIGH SCHOOL,15.93,9.36
416551,436895,KEMBANGAN MRT STATION (EW6),DUNMAN HIGH SCHOOL,13.83,6.3
409423,436895,EUNOS MRT STATION (EW7),DUNMAN HIGH SCHOOL,12.07,5.37
388310,436895,ALJUNIED MRT STATION (EW9),DUNMAN HIGH SCHOOL,9.38,3.74
387405,436895,KALLANG MRT STATION (EW10),DUNMAN HIGH SCHOOL,8.3,3.54
208699,436895,LAVENDER MRT STATION (EW11),DUNMAN HIGH SCHOOL,10.35,4.63
179100,436895,CITY HALL MRT STATION (NS25 / EW13),DUNMAN HIGH SCHOOL,12.15,5.93
048618,436895,RAFFLES PLACE MRT STATION (NS26 / EW14),DUNMAN HIGH SCHOOL,13.45,7.01
069119,436895,TANJONG PAGAR MRT STATION (EW15),DUNMAN HIGH SCHOOL,13.25,7.86
169037,436895,OUTRAM PARK MRT STATION (EW16 / NE3 / TE17),DUNMAN HIGH SCHOOL,14.73,9.19
168731,436895,TIONG BAHRU MRT STATION (EW17),DUNMAN HIGH SCHOOL,16.95,11.44
158792,436895,REDHILL MRT STATION (EW18),DUNMAN HIGH SCHOOL,18.58,12.37
149729,436895,QUEENSTOWN MRT STATION (EW19),DUNMAN HIGH SCHOOL,22.55,14.39
149735,436895,COMMONWEALTH MRT STATION (EW20),DUNMAN HIGH SCHOOL,22.77,16.14
138677,436895,DOVER MRT STATION (EW22),DUNMAN HIGH SCHOOL,25.33,18.7
129580,436895,CLEMENTI MRT STATION (EW23),DUNMAN HIGH SCHOOL,24.62,18.78
609690,436895,JURONG EAST MRT STATION (NS1 / EW24),DUNMAN HIGH SCHOOL,28.68,21.97
609959,436895,CHINESE GARDEN MRT STATION (EW25),DUNMAN HIGH SCHOOL,33.53,23.68
649845,436895,LAKESIDE MRT STATION (EW26),DUNMAN HIGH SCHOOL,33.3,25.66
649846,436895,BOON LAY MRT STATION (EW27),DUNMAN HIGH SCHOOL,35.37,27.43
648310,436895,PIONEER MRT STATION (EW28),DUNMAN HIGH SCHOOL,35.6,28.19
629116,436895,JOO KOON MRT STATION (EW29),DUNMAN HIGH SCHOOL,35.67,29.01
637288,436895,GUL CIRCLE MRT STATION (EW30),DUNMAN HIGH SCHOOL,39.53,31.91
639608,436895,TUAS CRESCENT MRT STATION (EW31),DUNMAN HIGH SCHOOL,44.35,34.08
639609,436895,TUAS WEST ROAD MRT STATION (EW32),DUNMAN HIGH SCHOOL,43.07,34.38
638418,436895,TUAS LINK MRT STATION (EW33),DUNMAN HIGH SCHOOL,42.67,35.16
059815,436895,CLARKE QUAY MRT STATION (NE5),DUNMAN HIGH SCHOOL,13.48,7.22
218703,436895,FARRER PARK MRT STATION (NE8),DUNMAN HIGH SCHOOL,13.35,6.37
328260,436895,BOON KENG MRT STATION (NE9),DUNMAN HIGH SCHOOL,13.38,5.6
347694,436895,POTONG PASIR MRT STATION (NE10),DUNMAN HIGH SCHOOL,13.87,6.02
347695,436895,WOODLEIGH MRT STATION (NE11),DUNMAN HIGH SCHOOL,15.12,7
534799,436895,KOVAN MRT STATION (NE13),DUNMAN HIGH SCHOOL,20.32,10.57
538758,436895,HOUGANG MRT STATION (NE14),DUNMAN HIGH SCHOOL,22.93,12.95
545061,436895,BUANGKOK MRT STATION (NE15),DUNMAN HIGH SCHOOL,23,14.18
545062,436895,SENGKANG LRT STATION (STC),DUNMAN HIGH SCHOOL,24.05,14.74
828868,436895,PUNGGOL MRT STATION (NE17 / PTC),DUNMAN HIGH SCHOOL,24.48,16.38
828604,436895,PUNGGOL COAST MRT STATION (NE18),DUNMAN HIGH SCHOOL,26.82,17.62
659958,436895,BUKIT BATOK MRT STATION (NS2),DUNMAN HIGH SCHOOL,32.65,20.88
659083,436895,BUKIT GOMBAK MRT STATION (NS3),DUNMAN HIGH SCHOOL,32.63,20.88
689810,436895,CHOA CHU KANG MRT STATION (NS4 / BP1 / JS1),DUNMAN HIGH SCHOOL,34.47,24.47
689715,436895,YEW TEE MRT STATION (NS5),DUNMAN HIGH SCHOOL,34.27,24.54
738702,436895,KRANJI MRT STATION (NS7),DUNMAN HIGH SCHOOL,34.47,25.41
739044,436895,MARSILING MRT STATION (NS8),DUNMAN HIGH SCHOOL,33.43,24.84
738343,436895,WOODLANDS MRT STATION (NS9 / TE2),DUNMAN HIGH SCHOOL,36.2,26.27
738344,436895,ADMIRALTY MRT STATION (NS10),DUNMAN HIGH SCHOOL,36.12,24.61
759775,436895,SEMBAWANG MRT STATION (NS11),DUNMAN HIGH SCHOOL,38.73,23.42
756972,436895,CANBERRA MRT STATION (NS12),DUNMAN HIGH SCHOOL,35.32,21.98
769093,436895,YISHUN MRT STATION (NS13),DUNMAN HIGH SCHOOL,32.18,20.31
769092,436895,KHATIB MRT STATION (NS14),DUNMAN HIGH SCHOOL,29.58,18.92
569813,436895,YIO CHU KANG MRT STATION (NS15),DUNMAN HIGH SCHOOL,22.97,12.18
569812,436895,ANG MO KIO MRT STATION (NS16),DUNMAN HIGH SCHOOL,19.62,10.5
319756,436895,BRADDELL MRT STATION (NS18),DUNMAN HIGH SCHOOL,16.42,8.93
319398,436895,TOA PAYOH MRT STATION (NS19),DUNMAN HIGH SCHOOL,16.27,8.38
307642,436895,NOVENA MRT STATION (NS20),DUNMAN HIGH SCHOOL,16.28,7.36
238878,436895,ORCHARD MRT STATION (TE14 / NS22),DUNMAN HIGH SCHOOL,16.32,7.94
238162,436895,SOMERSET MRT STATION (NE23),DUNMAN HIGH SCHOOL,15.58,7.64
018948,436895,MARINA SOUTH PIER MRT STATION (NS28),DUNMAN HIGH SCHOOL,12.78,6.79
737668,436895,WOODLANDS NORTH MRT STATION (TE1),DUNMAN HIGH SCHOOL,39.8,28.22
737741,436895,WOODLANDS SOUTH MRT STATION (TE3),DUNMAN HIGH SCHOOL,34.47,23.42
787140,436895,SPRINGLEAF MRT STATION (TE4),DUNMAN HIGH SCHOOL,26.83,18.13
789361,436895,LENTOR MRT STATION (TE5),DUNMAN HIGH SCHOOL,24.77,14.14
569900,436895,MAYFLOWER MRT STATION (TE6),DUNMAN HIGH SCHOOL,22.67,12.14
575737,436895,BRIGHT HILL MRT STATION (TE7),DUNMAN HIGH SCHOOL,22.1,11.84
577937,436895,UPPER THOMSON MRT STATION (TE8),DUNMAN HIGH SCHOOL,21.52,12.01
299781,436895,MOUNT PLEASANT MRT STATION (TE10),DUNMAN HIGH SCHOOL,16.12,8.96
258511,436895,NAPIER MRT STATION (TE12),DUNMAN HIGH SCHOOL,19.27,9.6
248654,436895,ORCHARD BOULEVARD MRT STATION (TE13),DUNMAN HIGH SCHOOL,18.55,9.31
238384,436895,GREAT WORLD MRT STATION (TE15),DUNMAN HIGH SCHOOL,17.25,8.44
168604,436895,HAVELOCK MRT STATION (TE16),DUNMAN HIGH SCHOOL,16.42,8.81
058841,436895,MAXWELL MRT STATION (TE18),DUNMAN HIGH SCHOOL,14.48,8.31
018928,436895,SHENTON WAY MRT STATION (TE19),DUNMAN HIGH SCHOOL,12.55,6.6
019397,436895,MARINA SOUTH MRT STATION (TE21),DUNMAN HIGH SCHOOL,10.65,5.69
019396,436895,GARDENS BY THE BAY MRT STATION (TE22),DUNMAN HIGH SCHOOL,13.13,6.82
436488,436895,TANJONG RHU MRT STATION (TE23),DUNMAN HIGH SCHOOL,5.98,1.64
437870,436895,KATONG PARK MRT STATION (TE24),DUNMAN HIGH SCHOOL,3.43,1
439846,436895,TANJONG KATONG MRT STATION (TE25),DUNMAN HIGH SCHOOL,6.95,2.74
449971,436895,MARINE PARADE MRT STATION (TE26),DUNMAN HIGH SCHOOL,9.2,3.82
449970,436895,MARINE TERRACE MRT STATION (TE27),DUNMAN HIGH SCHOOL,10,5.06
449969,436895,SIGLAP MRT STATION (TE28),DUNMAN HIGH SCHOOL,13.23,6.78
469958,436895,BAYSHORE MRT STATION (TE29),DUNMAN HIGH SCHOOL,14.68,8.52
468324,436895,BEDOK SOUTH MRT STATION (TE30),DUNMAN HIGH SCHOOL,16.92,9.42
688265,436895,SOUTH VIEW LRT STATION (BP2),DUNMAN HIGH SCHOOL,33.55,22.11
688266,436895,KEAT HONG LRT STATION (BP3),DUNMAN HIGH SCHOOL,33.53,21.84
688267,436895,TECK WHYE LRT STATION (BP4),DUNMAN HIGH SCHOOL,31.55,21.08
689483,436895,PHOENIX LRT STATION (BP5),DUNMAN HIGH SCHOOL,30.5,20.55
678269,436895,PETIR LRT STATION (BP7),DUNMAN HIGH SCHOOL,28.95,19.65
678296,436895,PENDING LRT STATION (BP8),DUNMAN HIGH SCHOOL,27.63,18.99
679939,436895,BANGKIT LRT STATION (BP9),DUNMAN HIGH SCHOOL,27.92,19.12
679004,436895,FAJAR LRT STATION (BP10),DUNMAN HIGH SCHOOL,29.88,20.08
679940,436895,SEGAR LRT STATION (BP11),DUNMAN HIGH SCHOOL,29.88,20.17
679941,436895,JELAPANG LRT STATION (BP12),DUNMAN HIGH SCHOOL,30.78,20.65
679942,436895,SENJA LRT STATION (BP13),DUNMAN HIGH SCHOOL,29.77,20.11
545055,436895,COMPASSVALE LRT STATION (SE1),DUNMAN HIGH SCHOOL,23.42,15.76
545054,436895,RUMBIA LRT STATION (SE2),DUNMAN HIGH SCHOOL,22.75,14.12
545053,436895,BAKAU LRT STATION (SE3),DUNMAN HIGH SCHOOL,22.07,13.75
545052,436895,KANGKAR LRT STATION (SE4),DUNMAN HIGH SCHOOL,20.98,13.17
545046,436895,RANGGUNG LRT STATION (SE5),DUNMAN HIGH SCHOOL,21.58,13.54
545047,436895,CHENG LIM LRT STATION (SW1),DUNMAN HIGH SCHOOL,23.85,16.67
545048,436895,FARMWAY LRT STATION (SW2),DUNMAN HIGH SCHOOL,25.13,17.18
797697,436895,KUPANG LRT STATION (SW3),DUNMAN HIGH SCHOOL,27.13,15.99
797699,436895,THANGGAM LRT STATION (SW4),DUNMAN HIGH SCHOOL,25.48,15.33
797698,436895,FERNVALE LRT STATION (SW5),DUNMAN HIGH SCHOOL,26.23,15.32
797700,436895,LAYAR LRT STATION (SW6),DUNMAN HIGH SCHOOL,25.27,15.29
545050,436895,TONGKANG LRT STATION (SW7),DUNMAN HIGH SCHOOL,24.3,14.98
545049,436895,RENJONG LRT STATION (SW8),DUNMAN HIGH SCHOOL,23.15,14.37
828858,436895,COVE LRT STATION (PE1),DUNMAN HIGH SCHOOL,23.12,15.62
828857,436895,MERIDIAN LRT STATION (PE2),DUNMAN HIGH SCHOOL,23.92,16.04
828856,436895,CORAL EDGE LRT STATION (PE3),DUNMAN HIGH SCHOOL,23.93,14.79
828852,436895,RIVIERA LRT STATION (PE4),DUNMAN HIGH SCHOOL,23.32,15.01
828853,436895,KADALOOR LRT STATION (PE5),DUNMAN HIGH SCHOOL,24.72,15.52
828854,436895,OASIS LRT STATION (PE6),DUNMAN HIGH SCHOOL,25.68,16.04
828855,436895,DAMAI LRT STATION (PE7),DUNMAN HIGH SCHOOL,24.52,16.34
828851,436895,SAM KEE LRT STATION (PW1),DUNMAN HIGH SCHOOL,26.03,16.89
828861,436895,TECK LEE LRT STATION (PW2),DUNMAN HIGH SCHOOL,26.55,17.19
828644,436895,PUNGGOL POINT LRT STATION (PW3),DUNMAN HIGH SCHOOL,27.45,18.61
828645,436895,SAMUDERA LRT STATION (PW4),DUNMAN HIGH SCHOOL,26.37,18.04
828862,436895,NIBONG LRT STATION (PW5),DUNMAN HIGH SCHOOL,25.43,17.54
828863,436895,SUMANG LRT STATION (PW6),DUNMAN HIGH SCHOOL,24.63,17.11
828864,436895,SOO TECK LRT STATION (PW7),DUNMAN HIGH SCHOOL,23.93,16.74
238826,573838,DHOBY GHAUT MRT STATION (NS24 / NE6 / CC1),EUNOIA JUNIOR COLLEGE,14.95,10.47
189561,573838,BRAS BASAH MRT STATION (CC2),EUNOIA JUNIOR COLLEGE,15.98,10.32
189562,573838,ESPLANADE MRT STATION (CC3),EUNOIA JUNIOR COLLEGE,17.18,10.91
039193,573838,PROMENADE MRT STATION (DT15 / CC4),EUNOIA JUNIOR COLLEGE,17.43,11
038970,573838,NICOLL HIGHWAY MRT STATION (CC5),EUNOIA JUNIOR COLLEGE,19.78,12.25
397692,573838,STADIUM MRT STATION (CC6),EUNOIA JUNIOR COLLEGE,17.85,10.32
398006,573838,MOUNTBATTEN MRT STATION (CC7),EUNOIA JUNIOR COLLEGE,17.63,10.61
397973,573838,DAKOTA MRT STATION (CC8),EUNOIA JUNIOR COLLEGE,16.45,10.05
409006,573838,PAYA LEBAR MRT STATION (EW8 / CC9),EUNOIA JUNIOR COLLEGE,15.02,9.6
409048,573838,MACPHERSON MRT STATION (DT26 / CC10),EUNOIA JUNIOR COLLEGE,15.1,7.94
534803,573838,TAI SENG MRT STATION (CC11),EUNOIA JUNIOR COLLEGE,13.3,6.99
539788,573838,BARTLEY MRT STATION (CC12),EUNOIA JUNIOR COLLEGE,10.97,5.88
534801,573838,SERANGOON MRT STATION (NE12 / CC13),EUNOIA JUNIOR COLLEGE,12.38,6.27
554533,573838,LORONG CHUAN MRT STATION (CC14),EUNOIA JUNIOR COLLEGE,7.2,3.55
579827,573838,BISHAN MRT STATION (NS17 / CC15),EUNOIA JUNIOR COLLEGE,3.85,1.6
573993,573838,MARYMOUNT MRT STATION (CC16),EUNOIA JUNIOR COLLEGE,2.85,1.52
298113,573838,CALDECOTT MRT STATION (CC17 / TE9),EUNOIA JUNIOR COLLEGE,6.58,3.24
257494,573838,BOTANIC GARDENS MRT STATION (CC19 / DT9),EUNOIA JUNIOR COLLEGE,10.97,6.45
268857,573838,FARRER ROAD MRT STATION (CC20),EUNOIA JUNIOR COLLEGE,12.15,7.11
278995,573838,HOLLAND VILLAGE MRT STATION (CC21),EUNOIA JUNIOR COLLEGE,17.48,9.54
139345,573838,BUONA VISTA MRT STATION (CC22 / EW21),EUNOIA JUNIOR COLLEGE,18.18,10.23
138647,573838,ONE-NORTH MRT STATION (CC23),EUNOIA JUNIOR COLLEGE,20.07,11.08
118177,573838,KENT RIDGE MRT STATION (CC24),EUNOIA JUNIOR COLLEGE,21.3,11.86
117396,573838,HAW PAR VILLA MRT STATION (CC25),EUNOIA JUNIOR COLLEGE,26.6,14.72
117424,573838,PASIR PANJANG MRT STATION (CC26),EUNOIA JUNIOR COLLEGE,26.72,14.8
109029,573838,LABRADOR PARK MRT STATION (CC27),EUNOIA JUNIOR COLLEGE,23.07,12.85
109028,573838,TELOK BLANGAH MRT STATION (CC28),EUNOIA JUNIOR COLLEGE,24.43,13.58
098867,573838,HARBOURFRONT MRT STATION (CC29 / NE1),EUNOIA JUNIOR COLLEGE,23.48,16.27
099423,573838,KEPPEL MRT STATION (CC30),EUNOIA JUNIOR COLLEGE,21.87,15.54
089395,573838,CANTONMENT MRT STATION (CC31),EUNOIA JUNIOR COLLEGE,19.18,13.55
079122,573838,PRINCE EDWARD ROAD MRT STATION (CC32),EUNOIA JUNIOR COLLEGE,19.23,13.44
018957,573838,BAYFRONT MRT STATION (DT16 / CE1),EUNOIA JUNIOR COLLEGE,19.87,12.4
018925,573838,MARINA BAY MRT STATION (NS27 / TE20 / CE2),EUNOIA JUNIOR COLLEGE,19.35,13.3
467356,573838,TANAH MERAH MRT STATION (EW4 / CG),EUNOIA JUNIOR COLLEGE,24.83,16.99
486065,573838,EXPO MRT STATION (CG1 / DT35),EUNOIA JUNIOR COLLEGE,26.43,17.99
819661,573838,CHANGI AIRPORT MRT STATION (CG2),EUNOIA JUNIOR COLLEGE,31.5,23.42
678213,573838,BUKIT PANJANG MRT STATION (DT1 / BP6),EUNOIA JUNIOR COLLEGE,21.63,13.95
679696,573838,CASHEW MRT STATION (DT2),EUNOIA JUNIOR COLLEGE,21.75,12.82
678211,573838,HILLVIEW MRT STATION (DT3),EUNOIA JUNIOR COLLEGE,20.53,12.16
589681,573838,HUME MRT STATION (DT4),EUNOIA JUNIOR COLLEGE,18.75,12.13
588216,573838,BEAUTY WORLD MRT STATION (DT5),EUNOIA JUNIOR COLLEGE,15.95,10.68
599987,573838,KING ALBERT PARK MRT STATION (DT6),EUNOIA JUNIOR COLLEGE,17.13,11.35
269784,573838,SIXTH AVENUE MRT STATION (DT7),EUNOIA JUNIOR COLLEGE,15.35,8.72
266268,573838,TAN KAH KEE MRT STATION (DT8),EUNOIA JUNIOR COLLEGE,14.35,8.19
257877,573838,STEVENS MRT STATION (DT10 / TE11),EUNOIA JUNIOR COLLEGE,12.12,6.38
228234,573838,NEWTON MRT STATION (NS21 / DT11),EUNOIA JUNIOR COLLEGE,11.75,6.18
229900,573838,LITTLE INDIA MRT STATION (NE7 / DT12),EUNOIA JUNIOR COLLEGE,14.25,9.2
188505,573838,ROCHOR MRT STATION (DT13),EUNOIA JUNIOR COLLEGE,14.08,9.42
188022,573838,BUGIS MRT STATION (EW12 / DT14),EUNOIA JUNIOR COLLEGE,14.92,9.88
018969,573838,DOWNTOWN MRT STATION (DT17),EUNOIA JUNIOR COLLEGE,17.73,12.69
048416,573838,TELOK AYER MRT STATION (DT18),EUNOIA JUNIOR COLLEGE,16.55,12.13
059443,573838,CHINATOWN MRT STATION (NE4 / DT19),EUNOIA JUNIOR COLLEGE,15.73,11.65
179038,573838,FORT CANNING MRT STATION (DT20),EUNOIA JUNIOR COLLEGE,17.47,13.2
189658,573838,BENCOOLEN MRT STATION (DT21),EUNOIA JUNIOR COLLEGE,15.4,10.72
208826,573838,JALAN BESAR MRT STATION (DT22),EUNOIA JUNIOR COLLEGE,14.98,9.84
339356,573838,BENDEMEER MRT STATION (DT23),EUNOIA JUNIOR COLLEGE,13.68,8.62
339355,573838,GEYLANG BAHRU MRT STATION (DT24),EUNOIA JUNIOR COLLEGE,14.35,8.16
379314,573838,MATTAR MRT STATION (DT25),EUNOIA JUNIOR COLLEGE,16.07,8.68
408899,573838,UBI MRT STATION (DT27),EUNOIA JUNIOR COLLEGE,16.52,10.48
415804,573838,KAKI BUKIT MRT STATION (DT28),EUNOIA JUNIOR COLLEGE,17.93,12.09
479481,573838,BEDOK NORTH MRT STATION (DT29),EUNOIA JUNIOR COLLEGE,21.03,12.79
469724,573838,BEDOK RESERVOIR MRT STATION (DT30),EUNOIA JUNIOR COLLEGE,19.42,14.13
529683,573838,TAMPINES WEST MRT STATION (DT31),EUNOIA JUNIOR COLLEGE,21.73,15.36
529538,573838,TAMPINES MRT STATION (EW2 / DT32),EUNOIA JUNIOR COLLEGE,25.45,17.24
529623,573838,TAMPINES EAST MRT STATION (DT33),EUNOIA JUNIOR COLLEGE,25.35,18.73
485990,573838,UPPER CHANGI MRT STATION (DT34),EUNOIA JUNIOR COLLEGE,25.38,18.76
486800,573838,XILIN MRT STATION (DT36),EUNOIA JUNIOR COLLEGE,25.23,18.08
469731,573838,SUNGEI BEDOK MRT STATION (TE31 / DT37),EUNOIA JUNIOR COLLEGE,27.55,18.18
519634,573838,PASIR RIS MRT STATION (EW1),EUNOIA JUNIOR COLLEGE,28.62,16.04
529888,573838,SIMEI MRT STATION (EW3),EUNOIA JUNIOR COLLEGE,24.63,17.12
467347,573838,BEDOK MRT STATION (EW5),EUNOIA JUNIOR COLLEGE,20.47,14.11
416551,573838,KEMBANGAN MRT STATION (EW6),EUNOIA JUNIOR COLLEGE,19.25,12.72
409423,573838,EUNOS MRT STATION (EW7),EUNOIA JUNIOR COLLEGE,16.87,11.41
388310,573838,ALJUNIED MRT STATION (EW9),EUNOIA JUNIOR COLLEGE,15.53,9.33
387405,573838,KALLANG MRT STATION (EW10),EUNOIA JUNIOR COLLEGE,13.3,8.34
208699,573838,LAVENDER MRT STATION (EW11),EUNOIA JUNIOR COLLEGE,14.4,9.03
179100,573838,CITY HALL MRT STATION (NS25 / EW13),EUNOIA JUNIOR COLLEGE,15.92,11.01
048618,573838,RAFFLES PLACE MRT STATION (NS26 / EW14),EUNOIA JUNIOR COLLEGE,18.05,12.68
069119,573838,TANJONG PAGAR MRT STATION (EW15),EUNOIA JUNIOR COLLEGE,18.53,13.03
169037,573838,OUTRAM PARK MRT STATION (EW16 / NE3 / TE17),EUNOIA JUNIOR COLLEGE,16.33,12.23
168731,573838,TIONG BAHRU MRT STATION (EW17),EUNOIA JUNIOR COLLEGE,18.07,13.06
158792,573838,REDHILL MRT STATION (EW18),EUNOIA JUNIOR COLLEGE,19.98,10.54
149729,573838,QUEENSTOWN MRT STATION (EW19),EUNOIA JUNIOR COLLEGE,17.92,10.07
149735,573838,COMMONWEALTH MRT STATION (EW20),EUNOIA JUNIOR COLLEGE,16.73,9.5
138677,573838,DOVER MRT STATION (EW22),EUNOIA JUNIOR COLLEGE,20.48,11.46
129580,573838,CLEMENTI MRT STATION (EW23),EUNOIA JUNIOR COLLEGE,21.87,14.42
609690,573838,JURONG EAST MRT STATION (NS1 / EW24),EUNOIA JUNIOR COLLEGE,22.72,15.77
609959,573838,CHINESE GARDEN MRT STATION (EW25),EUNOIA JUNIOR COLLEGE,25.12,17.43
649845,573838,LAKESIDE MRT STATION (EW26),EUNOIA JUNIOR COLLEGE,25.22,17.87
649846,573838,BOON LAY MRT STATION (EW27),EUNOIA JUNIOR COLLEGE,28.38,19.56
648310,573838,PIONEER MRT STATION (EW28),EUNOIA JUNIOR COLLEGE,30.22,23.51
629116,573838,JOO KOON MRT STATION (EW29),EUNOIA JUNIOR COLLEGE,32.5,25.68
637288,573838,GUL CIRCLE MRT STATION (EW30),EUNOIA JUNIOR COLLEGE,35.2,28.18
639608,573838,TUAS CRESCENT MRT STATION (EW31),EUNOIA JUNIOR COLLEGE,40.02,30.35
639609,573838,TUAS WEST ROAD MRT STATION (EW32),EUNOIA JUNIOR COLLEGE,39.48,30.55
638418,573838,TUAS LINK MRT STATION (EW33),EUNOIA JUNIOR COLLEGE,39.08,31.33
059815,573838,CLARKE QUAY MRT STATION (NE5),EUNOIA JUNIOR COLLEGE,17.13,12.39
218703,573838,FARRER PARK MRT STATION (NE8),EUNOIA JUNIOR COLLEGE,13.45,8.3
328260,573838,BOON KENG MRT STATION (NE9),EUNOIA JUNIOR COLLEGE,11.97,7.06
347694,573838,POTONG PASIR MRT STATION (NE10),EUNOIA JUNIOR COLLEGE,10.85,6.4
347695,573838,WOODLEIGH MRT STATION (NE11),EUNOIA JUNIOR COLLEGE,9.62,5.01
534799,573838,KOVAN MRT STATION (NE13),EUNOIA JUNIOR COLLEGE,11.35,5.8
538758,573838,HOUGANG MRT STATION (NE14),EUNOIA JUNIOR COLLEGE,13.7,6.51
545061,573838,BUANGKOK MRT STATION (NE15),EUNOIA JUNIOR COLLEGE,14.62,7.47
545062,573838,SENGKANG LRT STATION (STC),EUNOIA JUNIOR COLLEGE,15.97,8.4
828868,573838,PUNGGOL MRT STATION (NE17 / PTC),EUNOIA JUNIOR COLLEGE,19.43,10.24
828604,573838,PUNGGOL COAST MRT STATION (NE18),EUNOIA JUNIOR COLLEGE,22.35,11.86
659958,573838,BUKIT BATOK MRT STATION (NS2),EUNOIA JUNIOR COLLEGE,24.25,14.62
659083,573838,BUKIT GOMBAK MRT STATION (NS3),EUNOIA JUNIOR COLLEGE,24.23,14.63
689810,573838,CHOA CHU KANG MRT STATION (NS4 / BP1 / JS1),EUNOIA JUNIOR COLLEGE,26.07,18.22
689715,573838,YEW TEE MRT STATION (NS5),EUNOIA JUNIOR COLLEGE,25.85,18.29
738702,573838,KRANJI MRT STATION (NS7),EUNOIA JUNIOR COLLEGE,22.4,15.05
739044,573838,MARSILING MRT STATION (NS8),EUNOIA JUNIOR COLLEGE,21.38,14.48
738343,573838,WOODLANDS MRT STATION (NS9 / TE2),EUNOIA JUNIOR COLLEGE,23.28,13.6
738344,573838,ADMIRALTY MRT STATION (NS10),EUNOIA JUNIOR COLLEGE,21.4,12.91
759775,573838,SEMBAWANG MRT STATION (NS11),EUNOIA JUNIOR COLLEGE,22.68,11.72
756972,573838,CANBERRA MRT STATION (NS12),EUNOIA JUNIOR COLLEGE,19.27,10.28
769093,573838,YISHUN MRT STATION (NS13),EUNOIA JUNIOR COLLEGE,16.13,8.61
769092,573838,KHATIB MRT STATION (NS14),EUNOIA JUNIOR COLLEGE,13.53,7.22
569813,573838,YIO CHU KANG MRT STATION (NS15),EUNOIA JUNIOR COLLEGE,4.73,2.45
569812,573838,ANG MO KIO MRT STATION (NS16),EUNOIA JUNIOR COLLEGE,2.87,1.46
319756,573838,BRADDELL MRT STATION (NS18),EUNOIA JUNIOR COLLEGE,9.17,4.03
319398,573838,TOA PAYOH MRT STATION (NS19),EUNOIA JUNIOR COLLEGE,11.47,4.82
307642,573838,NOVENA MRT STATION (NS20),EUNOIA JUNIOR COLLEGE,11.87,5.63
238878,573838,ORCHARD MRT STATION (TE14 / NS22),EUNOIA JUNIOR COLLEGE,14.75,9.99
238162,573838,SOMERSET MRT STATION (NE23),EUNOIA JUNIOR COLLEGE,14.98,10.25
018948,573838,MARINA SOUTH PIER MRT STATION (NS28),EUNOIA JUNIOR COLLEGE,21.8,14.56
737668,573838,WOODLANDS NORTH MRT STATION (TE1),EUNOIA JUNIOR COLLEGE,27.75,17.86
737741,573838,WOODLANDS SOUTH MRT STATION (TE3),EUNOIA JUNIOR COLLEGE,19.75,11.72
787140,573838,SPRINGLEAF MRT STATION (TE4),EUNOIA JUNIOR COLLEGE,11.3,5.88
789361,573838,LENTOR MRT STATION (TE5),EUNOIA JUNIOR COLLEGE,6.47,3.39
569900,573838,MAYFLOWER MRT STATION (TE6),EUNOIA JUNIOR COLLEGE,3.78,1.92
575737,573838,BRIGHT HILL MRT STATION (TE7),EUNOIA JUNIOR COLLEGE,2.02,1.02
577937,573838,UPPER THOMSON MRT STATION (TE8),EUNOIA JUNIOR COLLEGE,5.22,2.71
299781,573838,MOUNT PLEASANT MRT STATION (TE10),EUNOIA JUNIOR COLLEGE,8.72,4.27
258511,573838,NAPIER MRT STATION (TE12),EUNOIA JUNIOR COLLEGE,17,8.96
248654,573838,ORCHARD BOULEVARD MRT STATION (TE13),EUNOIA JUNIOR COLLEGE,17,11.36
238384,573838,GREAT WORLD MRT STATION (TE15),EUNOIA JUNIOR COLLEGE,17.22,10.92
168604,573838,HAVELOCK MRT STATION (TE16),EUNOIA JUNIOR COLLEGE,17.65,11.71
058841,573838,MAXWELL MRT STATION (TE18),EUNOIA JUNIOR COLLEGE,17.53,12.48
018928,573838,SHENTON WAY MRT STATION (TE19),EUNOIA JUNIOR COLLEGE,18.75,13.02
019397,573838,MARINA SOUTH MRT STATION (TE21),EUNOIA JUNIOR COLLEGE,19.65,13.47
019396,573838,GARDENS BY THE BAY MRT STATION (TE22),EUNOIA JUNIOR COLLEGE,22.13,14.59
436488,573838,TANJONG RHU MRT STATION (TE23),EUNOIA JUNIOR COLLEGE,20.78,11.21
437870,573838,KATONG PARK MRT STATION (TE24),EUNOIA JUNIOR COLLEGE,17.3,10.42
439846,573838,TANJONG KATONG MRT STATION (TE25),EUNOIA JUNIOR COLLEGE,19.4,11.57
449971,573838,MARINE PARADE MRT STATION (TE26),EUNOIA JUNIOR COLLEGE,20.77,12.6
449970,573838,MARINE TERRACE MRT STATION (TE27),EUNOIA JUNIOR COLLEGE,21.33,13.4
449969,573838,SIGLAP MRT STATION (TE28),EUNOIA JUNIOR COLLEGE,23.48,14.97
469958,573838,BAYSHORE MRT STATION (TE29),EUNOIA JUNIOR COLLEGE,25.1,16.35
468324,573838,BEDOK SOUTH MRT STATION (TE30),EUNOIA JUNIOR COLLEGE,27.33,17.25
688265,573838,SOUTH VIEW LRT STATION (BP2),EUNOIA JUNIOR COLLEGE,25.13,15.86
688266,573838,KEAT HONG LRT STATION (BP3),EUNOIA JUNIOR COLLEGE,25.13,15.59
688267,573838,TECK WHYE LRT STATION (BP4),EUNOIA JUNIOR COLLEGE,23.15,14.82
689483,573838,PHOENIX LRT STATION (BP5),EUNOIA JUNIOR COLLEGE,22.1,14.29
678269,573838,PETIR LRT STATION (BP7),EUNOIA JUNIOR COLLEGE,20.55,13.39
678296,573838,PENDING LRT STATION (BP8),EUNOIA JUNIOR COLLEGE,19.22,12.74
679939,573838,BANGKIT LRT STATION (BP9),EUNOIA JUNIOR COLLEGE,19.52,12.86
679004,573838,FAJAR LRT STATION (BP10),EUNOIA JUNIOR COLLEGE,21.48,13.82
679940,573838,SEGAR LRT STATION (BP11),EUNOIA JUNIOR COLLEGE,21.48,13.92
679941,573838,JELAPANG LRT STATION (BP12),EUNOIA JUNIOR COLLEGE,22.37,14.4
679942,573838,SENJA LRT STATION (BP13),EUNOIA JUNIOR COLLEGE,21.37,13.86
545055,573838,COMPASSVALE LRT STATION (SE1),EUNOIA JUNIOR COLLEGE,17.38,9.15
545054,573838,RUMBIA LRT STATION (SE2),EUNOIA JUNIOR COLLEGE,17.88,9.42
545053,573838,BAKAU LRT STATION (SE3),EUNOIA JUNIOR COLLEGE,17,8.95
545052,573838,KANGKAR LRT STATION (SE4),EUNOIA JUNIOR COLLEGE,16.33,8.57
545046,573838,RANGGUNG LRT STATION (SE5),EUNOIA JUNIOR COLLEGE,15.38,8.11
545047,573838,CHENG LIM LRT STATION (SW1),EUNOIA JUNIOR COLLEGE,16.32,8.59
545048,573838,FARMWAY LRT STATION (SW2),EUNOIA JUNIOR COLLEGE,17.42,9
797697,573838,KUPANG LRT STATION (SW3),EUNOIA JUNIOR COLLEGE,16.12,8.3
797699,573838,THANGGAM LRT STATION (SW4),EUNOIA JUNIOR COLLEGE,14.45,7.64
797698,573838,FERNVALE LRT STATION (SW5),EUNOIA JUNIOR COLLEGE,15.22,7.63
797700,573838,LAYAR LRT STATION (SW6),EUNOIA JUNIOR COLLEGE,14.23,7.6
545050,573838,TONGKANG LRT STATION (SW7),EUNOIA JUNIOR COLLEGE,15.32,8.08
545049,573838,RENJONG LRT STATION (SW8),EUNOIA JUNIOR COLLEGE,14.17,7.47
828858,573838,COVE LRT STATION (PE1),EUNOIA JUNIOR COLLEGE,19.28,10.11
828857,573838,MERIDIAN LRT STATION (PE2),EUNOIA JUNIOR COLLEGE,20.07,10.53
828856,573838,CORAL EDGE LRT STATION (PE3),EUNOIA JUNIOR COLLEGE,19.8,10.39
828852,573838,RIVIERA LRT STATION (PE4),EUNOIA JUNIOR COLLEGE,19.82,10.42
828853,573838,KADALOOR LRT STATION (PE5),EUNOIA JUNIOR COLLEGE,21.7,11.18
828854,573838,OASIS LRT STATION (PE6),EUNOIA JUNIOR COLLEGE,21.92,11.29
828855,573838,DAMAI LRT STATION (PE7),EUNOIA JUNIOR COLLEGE,20.67,10.84
828851,573838,SAM KEE LRT STATION (PW1),EUNOIA JUNIOR COLLEGE,21.52,10.85
828861,573838,TECK LEE LRT STATION (PW2),EUNOIA JUNIOR COLLEGE,21.72,11.13
828644,573838,PUNGGOL POINT LRT STATION (PW3),EUNOIA JUNIOR COLLEGE,21.57,11.44
828645,573838,SAMUDERA LRT STATION (PW4),EUNOIA JUNIOR COLLEGE,20.48,10.87
828862,573838,NIBONG LRT STATION (PW5),EUNOIA JUNIOR COLLEGE,19.55,10.37
828863,573838,SUMANG LRT STATION (PW6),EUNOIA JUNIOR COLLEGE,18.77,9.94
828864,573838,SOO TECK LRT STATION (PW7),EUNOIA JUNIOR COLLEGE,18.05,9.57
238826,269734,DHOBY GHAUT MRT STATION (NS24 / NE6 / CC1),HWA CHONG INSTITUTION,14.47,7.44
189561,269734,BRAS BASAH MRT STATION (CC2),HWA CHONG INSTITUTION,15.03,7.64
189562,269734,ESPLANADE MRT STATION (CC3),HWA CHONG INSTITUTION,16.22,8.23
039193,269734,PROMENADE MRT STATION (DT15 / CC4),HWA CHONG INSTITUTION,16.47,8.31
038970,269734,NICOLL HIGHWAY MRT STATION (CC5),HWA CHONG INSTITUTION,20.07,10.22
397692,269734,STADIUM MRT STATION (CC6),HWA CHONG INSTITUTION,20.63,13.14
398006,269734,MOUNTBATTEN MRT STATION (CC7),HWA CHONG INSTITUTION,20.4,13.43
397973,269734,DAKOTA MRT STATION (CC8),HWA CHONG INSTITUTION,19.23,12.87
409006,269734,PAYA LEBAR MRT STATION (EW8 / CC9),HWA CHONG INSTITUTION,17.8,12.42
409048,269734,MACPHERSON MRT STATION (DT26 / CC10),HWA CHONG INSTITUTION,19.43,11.97
534803,269734,TAI SENG MRT STATION (CC11),HWA CHONG INSTITUTION,18.3,11.44
539788,269734,BARTLEY MRT STATION (CC12),HWA CHONG INSTITUTION,18.63,10.45
534801,269734,SERANGOON MRT STATION (NE12 / CC13),HWA CHONG INSTITUTION,18.12,11.33
554533,269734,LORONG CHUAN MRT STATION (CC14),HWA CHONG INSTITUTION,16.92,9.38
579827,269734,BISHAN MRT STATION (NS17 / CC15),HWA CHONG INSTITUTION,12.9,7.37
573993,269734,MARYMOUNT MRT STATION (CC16),HWA CHONG INSTITUTION,11.05,6.37
298113,269734,CALDECOTT MRT STATION (CC17 / TE9),HWA CHONG INSTITUTION,10.87,5.98
257494,269734,BOTANIC GARDENS MRT STATION (CC19 / DT9),HWA CHONG INSTITUTION,3.93,1.87
268857,269734,FARRER ROAD MRT STATION (CC20),HWA CHONG INSTITUTION,5.25,2.51
278995,269734,HOLLAND VILLAGE MRT STATION (CC21),HWA CHONG INSTITUTION,10,4.06
139345,269734,BUONA VISTA MRT STATION (CC22 / EW21),HWA CHONG INSTITUTION,10.25,4.42
138647,269734,ONE-NORTH MRT STATION (CC23),HWA CHONG INSTITUTION,12.13,5.26
118177,269734,KENT RIDGE MRT STATION (CC24),HWA CHONG INSTITUTION,13.37,6.04
117396,269734,HAW PAR VILLA MRT STATION (CC25),HWA CHONG INSTITUTION,18.67,8.9
117424,269734,PASIR PANJANG MRT STATION (CC26),HWA CHONG INSTITUTION,18.78,8.99
109029,269734,LABRADOR PARK MRT STATION (CC27),HWA CHONG INSTITUTION,16.17,8.24
109028,269734,TELOK BLANGAH MRT STATION (CC28),HWA CHONG INSTITUTION,17.53,8.97
098867,269734,HARBOURFRONT MRT STATION (CC29 / NE1),HWA CHONG INSTITUTION,20.15,10.35
099423,269734,KEPPEL MRT STATION (CC30),HWA CHONG INSTITUTION,20.42,10.53
089395,269734,CANTONMENT MRT STATION (CC31),HWA CHONG INSTITUTION,19.15,9.71
079122,269734,PRINCE EDWARD ROAD MRT STATION (CC32),HWA CHONG INSTITUTION,19.2,9.9
018957,269734,BAYFRONT MRT STATION (DT16 / CE1),HWA CHONG INSTITUTION,18.92,9.72
018925,269734,MARINA BAY MRT STATION (NS27 / TE20 / CE2),HWA CHONG INSTITUTION,20.42,10.51
467356,269734,TANAH MERAH MRT STATION (EW4 / CG),HWA CHONG INSTITUTION,27.62,19.81
486065,269734,EXPO MRT STATION (CG1 / DT35),HWA CHONG INSTITUTION,29.22,20.8
819661,269734,CHANGI AIRPORT MRT STATION (CG2),HWA CHONG INSTITUTION,34.28,26.24
678213,269734,BUKIT PANJANG MRT STATION (DT1 / BP6),HWA CHONG INSTITUTION,19.05,9.2
679696,269734,CASHEW MRT STATION (DT2),HWA CHONG INSTITUTION,17.25,8.24
678211,269734,HILLVIEW MRT STATION (DT3),HWA CHONG INSTITUTION,16.1,7.57
589681,269734,HUME MRT STATION (DT4),HWA CHONG INSTITUTION,14.13,6.49
588216,269734,BEAUTY WORLD MRT STATION (DT5),HWA CHONG INSTITUTION,10.52,4.69
599987,269734,KING ALBERT PARK MRT STATION (DT6),HWA CHONG INSTITUTION,10.47,4.57
269784,269734,SIXTH AVENUE MRT STATION (DT7),HWA CHONG INSTITUTION,5.72,2.05
266268,269734,TAN KAH KEE MRT STATION (DT8),HWA CHONG INSTITUTION,1.88,0.78
257877,269734,STEVENS MRT STATION (DT10 / TE11),HWA CHONG INSTITUTION,6.22,3.09
228234,269734,NEWTON MRT STATION (NS21 / DT11),HWA CHONG INSTITUTION,9.67,4.88
229900,269734,LITTLE INDIA MRT STATION (NE7 / DT12),HWA CHONG INSTITUTION,13.28,6.51
188505,269734,ROCHOR MRT STATION (DT13),HWA CHONG INSTITUTION,13.13,6.73
188022,269734,BUGIS MRT STATION (EW12 / DT14),HWA CHONG INSTITUTION,13.95,7.2
018969,269734,DOWNTOWN MRT STATION (DT17),HWA CHONG INSTITUTION,19.05,9.77
048416,269734,TELOK AYER MRT STATION (DT18),HWA CHONG INSTITUTION,17.85,9.22
059443,269734,CHINATOWN MRT STATION (NE4 / DT19),HWA CHONG INSTITUTION,17.05,8.74
179038,269734,FORT CANNING MRT STATION (DT20),HWA CHONG INSTITUTION,17.43,9.36
189658,269734,BENCOOLEN MRT STATION (DT21),HWA CHONG INSTITUTION,14.75,7.6
208826,269734,JALAN BESAR MRT STATION (DT22),HWA CHONG INSTITUTION,14.03,7.15
339356,269734,BENDEMEER MRT STATION (DT23),HWA CHONG INSTITUTION,16.3,9.02
339355,269734,GEYLANG BAHRU MRT STATION (DT24),HWA CHONG INSTITUTION,17.63,10.98
379314,269734,MATTAR MRT STATION (DT25),HWA CHONG INSTITUTION,19.33,11.5
408899,269734,UBI MRT STATION (DT27),HWA CHONG INSTITUTION,19.28,13.3
415804,269734,KAKI BUKIT MRT STATION (DT28),HWA CHONG INSTITUTION,20.7,14.91
479481,269734,BEDOK NORTH MRT STATION (DT29),HWA CHONG INSTITUTION,23.8,15.61
469724,269734,BEDOK RESERVOIR MRT STATION (DT30),HWA CHONG INSTITUTION,22.18,16.95
529683,269734,TAMPINES WEST MRT STATION (DT31),HWA CHONG INSTITUTION,24.52,18.18
529538,269734,TAMPINES MRT STATION (EW2 / DT32),HWA CHONG INSTITUTION,28.23,20.06
529623,269734,TAMPINES EAST MRT STATION (DT33),HWA CHONG INSTITUTION,28.12,21.54
485990,269734,UPPER CHANGI MRT STATION (DT34),HWA CHONG INSTITUTION,28.15,21.58
486800,269734,XILIN MRT STATION (DT36),HWA CHONG INSTITUTION,28.02,20.9
469731,269734,SUNGEI BEDOK MRT STATION (TE31 / DT37),HWA CHONG INSTITUTION,30.32,21
519634,269734,PASIR RIS MRT STATION (EW1),HWA CHONG INSTITUTION,33.38,25.19
529888,269734,SIMEI MRT STATION (EW3),HWA CHONG INSTITUTION,27.42,19.94
467347,269734,BEDOK MRT STATION (EW5),HWA CHONG INSTITUTION,23.23,16.93
416551,269734,KEMBANGAN MRT STATION (EW6),HWA CHONG INSTITUTION,22.03,15.54
409423,269734,EUNOS MRT STATION (EW7),HWA CHONG INSTITUTION,19.65,14.23
388310,269734,ALJUNIED MRT STATION (EW9),HWA CHONG INSTITUTION,18.32,12.15
387405,269734,KALLANG MRT STATION (EW10),HWA CHONG INSTITUTION,16.08,11.16
208699,269734,LAVENDER MRT STATION (EW11),HWA CHONG INSTITUTION,15.92,8.24
179100,269734,CITY HALL MRT STATION (NS25 / EW13),HWA CHONG INSTITUTION,15.62,8.05
048618,269734,RAFFLES PLACE MRT STATION (NS26 / EW14),HWA CHONG INSTITUTION,18.65,9.3
069119,269734,TANJONG PAGAR MRT STATION (EW15),HWA CHONG INSTITUTION,19.85,10.12
169037,269734,OUTRAM PARK MRT STATION (EW16 / NE3 / TE17),HWA CHONG INSTITUTION,16.3,8.39
168731,269734,TIONG BAHRU MRT STATION (EW17),HWA CHONG INSTITUTION,15.52,7.93
158792,269734,REDHILL MRT STATION (EW18),HWA CHONG INSTITUTION,13.98,6.96
149729,269734,QUEENSTOWN MRT STATION (EW19),HWA CHONG INSTITUTION,11,5.47
149735,269734,COMMONWEALTH MRT STATION (EW20),HWA CHONG INSTITUTION,9.83,4.89
138677,269734,DOVER MRT STATION (EW22),HWA CHONG INSTITUTION,12.55,5.64
129580,269734,CLEMENTI MRT STATION (EW23),HWA CHONG INSTITUTION,13.33,6.01
609690,269734,JURONG EAST MRT STATION (NS1 / EW24),HWA CHONG INSTITUTION,19.43,9.96
609959,269734,CHINESE GARDEN MRT STATION (EW25),HWA CHONG INSTITUTION,21.85,11.75
649845,269734,LAKESIDE MRT STATION (EW26),HWA CHONG INSTITUTION,21.95,12.2
649846,269734,BOON LAY MRT STATION (EW27),HWA CHONG INSTITUTION,25.12,13.89
648310,269734,PIONEER MRT STATION (EW28),HWA CHONG INSTITUTION,26.35,16.19
629116,269734,JOO KOON MRT STATION (EW29),HWA CHONG INSTITUTION,26.4,17.01
637288,269734,GUL CIRCLE MRT STATION (EW30),HWA CHONG INSTITUTION,30.28,19.91
639608,269734,TUAS CRESCENT MRT STATION (EW31),HWA CHONG INSTITUTION,35.1,22.08
639609,269734,TUAS WEST ROAD MRT STATION (EW32),HWA CHONG INSTITUTION,33.8,22.38
638418,269734,TUAS LINK MRT STATION (EW33),HWA CHONG INSTITUTION,33.4,23.16
059815,269734,CLARKE QUAY MRT STATION (NE5),HWA CHONG INSTITUTION,18.43,9.47
218703,269734,FARRER PARK MRT STATION (NE8),HWA CHONG INSTITUTION,14.72,7.04
328260,269734,BOON KENG MRT STATION (NE9),HWA CHONG INSTITUTION,15.23,9.87
347694,269734,POTONG PASIR MRT STATION (NE10),HWA CHONG INSTITUTION,14.12,9.21
347695,269734,WOODLEIGH MRT STATION (NE11),HWA CHONG INSTITUTION,15.92,10.16
534799,269734,KOVAN MRT STATION (NE13),HWA CHONG INSTITUTION,21.22,12.99
538758,269734,HOUGANG MRT STATION (NE14),HWA CHONG INSTITUTION,26.03,14.89
545061,269734,BUANGKOK MRT STATION (NE15),HWA CHONG INSTITUTION,28,15.94
545062,269734,SENGKANG LRT STATION (STC),HWA CHONG INSTITUTION,29.1,17.02
828868,269734,PUNGGOL MRT STATION (NE17 / PTC),HWA CHONG INSTITUTION,29.77,22.67
828604,269734,PUNGGOL COAST MRT STATION (NE18),HWA CHONG INSTITUTION,32.1,23.91
659958,269734,BUKIT BATOK MRT STATION (NS2),HWA CHONG INSTITUTION,19,8.7
659083,269734,BUKIT GOMBAK MRT STATION (NS3),HWA CHONG INSTITUTION,18.98,8.71
689810,269734,CHOA CHU KANG MRT STATION (NS4 / BP1 / JS1),HWA CHONG INSTITUTION,24.85,11.64
689715,269734,YEW TEE MRT STATION (NS5),HWA CHONG INSTITUTION,24.65,15.56
738702,269734,KRANJI MRT STATION (NS7),HWA CHONG INSTITUTION,24.85,16.43
739044,269734,MARSILING MRT STATION (NS8),HWA CHONG INSTITUTION,23.82,15.86
738343,269734,WOODLANDS MRT STATION (NS9 / TE2),HWA CHONG INSTITUTION,26.58,17.29
738344,269734,ADMIRALTY MRT STATION (NS10),HWA CHONG INSTITUTION,29.95,18.84
759775,269734,SEMBAWANG MRT STATION (NS11),HWA CHONG INSTITUTION,35.3,19.06
756972,269734,CANBERRA MRT STATION (NS12),HWA CHONG INSTITUTION,33.15,18.16
769093,269734,YISHUN MRT STATION (NS13),HWA CHONG INSTITUTION,30.02,16.49
769092,269734,KHATIB MRT STATION (NS14),HWA CHONG INSTITUTION,27.42,15.1
569813,269734,YIO CHU KANG MRT STATION (NS15),HWA CHONG INSTITUTION,18.62,10.33
569812,269734,ANG MO KIO MRT STATION (NS16),HWA CHONG INSTITUTION,16.75,9.34
319756,269734,BRADDELL MRT STATION (NS18),HWA CHONG INSTITUTION,13.57,7.04
319398,269734,TOA PAYOH MRT STATION (NS19),HWA CHONG INSTITUTION,13.67,7.5
307642,269734,NOVENA MRT STATION (NS20),HWA CHONG INSTITUTION,13.35,6.39
238878,269734,ORCHARD MRT STATION (TE14 / NS22),HWA CHONG INSTITUTION,11.4,5.72
238162,269734,SOMERSET MRT STATION (NE23),HWA CHONG INSTITUTION,12.92,6.56
018948,269734,MARINA SOUTH PIER MRT STATION (NS28),HWA CHONG INSTITUTION,23.6,12.07
737668,269734,WOODLANDS NORTH MRT STATION (TE1),HWA CHONG INSTITUTION,30.2,19.24
737741,269734,WOODLANDS SOUTH MRT STATION (TE3),HWA CHONG INSTITUTION,30.12,18.65
787140,269734,SPRINGLEAF MRT STATION (TE4),HWA CHONG INSTITUTION,22.98,12.72
789361,269734,LENTOR MRT STATION (TE5),HWA CHONG INSTITUTION,20.15,11.17
569900,269734,MAYFLOWER MRT STATION (TE6),HWA CHONG INSTITUTION,17.67,9.81
575737,269734,BRIGHT HILL MRT STATION (TE7),HWA CHONG INSTITUTION,15.13,8.33
577937,269734,UPPER THOMSON MRT STATION (TE8),HWA CHONG INSTITUTION,13.23,7.52
299781,269734,MOUNT PLEASANT MRT STATION (TE10),HWA CHONG INSTITUTION,12.43,6.66
258511,269734,NAPIER MRT STATION (TE12),HWA CHONG INSTITUTION,9.95,4.38
248654,269734,ORCHARD BOULEVARD MRT STATION (TE13),HWA CHONG INSTITUTION,13.83,7.02
238384,269734,GREAT WORLD MRT STATION (TE15),HWA CHONG INSTITUTION,14.3,7.08
168604,269734,HAVELOCK MRT STATION (TE16),HWA CHONG INSTITUTION,14.43,7.4
058841,269734,MAXWELL MRT STATION (TE18),HWA CHONG INSTITUTION,18.37,9.39
018928,269734,SHENTON WAY MRT STATION (TE19),HWA CHONG INSTITUTION,20.05,10.1
019397,269734,MARINA SOUTH MRT STATION (TE21),HWA CHONG INSTITUTION,22.42,16.28
019396,269734,GARDENS BY THE BAY MRT STATION (TE22),HWA CHONG INSTITUTION,23.3,11.89
436488,269734,TANJONG RHU MRT STATION (TE23),HWA CHONG INSTITUTION,23.57,14.03
437870,269734,KATONG PARK MRT STATION (TE24),HWA CHONG INSTITUTION,20.07,13.24
439846,269734,TANJONG KATONG MRT STATION (TE25),HWA CHONG INSTITUTION,22.18,14.39
449971,269734,MARINE PARADE MRT STATION (TE26),HWA CHONG INSTITUTION,23.55,15.42
449970,269734,MARINE TERRACE MRT STATION (TE27),HWA CHONG INSTITUTION,24.1,16.22
449969,269734,SIGLAP MRT STATION (TE28),HWA CHONG INSTITUTION,26.25,17.79
469958,269734,BAYSHORE MRT STATION (TE29),HWA CHONG INSTITUTION,27.87,19.17
468324,269734,BEDOK SOUTH MRT STATION (TE30),HWA CHONG INSTITUTION,30.12,20.07
688265,269734,SOUTH VIEW LRT STATION (BP2),HWA CHONG INSTITUTION,23.23,11.35
688266,269734,KEAT HONG LRT STATION (BP3),HWA CHONG INSTITUTION,23.23,11.08
688267,269734,TECK WHYE LRT STATION (BP4),HWA CHONG INSTITUTION,21.23,10.32
689483,269734,PHOENIX LRT STATION (BP5),HWA CHONG INSTITUTION,20.2,9.78
678269,269734,PETIR LRT STATION (BP7),HWA CHONG INSTITUTION,19.35,10.66
678296,269734,PENDING LRT STATION (BP8),HWA CHONG INSTITUTION,18.02,10.01
679939,269734,BANGKIT LRT STATION (BP9),HWA CHONG INSTITUTION,18.32,10.13
679004,269734,FAJAR LRT STATION (BP10),HWA CHONG INSTITUTION,20.28,11.09
679940,269734,SEGAR LRT STATION (BP11),HWA CHONG INSTITUTION,20.28,11.18
679941,269734,JELAPANG LRT STATION (BP12),HWA CHONG INSTITUTION,21.17,11.67
679942,269734,SENJA LRT STATION (BP13),HWA CHONG INSTITUTION,20.17,11.13
545055,269734,COMPASSVALE LRT STATION (SE1),HWA CHONG INSTITUTION,28.7,22.05
545054,269734,RUMBIA LRT STATION (SE2),HWA CHONG INSTITUTION,28.03,20.41
545053,269734,BAKAU LRT STATION (SE3),HWA CHONG INSTITUTION,27.33,20.04
545052,269734,KANGKAR LRT STATION (SE4),HWA CHONG INSTITUTION,26.27,19.46
545046,269734,RANGGUNG LRT STATION (SE5),HWA CHONG INSTITUTION,26.87,19.82
545047,269734,CHENG LIM LRT STATION (SW1),HWA CHONG INSTITUTION,29.13,22.96
545048,269734,FARMWAY LRT STATION (SW2),HWA CHONG INSTITUTION,29.53,17.83
797697,269734,KUPANG LRT STATION (SW3),HWA CHONG INSTITUTION,28.02,16.96
797699,269734,THANGGAM LRT STATION (SW4),HWA CHONG INSTITUTION,26.37,16.3
797698,269734,FERNVALE LRT STATION (SW5),HWA CHONG INSTITUTION,27.12,16.29
797700,269734,LAYAR LRT STATION (SW6),HWA CHONG INSTITUTION,26.13,16.26
545050,269734,TONGKANG LRT STATION (SW7),HWA CHONG INSTITUTION,27.52,16.99
545049,269734,RENJONG LRT STATION (SW8),HWA CHONG INSTITUTION,27.3,16.08
828858,269734,COVE LRT STATION (PE1),HWA CHONG INSTITUTION,28.4,21.91
828857,269734,MERIDIAN LRT STATION (PE2),HWA CHONG INSTITUTION,29.18,22.33
828856,269734,CORAL EDGE LRT STATION (PE3),HWA CHONG INSTITUTION,29.22,21.08
828852,269734,RIVIERA LRT STATION (PE4),HWA CHONG INSTITUTION,28.58,21.3
828853,269734,KADALOOR LRT STATION (PE5),HWA CHONG INSTITUTION,30,21.81
828854,269734,OASIS LRT STATION (PE6),HWA CHONG INSTITUTION,30.97,22.33
828855,269734,DAMAI LRT STATION (PE7),HWA CHONG INSTITUTION,29.78,22.63
828851,269734,SAM KEE LRT STATION (PW1),HWA CHONG INSTITUTION,31.32,23.18
828861,269734,TECK LEE LRT STATION (PW2),HWA CHONG INSTITUTION,31.82,23.48
828644,269734,PUNGGOL POINT LRT STATION (PW3),HWA CHONG INSTITUTION,32.72,24.9
828645,269734,SAMUDERA LRT STATION (PW4),HWA CHONG INSTITUTION,31.65,24.32
828862,269734,NIBONG LRT STATION (PW5),HWA CHONG INSTITUTION,30.72,23.83
828863,269734,SUMANG LRT STATION (PW6),HWA CHONG INSTITUTION,29.92,23.4
828864,269734,SOO TECK LRT STATION (PW7),HWA CHONG INSTITUTION,29.22,23.03
238826,688258,DHOBY GHAUT MRT STATION (NS24 / NE6 / CC1),JURONG PIONEER JUNIOR COLLEGE,27.33,16.97
189561,688258,BRAS BASAH MRT STATION (CC2),JURONG PIONEER JUNIOR COLLEGE,27.92,17.17
189562,688258,ESPLANADE MRT STATION (CC3),JURONG PIONEER JUNIOR COLLEGE,29.13,17.74
039193,688258,PROMENADE MRT STATION (DT15 / CC4),JURONG PIONEER JUNIOR COLLEGE,30.27,18.2
038970,688258,NICOLL HIGHWAY MRT STATION (CC5),JURONG PIONEER JUNIOR COLLEGE,30.57,18.45
397692,688258,STADIUM MRT STATION (CC6),JURONG PIONEER JUNIOR COLLEGE,30.75,21.03
398006,688258,MOUNTBATTEN MRT STATION (CC7),JURONG PIONEER JUNIOR COLLEGE,29.48,20.63
397973,688258,DAKOTA MRT STATION (CC8),JURONG PIONEER JUNIOR COLLEGE,29.23,20.71
409006,688258,PAYA LEBAR MRT STATION (EW8 / CC9),JURONG PIONEER JUNIOR COLLEGE,27.85,20.29
409048,688258,MACPHERSON MRT STATION (DT26 / CC10),JURONG PIONEER JUNIOR COLLEGE,28.7,20.38
534803,688258,TAI SENG MRT STATION (CC11),JURONG PIONEER JUNIOR COLLEGE,29.08,19.3
539788,688258,BARTLEY MRT STATION (CC12),JURONG PIONEER JUNIOR COLLEGE,29.33,19.47
534801,688258,SERANGOON MRT STATION (NE12 / CC13),JURONG PIONEER JUNIOR COLLEGE,29.43,19.35
554533,688258,LORONG CHUAN MRT STATION (CC14),JURONG PIONEER JUNIOR COLLEGE,28.82,17.46
579827,688258,BISHAN MRT STATION (NS17 / CC15),JURONG PIONEER JUNIOR COLLEGE,24.57,15.49
573993,688258,MARYMOUNT MRT STATION (CC16),JURONG PIONEER JUNIOR COLLEGE,22.7,14.47
298113,688258,CALDECOTT MRT STATION (CC17 / TE9),JURONG PIONEER JUNIOR COLLEGE,22.3,14.05
257494,688258,BOTANIC GARDENS MRT STATION (CC19 / DT9),JURONG PIONEER JUNIOR COLLEGE,19.13,11.91
268857,688258,FARRER ROAD MRT STATION (CC20),JURONG PIONEER JUNIOR COLLEGE,21.55,12.84
278995,688258,HOLLAND VILLAGE MRT STATION (CC21),JURONG PIONEER JUNIOR COLLEGE,23.38,14.18
139345,688258,BUONA VISTA MRT STATION (CC22 / EW21),JURONG PIONEER JUNIOR COLLEGE,23.63,11.94
138647,688258,ONE-NORTH MRT STATION (CC23),JURONG PIONEER JUNIOR COLLEGE,26.18,12.69
118177,688258,KENT RIDGE MRT STATION (CC24),JURONG PIONEER JUNIOR COLLEGE,25.7,14.63
117396,688258,HAW PAR VILLA MRT STATION (CC25),JURONG PIONEER JUNIOR COLLEGE,28.13,14.34
117424,688258,PASIR PANJANG MRT STATION (CC26),JURONG PIONEER JUNIOR COLLEGE,29.93,17.35
109029,688258,LABRADOR PARK MRT STATION (CC27),JURONG PIONEER JUNIOR COLLEGE,29.37,17.7
109028,688258,TELOK BLANGAH MRT STATION (CC28),JURONG PIONEER JUNIOR COLLEGE,30.77,18.44
098867,688258,HARBOURFRONT MRT STATION (CC29 / NE1),JURONG PIONEER JUNIOR COLLEGE,33.63,21.03
099423,688258,KEPPEL MRT STATION (CC30),JURONG PIONEER JUNIOR COLLEGE,33.03,20.82
089395,688258,CANTONMENT MRT STATION (CC31),JURONG PIONEER JUNIOR COLLEGE,31.97,19.28
079122,688258,PRINCE EDWARD ROAD MRT STATION (CC32),JURONG PIONEER JUNIOR COLLEGE,31.9,19.43
018957,688258,BAYFRONT MRT STATION (DT16 / CE1),JURONG PIONEER JUNIOR COLLEGE,31.9,19.3
018925,688258,MARINA BAY MRT STATION (NS27 / TE20 / CE2),JURONG PIONEER JUNIOR COLLEGE,33.33,20.07
467356,688258,TANAH MERAH MRT STATION (EW4 / CG),JURONG PIONEER JUNIOR COLLEGE,37.6,27.64
486065,688258,EXPO MRT STATION (CG1 / DT35),JURONG PIONEER JUNIOR COLLEGE,39.4,28.72
819661,688258,CHANGI AIRPORT MRT STATION (CG2),JURONG PIONEER JUNIOR COLLEGE,42.9,33.65
678213,688258,BUKIT PANJANG MRT STATION (DT1 / BP6),JURONG PIONEER JUNIOR COLLEGE,5.27,2.15
679696,688258,CASHEW MRT STATION (DT2),JURONG PIONEER JUNIOR COLLEGE,6.35,2.77
678211,688258,HILLVIEW MRT STATION (DT3),JURONG PIONEER JUNIOR COLLEGE,7.93,3.64
589681,688258,HUME MRT STATION (DT4),JURONG PIONEER JUNIOR COLLEGE,9.5,4.47
588216,688258,BEAUTY WORLD MRT STATION (DT5),JURONG PIONEER JUNIOR COLLEGE,12.75,6.22
599987,688258,KING ALBERT PARK MRT STATION (DT6),JURONG PIONEER JUNIOR COLLEGE,15.28,7.42
269784,688258,SIXTH AVENUE MRT STATION (DT7),JURONG PIONEER JUNIOR COLLEGE,17.83,8.92
266268,688258,TAN KAH KEE MRT STATION (DT8),JURONG PIONEER JUNIOR COLLEGE,20.23,10.19
257877,688258,STEVENS MRT STATION (DT10 / TE11),JURONG PIONEER JUNIOR COLLEGE,20.4,13.22
228234,688258,NEWTON MRT STATION (NS21 / DT11),JURONG PIONEER JUNIOR COLLEGE,22.55,14.42
229900,688258,LITTLE INDIA MRT STATION (NE7 / DT12),JURONG PIONEER JUNIOR COLLEGE,25.3,15.84
188505,688258,ROCHOR MRT STATION (DT13),JURONG PIONEER JUNIOR COLLEGE,25.83,16.22
188022,688258,BUGIS MRT STATION (EW12 / DT14),JURONG PIONEER JUNIOR COLLEGE,26.95,16.79
018969,688258,DOWNTOWN MRT STATION (DT17),JURONG PIONEER JUNIOR COLLEGE,31.8,19.32
048416,688258,TELOK AYER MRT STATION (DT18),JURONG PIONEER JUNIOR COLLEGE,31.83,19.2
059443,688258,CHINATOWN MRT STATION (NE4 / DT19),JURONG PIONEER JUNIOR COLLEGE,30.7,18.74
179038,688258,FORT CANNING MRT STATION (DT20),JURONG PIONEER JUNIOR COLLEGE,28.22,17.31
189658,688258,BENCOOLEN MRT STATION (DT21),JURONG PIONEER JUNIOR COLLEGE,27.67,17.14
208826,688258,JALAN BESAR MRT STATION (DT22),JURONG PIONEER JUNIOR COLLEGE,27,16.72
339356,688258,BENDEMEER MRT STATION (DT23),JURONG PIONEER JUNIOR COLLEGE,26.48,16.88
339355,688258,GEYLANG BAHRU MRT STATION (DT24),JURONG PIONEER JUNIOR COLLEGE,27.83,18.92
379314,688258,MATTAR MRT STATION (DT25),JURONG PIONEER JUNIOR COLLEGE,29.33,19.35
408899,688258,UBI MRT STATION (DT27),JURONG PIONEER JUNIOR COLLEGE,29.25,21.14
415804,688258,KAKI BUKIT MRT STATION (DT28),JURONG PIONEER JUNIOR COLLEGE,31.25,22.53
479481,688258,BEDOK NORTH MRT STATION (DT29),JURONG PIONEER JUNIOR COLLEGE,34.08,23.54
469724,688258,BEDOK RESERVOIR MRT STATION (DT30),JURONG PIONEER JUNIOR COLLEGE,32.22,24.86
529683,688258,TAMPINES WEST MRT STATION (DT31),JURONG PIONEER JUNIOR COLLEGE,36.6,26.55
529538,688258,TAMPINES MRT STATION (EW2 / DT32),JURONG PIONEER JUNIOR COLLEGE,38.02,27.87
529623,688258,TAMPINES EAST MRT STATION (DT33),JURONG PIONEER JUNIOR COLLEGE,38.25,29.45
485990,688258,UPPER CHANGI MRT STATION (DT34),JURONG PIONEER JUNIOR COLLEGE,37.6,29.23
486800,688258,XILIN MRT STATION (DT36),JURONG PIONEER JUNIOR COLLEGE,38.15,28.8
469731,688258,SUNGEI BEDOK MRT STATION (TE31 / DT37),JURONG PIONEER JUNIOR COLLEGE,40.48,28.91
519634,688258,PASIR RIS MRT STATION (EW1),JURONG PIONEER JUNIOR COLLEGE,43.52,33.09
529888,688258,SIMEI MRT STATION (EW3),JURONG PIONEER JUNIOR COLLEGE,37.53,27.84
467347,688258,BEDOK MRT STATION (EW5),JURONG PIONEER JUNIOR COLLEGE,33.38,24.84
416551,688258,KEMBANGAN MRT STATION (EW6),JURONG PIONEER JUNIOR COLLEGE,32.1,23.41
409423,688258,EUNOS MRT STATION (EW7),JURONG PIONEER JUNIOR COLLEGE,29.8,22.14
388310,688258,ALJUNIED MRT STATION (EW9),JURONG PIONEER JUNIOR COLLEGE,28.43,20.05
387405,688258,KALLANG MRT STATION (EW10),JURONG PIONEER JUNIOR COLLEGE,26.22,19.06
208699,688258,LAVENDER MRT STATION (EW11),JURONG PIONEER JUNIOR COLLEGE,27.18,17.33
179100,688258,CITY HALL MRT STATION (NS25 / EW13),JURONG PIONEER JUNIOR COLLEGE,28.7,17.6
048618,688258,RAFFLES PLACE MRT STATION (NS26 / EW14),JURONG PIONEER JUNIOR COLLEGE,31.43,18.86
069119,688258,TANJONG PAGAR MRT STATION (EW15),JURONG PIONEER JUNIOR COLLEGE,32.63,19.68
169037,688258,OUTRAM PARK MRT STATION (EW16 / NE3 / TE17),JURONG PIONEER JUNIOR COLLEGE,29.08,17.96
168731,688258,TIONG BAHRU MRT STATION (EW17),JURONG PIONEER JUNIOR COLLEGE,28.22,17.44
158792,688258,REDHILL MRT STATION (EW18),JURONG PIONEER JUNIOR COLLEGE,28.05,17.01
149729,688258,QUEENSTOWN MRT STATION (EW19),JURONG PIONEER JUNIOR COLLEGE,27.47,16.24
149735,688258,COMMONWEALTH MRT STATION (EW20),JURONG PIONEER JUNIOR COLLEGE,24.73,14.88
138677,688258,DOVER MRT STATION (EW22),JURONG PIONEER JUNIOR COLLEGE,21.32,10.72
129580,688258,CLEMENTI MRT STATION (EW23),JURONG PIONEER JUNIOR COLLEGE,19.3,10.78
609690,688258,JURONG EAST MRT STATION (NS1 / EW24),JURONG PIONEER JUNIOR COLLEGE,15.57,7.65
609959,688258,CHINESE GARDEN MRT STATION (EW25),JURONG PIONEER JUNIOR COLLEGE,15.55,7.27
649845,688258,LAKESIDE MRT STATION (EW26),JURONG PIONEER JUNIOR COLLEGE,15.57,7.68
649846,688258,BOON LAY MRT STATION (EW27),JURONG PIONEER JUNIOR COLLEGE,17.02,10.6
648310,688258,PIONEER MRT STATION (EW28),JURONG PIONEER JUNIOR COLLEGE,16.23,10.76
629116,688258,JOO KOON MRT STATION (EW29),JURONG PIONEER JUNIOR COLLEGE,18.42,12.89
637288,688258,GUL CIRCLE MRT STATION (EW30),JURONG PIONEER JUNIOR COLLEGE,18.87,14.17
639608,688258,TUAS CRESCENT MRT STATION (EW31),JURONG PIONEER JUNIOR COLLEGE,26.03,17.6
639609,688258,TUAS WEST ROAD MRT STATION (EW32),JURONG PIONEER JUNIOR COLLEGE,24.42,17.59
638418,688258,TUAS LINK MRT STATION (EW33),JURONG PIONEER JUNIOR COLLEGE,24.95,18.5
059815,688258,CLARKE QUAY MRT STATION (NE5),JURONG PIONEER JUNIOR COLLEGE,31.15,19
218703,688258,FARRER PARK MRT STATION (NE8),JURONG PIONEER JUNIOR COLLEGE,26.47,16.64
328260,688258,BOON KENG MRT STATION (NE9),JURONG PIONEER JUNIOR COLLEGE,26.05,17.87
347694,688258,POTONG PASIR MRT STATION (NE10),JURONG PIONEER JUNIOR COLLEGE,24.2,17.08
347695,688258,WOODLEIGH MRT STATION (NE11),JURONG PIONEER JUNIOR COLLEGE,25.9,17.98
534799,688258,KOVAN MRT STATION (NE13),JURONG PIONEER JUNIOR COLLEGE,32.6,21.39
538758,688258,HOUGANG MRT STATION (NE14),JURONG PIONEER JUNIOR COLLEGE,35.8,22.74
545061,688258,BUANGKOK MRT STATION (NE15),JURONG PIONEER JUNIOR COLLEGE,35.5,26.36
545062,688258,SENGKANG LRT STATION (STC),JURONG PIONEER JUNIOR COLLEGE,33.88,25.62
828868,688258,PUNGGOL MRT STATION (NE17 / PTC),JURONG PIONEER JUNIOR COLLEGE,34.23,25.84
828604,688258,PUNGGOL COAST MRT STATION (NE18),JURONG PIONEER JUNIOR COLLEGE,37.1,27.43
659958,688258,BUKIT BATOK MRT STATION (NS2),JURONG PIONEER JUNIOR COLLEGE,11.5,5.09
659083,688258,BUKIT GOMBAK MRT STATION (NS3),JURONG PIONEER JUNIOR COLLEGE,7.77,3.56
689810,688258,CHOA CHU KANG MRT STATION (NS4 / BP1 / JS1),JURONG PIONEER JUNIOR COLLEGE,4,1.55
689715,688258,YEW TEE MRT STATION (NS5),JURONG PIONEER JUNIOR COLLEGE,5.98,2.76
738702,688258,KRANJI MRT STATION (NS7),JURONG PIONEER JUNIOR COLLEGE,14.92,7.4
739044,688258,MARSILING MRT STATION (NS8),JURONG PIONEER JUNIOR COLLEGE,15.65,10.23
738343,688258,WOODLANDS MRT STATION (NS9 / TE2),JURONG PIONEER JUNIOR COLLEGE,18.33,11.63
738344,688258,ADMIRALTY MRT STATION (NS10),JURONG PIONEER JUNIOR COLLEGE,21.82,13.24
759775,688258,SEMBAWANG MRT STATION (NS11),JURONG PIONEER JUNIOR COLLEGE,25.73,15.81
756972,688258,CANBERRA MRT STATION (NS12),JURONG PIONEER JUNIOR COLLEGE,28.23,17.05
769093,688258,YISHUN MRT STATION (NS13),JURONG PIONEER JUNIOR COLLEGE,28.98,16.15
769092,688258,KHATIB MRT STATION (NS14),JURONG PIONEER JUNIOR COLLEGE,26.47,14.93
569813,688258,YIO CHU KANG MRT STATION (NS15),JURONG PIONEER JUNIOR COLLEGE,27.82,19.33
569812,688258,ANG MO KIO MRT STATION (NS16),JURONG PIONEER JUNIOR COLLEGE,28.42,17.45
319756,688258,BRADDELL MRT STATION (NS18),JURONG PIONEER JUNIOR COLLEGE,23.32,15.79
319398,688258,TOA PAYOH MRT STATION (NS19),JURONG PIONEER JUNIOR COLLEGE,22.87,15.25
307642,688258,NOVENA MRT STATION (NS20),JURONG PIONEER JUNIOR COLLEGE,23.7,14.88
238878,688258,ORCHARD MRT STATION (TE14 / NS22),JURONG PIONEER JUNIOR COLLEGE,24.22,15.29
238162,688258,SOMERSET MRT STATION (NE23),JURONG PIONEER JUNIOR COLLEGE,25.72,16.12
018948,688258,MARINA SOUTH PIER MRT STATION (NS28),JURONG PIONEER JUNIOR COLLEGE,34.92,25.32
737668,688258,WOODLANDS NORTH MRT STATION (TE1),JURONG PIONEER JUNIOR COLLEGE,22.02,13.62
737741,688258,WOODLANDS SOUTH MRT STATION (TE3),JURONG PIONEER JUNIOR COLLEGE,22.05,13.05
787140,688258,SPRINGLEAF MRT STATION (TE4),JURONG PIONEER JUNIOR COLLEGE,23.27,16.19
789361,688258,LENTOR MRT STATION (TE5),JURONG PIONEER JUNIOR COLLEGE,28.88,19.5
569900,688258,MAYFLOWER MRT STATION (TE6),JURONG PIONEER JUNIOR COLLEGE,30.33,20.55
575737,688258,BRIGHT HILL MRT STATION (TE7),JURONG PIONEER JUNIOR COLLEGE,27.78,16.83
577937,688258,UPPER THOMSON MRT STATION (TE8),JURONG PIONEER JUNIOR COLLEGE,23.98,15.19
299781,688258,MOUNT PLEASANT MRT STATION (TE10),JURONG PIONEER JUNIOR COLLEGE,22.55,14.56
258511,688258,NAPIER MRT STATION (TE12),JURONG PIONEER JUNIOR COLLEGE,25.07,15.34
248654,688258,ORCHARD BOULEVARD MRT STATION (TE13),JURONG PIONEER JUNIOR COLLEGE,26.63,16.58
238384,688258,GREAT WORLD MRT STATION (TE15),JURONG PIONEER JUNIOR COLLEGE,27.07,16.64
168604,688258,HAVELOCK MRT STATION (TE16),JURONG PIONEER JUNIOR COLLEGE,28.92,17.62
058841,688258,MAXWELL MRT STATION (TE18),JURONG PIONEER JUNIOR COLLEGE,32.38,19.15
018928,688258,SHENTON WAY MRT STATION (TE19),JURONG PIONEER JUNIOR COLLEGE,32.8,19.64
019397,688258,MARINA SOUTH MRT STATION (TE21),JURONG PIONEER JUNIOR COLLEGE,32.62,24.15
019396,688258,GARDENS BY THE BAY MRT STATION (TE22),JURONG PIONEER JUNIOR COLLEGE,34.92,25.27
436488,688258,TANJONG RHU MRT STATION (TE23),JURONG PIONEER JUNIOR COLLEGE,32.33,21.68
437870,688258,KATONG PARK MRT STATION (TE24),JURONG PIONEER JUNIOR COLLEGE,30.2,21.14
439846,688258,TANJONG KATONG MRT STATION (TE25),JURONG PIONEER JUNIOR COLLEGE,32.3,22.28
449971,688258,MARINE PARADE MRT STATION (TE26),JURONG PIONEER JUNIOR COLLEGE,33.67,23.32
449970,688258,MARINE TERRACE MRT STATION (TE27),JURONG PIONEER JUNIOR COLLEGE,34.2,24.11
449969,688258,SIGLAP MRT STATION (TE28),JURONG PIONEER JUNIOR COLLEGE,36.4,25.7
469958,688258,BAYSHORE MRT STATION (TE29),JURONG PIONEER JUNIOR COLLEGE,37.92,27.04
468324,688258,BEDOK SOUTH MRT STATION (TE30),JURONG PIONEER JUNIOR COLLEGE,40.27,27.98
688265,688258,SOUTH VIEW LRT STATION (BP2),JURONG PIONEER JUNIOR COLLEGE,3.72,1.54
688266,688258,KEAT HONG LRT STATION (BP3),JURONG PIONEER JUNIOR COLLEGE,3.05,1.21
688267,688258,TECK WHYE LRT STATION (BP4),JURONG PIONEER JUNIOR COLLEGE,3.58,1.3
689483,688258,PHOENIX LRT STATION (BP5),JURONG PIONEER JUNIOR COLLEGE,3.27,1.2
678269,688258,PETIR LRT STATION (BP7),JURONG PIONEER JUNIOR COLLEGE,5.58,2.39
678296,688258,PENDING LRT STATION (BP8),JURONG PIONEER JUNIOR COLLEGE,6.78,3.02
679939,688258,BANGKIT LRT STATION (BP9),JURONG PIONEER JUNIOR COLLEGE,7.07,3.21
679004,688258,FAJAR LRT STATION (BP10),JURONG PIONEER JUNIOR COLLEGE,8.85,3.92
679940,688258,SEGAR LRT STATION (BP11),JURONG PIONEER JUNIOR COLLEGE,7.23,3.31
679941,688258,JELAPANG LRT STATION (BP12),JURONG PIONEER JUNIOR COLLEGE,5.97,2.63
679942,688258,SENJA LRT STATION (BP13),JURONG PIONEER JUNIOR COLLEGE,4.97,2.1
545055,688258,COMPASSVALE LRT STATION (SE1),JURONG PIONEER JUNIOR COLLEGE,33.57,25.52
545054,688258,RUMBIA LRT STATION (SE2),JURONG PIONEER JUNIOR COLLEGE,34.68,26.28
545053,688258,BAKAU LRT STATION (SE3),JURONG PIONEER JUNIOR COLLEGE,35.5,26.7
545052,688258,KANGKAR LRT STATION (SE4),JURONG PIONEER JUNIOR COLLEGE,35.98,26.95
545046,688258,RANGGUNG LRT STATION (SE5),JURONG PIONEER JUNIOR COLLEGE,36.92,26.76
545047,688258,CHENG LIM LRT STATION (SW1),JURONG PIONEER JUNIOR COLLEGE,32.35,24.85
545048,688258,FARMWAY LRT STATION (SW2),JURONG PIONEER JUNIOR COLLEGE,35.27,25.78
797697,688258,KUPANG LRT STATION (SW3),JURONG PIONEER JUNIOR COLLEGE,33.53,23.67
797699,688258,THANGGAM LRT STATION (SW4),JURONG PIONEER JUNIOR COLLEGE,31.92,23.03
797698,688258,FERNVALE LRT STATION (SW5),JURONG PIONEER JUNIOR COLLEGE,32.08,23.09
797700,688258,LAYAR LRT STATION (SW6),JURONG PIONEER JUNIOR COLLEGE,32.93,23.7
545050,688258,TONGKANG LRT STATION (SW7),JURONG PIONEER JUNIOR COLLEGE,34.35,24.45
545049,688258,RENJONG LRT STATION (SW8),JURONG PIONEER JUNIOR COLLEGE,36.68,26.45
828858,688258,COVE LRT STATION (PE1),JURONG PIONEER JUNIOR COLLEGE,34.75,26.06
828857,688258,MERIDIAN LRT STATION (PE2),JURONG PIONEER JUNIOR COLLEGE,35.43,26.38
828856,688258,CORAL EDGE LRT STATION (PE3),JURONG PIONEER JUNIOR COLLEGE,37.5,27.27
828852,688258,RIVIERA LRT STATION (PE4),JURONG PIONEER JUNIOR COLLEGE,36.93,27.42
828853,688258,KADALOOR LRT STATION (PE5),JURONG PIONEER JUNIOR COLLEGE,38.4,27.69
828854,688258,OASIS LRT STATION (PE6),JURONG PIONEER JUNIOR COLLEGE,36.68,27.09
828855,688258,DAMAI LRT STATION (PE7),JURONG PIONEER JUNIOR COLLEGE,35.42,26.63
828851,688258,SAM KEE LRT STATION (PW1),JURONG PIONEER JUNIOR COLLEGE,36.28,26.43
828861,688258,TECK LEE LRT STATION (PW2),JURONG PIONEER JUNIOR COLLEGE,36.48,26.71
828644,688258,PUNGGOL POINT LRT STATION (PW3),JURONG PIONEER JUNIOR COLLEGE,36.27,27
828645,688258,SAMUDERA LRT STATION (PW4),JURONG PIONEER JUNIOR COLLEGE,35.18,26.42
828862,688258,NIBONG LRT STATION (PW5),JURONG PIONEER JUNIOR COLLEGE,34.3,25.95
828863,688258,SUMANG LRT STATION (PW6),JURONG PIONEER JUNIOR COLLEGE,36.48,26.15
828864,688258,SOO TECK LRT STATION (PW7),JURONG PIONEER JUNIOR COLLEGE,33.57,25.29
238826,658965,DHOBY GHAUT MRT STATION (NS24 / NE6 / CC1),MILLENNIA INSTITUTE,24.35,17.85
189561,658965,BRAS BASAH MRT STATION (CC2),MILLENNIA INSTITUTE,24.93,18.06
189562,658965,ESPLANADE MRT STATION (CC3),MILLENNIA INSTITUTE,26.13,18.62
039193,658965,PROMENADE MRT STATION (DT15 / CC4),MILLENNIA INSTITUTE,27.27,19.08
038970,658965,NICOLL HIGHWAY MRT STATION (CC5),MILLENNIA INSTITUTE,27.58,19.33
397692,658965,STADIUM MRT STATION (CC6),MILLENNIA INSTITUTE,27.75,21.92
398006,658965,MOUNTBATTEN MRT STATION (CC7),MILLENNIA INSTITUTE,26.48,21.51
397973,658965,DAKOTA MRT STATION (CC8),MILLENNIA INSTITUTE,26.25,21.59
409006,658965,PAYA LEBAR MRT STATION (EW8 / CC9),MILLENNIA INSTITUTE,24.87,21.17
409048,658965,MACPHERSON MRT STATION (DT26 / CC10),MILLENNIA INSTITUTE,25.7,21.26
534803,658965,TAI SENG MRT STATION (CC11),MILLENNIA INSTITUTE,26.1,20.18
539788,658965,BARTLEY MRT STATION (CC12),MILLENNIA INSTITUTE,26.35,20.35
534801,658965,SERANGOON MRT STATION (NE12 / CC13),MILLENNIA INSTITUTE,26.45,20.23
554533,658965,LORONG CHUAN MRT STATION (CC14),MILLENNIA INSTITUTE,25.83,18.35
579827,658965,BISHAN MRT STATION (NS17 / CC15),MILLENNIA INSTITUTE,21.58,16.37
573993,658965,MARYMOUNT MRT STATION (CC16),MILLENNIA INSTITUTE,19.7,15.35
298113,658965,CALDECOTT MRT STATION (CC17 / TE9),MILLENNIA INSTITUTE,19.3,14.93
257494,658965,BOTANIC GARDENS MRT STATION (CC19 / DT9),MILLENNIA INSTITUTE,16.15,12.8
268857,658965,FARRER ROAD MRT STATION (CC20),MILLENNIA INSTITUTE,18.08,10.78
278995,658965,HOLLAND VILLAGE MRT STATION (CC21),MILLENNIA INSTITUTE,18.97,10.62
139345,658965,BUONA VISTA MRT STATION (CC22 / EW21),MILLENNIA INSTITUTE,15.27,9.14
138647,658965,ONE-NORTH MRT STATION (CC23),MILLENNIA INSTITUTE,17.63,11.06
118177,658965,KENT RIDGE MRT STATION (CC24),MILLENNIA INSTITUTE,16.08,10.02
117396,658965,HAW PAR VILLA MRT STATION (CC25),MILLENNIA INSTITUTE,18.95,11.08
117424,658965,PASIR PANJANG MRT STATION (CC26),MILLENNIA INSTITUTE,20.32,12.74
109029,658965,LABRADOR PARK MRT STATION (CC27),MILLENNIA INSTITUTE,19.75,13.09
109028,658965,TELOK BLANGAH MRT STATION (CC28),MILLENNIA INSTITUTE,21.15,13.83
098867,658965,HARBOURFRONT MRT STATION (CC29 / NE1),MILLENNIA INSTITUTE,24.02,16.42
099423,658965,KEPPEL MRT STATION (CC30),MILLENNIA INSTITUTE,23.42,16.21
089395,658965,CANTONMENT MRT STATION (CC31),MILLENNIA INSTITUTE,25.02,17.7
079122,658965,PRINCE EDWARD ROAD MRT STATION (CC32),MILLENNIA INSTITUTE,24.53,17.18
018957,658965,BAYFRONT MRT STATION (DT16 / CE1),MILLENNIA INSTITUTE,28.72,20.79
018925,658965,MARINA BAY MRT STATION (NS27 / TE20 / CE2),MILLENNIA INSTITUTE,27.92,19.06
467356,658965,TANAH MERAH MRT STATION (EW4 / CG),MILLENNIA INSTITUTE,34.62,28.52
486065,658965,EXPO MRT STATION (CG1 / DT35),MILLENNIA INSTITUTE,36.42,29.6
819661,658965,CHANGI AIRPORT MRT STATION (CG2),MILLENNIA INSTITUTE,39.92,34.53
678213,658965,BUKIT PANJANG MRT STATION (DT1 / BP6),MILLENNIA INSTITUTE,10.7,5.54
679696,658965,CASHEW MRT STATION (DT2),MILLENNIA INSTITUTE,9.62,4.96
678211,658965,HILLVIEW MRT STATION (DT3),MILLENNIA INSTITUTE,8.45,4.34
589681,658965,HUME MRT STATION (DT4),MILLENNIA INSTITUTE,9.2,4.77
588216,658965,BEAUTY WORLD MRT STATION (DT5),MILLENNIA INSTITUTE,9.02,4.72
599987,658965,KING ALBERT PARK MRT STATION (DT6),MILLENNIA INSTITUTE,9.08,6.55
269784,658965,SIXTH AVENUE MRT STATION (DT7),MILLENNIA INSTITUTE,11.62,8.05
266268,658965,TAN KAH KEE MRT STATION (DT8),MILLENNIA INSTITUTE,14.07,9.35
257877,658965,STEVENS MRT STATION (DT10 / TE11),MILLENNIA INSTITUTE,17.42,14.1
228234,658965,NEWTON MRT STATION (NS21 / DT11),MILLENNIA INSTITUTE,19.57,15.3
229900,658965,LITTLE INDIA MRT STATION (NE7 / DT12),MILLENNIA INSTITUTE,22.3,16.72
188505,658965,ROCHOR MRT STATION (DT13),MILLENNIA INSTITUTE,22.83,17.1
188022,658965,BUGIS MRT STATION (EW12 / DT14),MILLENNIA INSTITUTE,23.95,17.67
018969,658965,DOWNTOWN MRT STATION (DT17),MILLENNIA INSTITUTE,26.25,18.43
048416,658965,TELOK AYER MRT STATION (DT18),MILLENNIA INSTITUTE,26.28,18.31
059443,658965,CHINATOWN MRT STATION (NE4 / DT19),MILLENNIA INSTITUTE,23.73,17.17
179038,658965,FORT CANNING MRT STATION (DT20),MILLENNIA INSTITUTE,24.63,17.55
189658,658965,BENCOOLEN MRT STATION (DT21),MILLENNIA INSTITUTE,24.67,18.03
208826,658965,JALAN BESAR MRT STATION (DT22),MILLENNIA INSTITUTE,24.02,17.6
339356,658965,BENDEMEER MRT STATION (DT23),MILLENNIA INSTITUTE,23.5,17.76
339355,658965,GEYLANG BAHRU MRT STATION (DT24),MILLENNIA INSTITUTE,24.85,19.8
379314,658965,MATTAR MRT STATION (DT25),MILLENNIA INSTITUTE,26.35,20.24
408899,658965,UBI MRT STATION (DT27),MILLENNIA INSTITUTE,26.27,22.02
415804,658965,KAKI BUKIT MRT STATION (DT28),MILLENNIA INSTITUTE,28.27,23.41
479481,658965,BEDOK NORTH MRT STATION (DT29),MILLENNIA INSTITUTE,31.08,24.42
469724,658965,BEDOK RESERVOIR MRT STATION (DT30),MILLENNIA INSTITUTE,29.23,25.74
529683,658965,TAMPINES WEST MRT STATION (DT31),MILLENNIA INSTITUTE,33.6,27.44
529538,658965,TAMPINES MRT STATION (EW2 / DT32),MILLENNIA INSTITUTE,35.03,28.75
529623,658965,TAMPINES EAST MRT STATION (DT33),MILLENNIA INSTITUTE,35.25,30.33
485990,658965,UPPER CHANGI MRT STATION (DT34),MILLENNIA INSTITUTE,34.6,30.11
486800,658965,XILIN MRT STATION (DT36),MILLENNIA INSTITUTE,35.15,29.68
469731,658965,SUNGEI BEDOK MRT STATION (TE31 / DT37),MILLENNIA INSTITUTE,37.53,29.82
519634,658965,PASIR RIS MRT STATION (EW1),MILLENNIA INSTITUTE,40.52,33.97
529888,658965,SIMEI MRT STATION (EW3),MILLENNIA INSTITUTE,34.55,28.72
467347,658965,BEDOK MRT STATION (EW5),MILLENNIA INSTITUTE,30.38,25.72
416551,658965,KEMBANGAN MRT STATION (EW6),MILLENNIA INSTITUTE,29.1,24.29
409423,658965,EUNOS MRT STATION (EW7),MILLENNIA INSTITUTE,26.85,23.05
388310,658965,ALJUNIED MRT STATION (EW9),MILLENNIA INSTITUTE,25.45,20.93
387405,658965,KALLANG MRT STATION (EW10),MILLENNIA INSTITUTE,23.22,19.94
208699,658965,LAVENDER MRT STATION (EW11),MILLENNIA INSTITUTE,24.18,18.21
179100,658965,CITY HALL MRT STATION (NS25 / EW13),MILLENNIA INSTITUTE,25.72,18.49
048618,658965,RAFFLES PLACE MRT STATION (NS26 / EW14),MILLENNIA INSTITUTE,25.35,18.24
069119,658965,TANJONG PAGAR MRT STATION (EW15),MILLENNIA INSTITUTE,25.65,17.92
169037,658965,OUTRAM PARK MRT STATION (EW16 / NE3 / TE17),MILLENNIA INSTITUTE,22.1,16.34
168731,658965,TIONG BAHRU MRT STATION (EW17),MILLENNIA INSTITUTE,21.88,15.35
158792,658965,REDHILL MRT STATION (EW18),MILLENNIA INSTITUTE,21.72,14.08
149729,658965,QUEENSTOWN MRT STATION (EW19),MILLENNIA INSTITUTE,20.27,13.34
149735,658965,COMMONWEALTH MRT STATION (EW20),MILLENNIA INSTITUTE,18.15,10.66
138677,658965,DOVER MRT STATION (EW22),MILLENNIA INSTITUTE,12.92,7.88
129580,658965,CLEMENTI MRT STATION (EW23),MILLENNIA INSTITUTE,9.68,6.17
609690,658965,JURONG EAST MRT STATION (NS1 / EW24),MILLENNIA INSTITUTE,6,3.07
609959,658965,CHINESE GARDEN MRT STATION (EW25),MILLENNIA INSTITUTE,5.93,2.66
649845,658965,LAKESIDE MRT STATION (EW26),MILLENNIA INSTITUTE,5.95,3.07
649846,658965,BOON LAY MRT STATION (EW27),MILLENNIA INSTITUTE,9.08,4.74
648310,658965,PIONEER MRT STATION (EW28),MILLENNIA INSTITUTE,12.02,8.67
629116,658965,JOO KOON MRT STATION (EW29),MILLENNIA INSTITUTE,14.18,10.8
637288,658965,GUL CIRCLE MRT STATION (EW30),MILLENNIA INSTITUTE,14.65,12.08
639608,658965,TUAS CRESCENT MRT STATION (EW31),MILLENNIA INSTITUTE,21.8,15.51
639609,658965,TUAS WEST ROAD MRT STATION (EW32),MILLENNIA INSTITUTE,20.18,15.5
638418,658965,TUAS LINK MRT STATION (EW33),MILLENNIA INSTITUTE,20.72,16.41
059815,658965,CLARKE QUAY MRT STATION (NE5),MILLENNIA INSTITUTE,25.32,18.29
218703,658965,FARRER PARK MRT STATION (NE8),MILLENNIA INSTITUTE,23.47,17.52
328260,658965,BOON KENG MRT STATION (NE9),MILLENNIA INSTITUTE,23.07,18.75
347694,658965,POTONG PASIR MRT STATION (NE10),MILLENNIA INSTITUTE,21.2,17.96
347695,658965,WOODLEIGH MRT STATION (NE11),MILLENNIA INSTITUTE,22.9,18.87
534799,658965,KOVAN MRT STATION (NE13),MILLENNIA INSTITUTE,29.62,22.27
538758,658965,HOUGANG MRT STATION (NE14),MILLENNIA INSTITUTE,32.82,23.63
545061,658965,BUANGKOK MRT STATION (NE15),MILLENNIA INSTITUTE,35.33,26.68
545062,658965,SENGKANG LRT STATION (STC),MILLENNIA INSTITUTE,36,27.49
828868,658965,PUNGGOL MRT STATION (NE17 / PTC),MILLENNIA INSTITUTE,36.83,31.42
828604,658965,PUNGGOL COAST MRT STATION (NE18),MILLENNIA INSTITUTE,39.3,32.73
659958,658965,BUKIT BATOK MRT STATION (NS2),MILLENNIA INSTITUTE,3.45,1.35
659083,658965,BUKIT GOMBAK MRT STATION (NS3),MILLENNIA INSTITUTE,3.8,1.96
689810,658965,CHOA CHU KANG MRT STATION (NS4 / BP1 / JS1),MILLENNIA INSTITUTE,11.67,5.91
689715,658965,YEW TEE MRT STATION (NS5),MILLENNIA INSTITUTE,13.63,7.12
738702,658965,KRANJI MRT STATION (NS7),MILLENNIA INSTITUTE,20.32,10.76
739044,658965,MARSILING MRT STATION (NS8),MILLENNIA INSTITUTE,22.05,13.44
738343,658965,WOODLANDS MRT STATION (NS9 / TE2),MILLENNIA INSTITUTE,24.75,14.84
738344,658965,ADMIRALTY MRT STATION (NS10),MILLENNIA INSTITUTE,28.23,16.45
759775,658965,SEMBAWANG MRT STATION (NS11),MILLENNIA INSTITUTE,32.15,19.02
756972,658965,CANBERRA MRT STATION (NS12),MILLENNIA INSTITUTE,34.65,20.25
769093,658965,YISHUN MRT STATION (NS13),MILLENNIA INSTITUTE,35.4,19.36
769092,658965,KHATIB MRT STATION (NS14),MILLENNIA INSTITUTE,32.88,18.14
569813,658965,YIO CHU KANG MRT STATION (NS15),MILLENNIA INSTITUTE,27.3,19.33
569812,658965,ANG MO KIO MRT STATION (NS16),MILLENNIA INSTITUTE,25.43,18.34
319756,658965,BRADDELL MRT STATION (NS18),MILLENNIA INSTITUTE,20.33,16.67
319398,658965,TOA PAYOH MRT STATION (NS19),MILLENNIA INSTITUTE,19.88,16.14
307642,658965,NOVENA MRT STATION (NS20),MILLENNIA INSTITUTE,20.7,15.76
238878,658965,ORCHARD MRT STATION (TE14 / NS22),MILLENNIA INSTITUTE,21.22,16.17
238162,658965,SOMERSET MRT STATION (NE23),MILLENNIA INSTITUTE,22.72,17.01
018948,658965,MARINA SOUTH PIER MRT STATION (NS28),MILLENNIA INSTITUTE,27.55,20.31
737668,658965,WOODLANDS NORTH MRT STATION (TE1),MILLENNIA INSTITUTE,28.43,16.83
737741,658965,WOODLANDS SOUTH MRT STATION (TE3),MILLENNIA INSTITUTE,28.47,16.26
787140,658965,SPRINGLEAF MRT STATION (TE4),MILLENNIA INSTITUTE,29.67,19.4
789361,658965,LENTOR MRT STATION (TE5),MILLENNIA INSTITUTE,30.53,20.74
569900,658965,MAYFLOWER MRT STATION (TE6),MILLENNIA INSTITUTE,28.58,19.94
575737,658965,BRIGHT HILL MRT STATION (TE7),MILLENNIA INSTITUTE,24.78,17.71
577937,658965,UPPER THOMSON MRT STATION (TE8),MILLENNIA INSTITUTE,20.98,16.07
299781,658965,MOUNT PLEASANT MRT STATION (TE10),MILLENNIA INSTITUTE,19.57,15.44
258511,658965,NAPIER MRT STATION (TE12),MILLENNIA INSTITUTE,22.08,16.22
248654,658965,ORCHARD BOULEVARD MRT STATION (TE13),MILLENNIA INSTITUTE,23.63,17.46
238384,658965,GREAT WORLD MRT STATION (TE15),MILLENNIA INSTITUTE,24.08,17.52
168604,658965,HAVELOCK MRT STATION (TE16),MILLENNIA INSTITUTE,25.35,17.78
058841,658965,MAXWELL MRT STATION (TE18),MILLENNIA INSTITUTE,25.45,17.74
018928,658965,SHENTON WAY MRT STATION (TE19),MILLENNIA INSTITUTE,26.25,17.9
019397,658965,MARINA SOUTH MRT STATION (TE21),MILLENNIA INSTITUTE,26.4,19.66
019396,658965,GARDENS BY THE BAY MRT STATION (TE22),MILLENNIA INSTITUTE,28.7,20.78
436488,658965,TANJONG RHU MRT STATION (TE23),MILLENNIA INSTITUTE,29.35,22.56
437870,658965,KATONG PARK MRT STATION (TE24),MILLENNIA INSTITUTE,27.22,22.03
439846,658965,TANJONG KATONG MRT STATION (TE25),MILLENNIA INSTITUTE,29.32,23.17
449971,658965,MARINE PARADE MRT STATION (TE26),MILLENNIA INSTITUTE,30.68,24.2
449970,658965,MARINE TERRACE MRT STATION (TE27),MILLENNIA INSTITUTE,31.22,24.99
449969,658965,SIGLAP MRT STATION (TE28),MILLENNIA INSTITUTE,33.4,26.58
469958,658965,BAYSHORE MRT STATION (TE29),MILLENNIA INSTITUTE,34.92,27.92
468324,658965,BEDOK SOUTH MRT STATION (TE30),MILLENNIA INSTITUTE,37.32,28.89
688265,658965,SOUTH VIEW LRT STATION (BP2),MILLENNIA INSTITUTE,9.68,5.07
688266,658965,KEAT HONG LRT STATION (BP3),MILLENNIA INSTITUTE,8.83,4.61
688267,658965,TECK WHYE LRT STATION (BP4),MILLENNIA INSTITUTE,9.87,5.08
689483,658965,PHOENIX LRT STATION (BP5),MILLENNIA INSTITUTE,8.67,4.56
678269,658965,PETIR LRT STATION (BP7),MILLENNIA INSTITUTE,10.98,5.75
678296,658965,PENDING LRT STATION (BP8),MILLENNIA INSTITUTE,12.18,6.38
679939,658965,BANGKIT LRT STATION (BP9),MILLENNIA INSTITUTE,12.47,6.57
679004,658965,FAJAR LRT STATION (BP10),MILLENNIA INSTITUTE,14.25,7.28
679940,658965,SEGAR LRT STATION (BP11),MILLENNIA INSTITUTE,12.63,6.67
679941,658965,JELAPANG LRT STATION (BP12),MILLENNIA INSTITUTE,11.37,5.99
679942,658965,SENJA LRT STATION (BP13),MILLENNIA INSTITUTE,10.37,5.46
545055,658965,COMPASSVALE LRT STATION (SE1),MILLENNIA INSTITUTE,35.8,30.81
545054,658965,RUMBIA LRT STATION (SE2),MILLENNIA INSTITUTE,35.18,29.19
545053,658965,BAKAU LRT STATION (SE3),MILLENNIA INSTITUTE,34.47,28.82
545052,658965,KANGKAR LRT STATION (SE4),MILLENNIA INSTITUTE,33.42,28.25
545046,658965,RANGGUNG LRT STATION (SE5),MILLENNIA INSTITUTE,35.47,28.94
545047,658965,CHENG LIM LRT STATION (SW1),MILLENNIA INSTITUTE,36.2,31.72
545048,658965,FARMWAY LRT STATION (SW2),MILLENNIA INSTITUTE,38.62,29.02
797697,658965,KUPANG LRT STATION (SW3),MILLENNIA INSTITUTE,35.22,27.64
797699,658965,THANGGAM LRT STATION (SW4),MILLENNIA INSTITUTE,33.6,27
797698,658965,FERNVALE LRT STATION (SW5),MILLENNIA INSTITUTE,32.7,26.58
797700,658965,LAYAR LRT STATION (SW6),MILLENNIA INSTITUTE,33.38,26.96
545050,658965,TONGKANG LRT STATION (SW7),MILLENNIA INSTITUTE,34.8,27.72
545049,658965,RENJONG LRT STATION (SW8),MILLENNIA INSTITUTE,37.38,27.57
828858,658965,COVE LRT STATION (PE1),MILLENNIA INSTITUTE,36.27,30.84
828857,658965,MERIDIAN LRT STATION (PE2),MILLENNIA INSTITUTE,36.93,31.16
828856,658965,CORAL EDGE LRT STATION (PE3),MILLENNIA INSTITUTE,38.4,30.98
828852,658965,RIVIERA LRT STATION (PE4),MILLENNIA INSTITUTE,35.75,30.1
828853,658965,KADALOOR LRT STATION (PE5),MILLENNIA INSTITUTE,38.67,31.12
828854,658965,OASIS LRT STATION (PE6),MILLENNIA INSTITUTE,38.1,31.11
828855,658965,DAMAI LRT STATION (PE7),MILLENNIA INSTITUTE,36.92,31.41
828851,658965,SAM KEE LRT STATION (PW1),MILLENNIA INSTITUTE,38.42,31.95
828861,658965,TECK LEE LRT STATION (PW2),MILLENNIA INSTITUTE,39.03,32.3
828644,658965,PUNGGOL POINT LRT STATION (PW3),MILLENNIA INSTITUTE,39.83,33.67
828645,658965,SAMUDERA LRT STATION (PW4),MILLENNIA INSTITUTE,38.75,33.09
828862,658965,NIBONG LRT STATION (PW5),MILLENNIA INSTITUTE,37.87,32.62
828863,658965,SUMANG LRT STATION (PW6),MILLENNIA INSTITUTE,40.05,32.82
828864,658965,SOO TECK LRT STATION (PW7),MILLENNIA INSTITUTE,37.13,31.96
238826,556111,DHOBY GHAUT MRT STATION (NS24 / NE6 / CC1),NANYANG JUNIOR COLLEGE,15.05,10.13
189561,556111,BRAS BASAH MRT STATION (CC2),NANYANG JUNIOR COLLEGE,16.08,9.98
189562,556111,ESPLANADE MRT STATION (CC3),NANYANG JUNIOR COLLEGE,17.27,10.57
039193,556111,PROMENADE MRT STATION (DT15 / CC4),NANYANG JUNIOR COLLEGE,17.52,10.66
038970,556111,NICOLL HIGHWAY MRT STATION (CC5),NANYANG JUNIOR COLLEGE,19.87,11.91
397692,556111,STADIUM MRT STATION (CC6),NANYANG JUNIOR COLLEGE,17.95,9.98
398006,556111,MOUNTBATTEN MRT STATION (CC7),NANYANG JUNIOR COLLEGE,17.72,10.27
397973,556111,DAKOTA MRT STATION (CC8),NANYANG JUNIOR COLLEGE,16.55,9.71
409006,556111,PAYA LEBAR MRT STATION (EW8 / CC9),NANYANG JUNIOR COLLEGE,14.28,6.93
409048,556111,MACPHERSON MRT STATION (DT26 / CC10),NANYANG JUNIOR COLLEGE,11.77,5.78
534803,556111,TAI SENG MRT STATION (CC11),NANYANG JUNIOR COLLEGE,9.97,4.83
539788,556111,BARTLEY MRT STATION (CC12),NANYANG JUNIOR COLLEGE,8.63,2.83
534801,556111,SERANGOON MRT STATION (NE12 / CC13),NANYANG JUNIOR COLLEGE,9.05,4.11
554533,556111,LORONG CHUAN MRT STATION (CC14),NANYANG JUNIOR COLLEGE,1.4,0.35
579827,556111,BISHAN MRT STATION (NS17 / CC15),NANYANG JUNIOR COLLEGE,7.92,3.66
573993,556111,MARYMOUNT MRT STATION (CC16),NANYANG JUNIOR COLLEGE,9.33,4.38
298113,556111,CALDECOTT MRT STATION (CC17 / TE9),NANYANG JUNIOR COLLEGE,10.75,4.7
257494,556111,BOTANIC GARDENS MRT STATION (CC19 / DT9),NANYANG JUNIOR COLLEGE,15.25,8.32
268857,556111,FARRER ROAD MRT STATION (CC20),NANYANG JUNIOR COLLEGE,16.45,8.98
278995,556111,HOLLAND VILLAGE MRT STATION (CC21),NANYANG JUNIOR COLLEGE,21.77,11.4
139345,556111,BUONA VISTA MRT STATION (CC22 / EW21),NANYANG JUNIOR COLLEGE,22.47,12.1
138647,556111,ONE-NORTH MRT STATION (CC23),NANYANG JUNIOR COLLEGE,24.37,12.95
118177,556111,KENT RIDGE MRT STATION (CC24),NANYANG JUNIOR COLLEGE,23.38,18.18
117396,556111,HAW PAR VILLA MRT STATION (CC25),NANYANG JUNIOR COLLEGE,28.47,18.69
117424,556111,PASIR PANJANG MRT STATION (CC26),NANYANG JUNIOR COLLEGE,27.92,17.82
109029,556111,LABRADOR PARK MRT STATION (CC27),NANYANG JUNIOR COLLEGE,24.15,16.35
109028,556111,TELOK BLANGAH MRT STATION (CC28),NANYANG JUNIOR COLLEGE,25.52,17.08
098867,556111,HARBOURFRONT MRT STATION (CC29 / NE1),NANYANG JUNIOR COLLEGE,23.57,15.93
099423,556111,KEPPEL MRT STATION (CC30),NANYANG JUNIOR COLLEGE,21.97,15.2
089395,556111,CANTONMENT MRT STATION (CC31),NANYANG JUNIOR COLLEGE,19.28,13.21
079122,556111,PRINCE EDWARD ROAD MRT STATION (CC32),NANYANG JUNIOR COLLEGE,19.32,13.1
018957,556111,BAYFRONT MRT STATION (DT16 / CE1),NANYANG JUNIOR COLLEGE,19.95,12.06
018925,556111,MARINA BAY MRT STATION (NS27 / TE20 / CE2),NANYANG JUNIOR COLLEGE,19.45,12.96
467356,556111,TANAH MERAH MRT STATION (EW4 / CG),NANYANG JUNIOR COLLEGE,24.93,16.65
486065,556111,EXPO MRT STATION (CG1 / DT35),NANYANG JUNIOR COLLEGE,26.52,17.65
819661,556111,CHANGI AIRPORT MRT STATION (CG2),NANYANG JUNIOR COLLEGE,31.6,23.08
678213,556111,BUKIT PANJANG MRT STATION (DT1 / BP6),NANYANG JUNIOR COLLEGE,25.93,15.82
679696,556111,CASHEW MRT STATION (DT2),NANYANG JUNIOR COLLEGE,26.05,14.69
678211,556111,HILLVIEW MRT STATION (DT3),NANYANG JUNIOR COLLEGE,24.82,14.03
589681,556111,HUME MRT STATION (DT4),NANYANG JUNIOR COLLEGE,23.03,14
588216,556111,BEAUTY WORLD MRT STATION (DT5),NANYANG JUNIOR COLLEGE,20.23,12.55
599987,556111,KING ALBERT PARK MRT STATION (DT6),NANYANG JUNIOR COLLEGE,21.43,13.22
269784,556111,SIXTH AVENUE MRT STATION (DT7),NANYANG JUNIOR COLLEGE,19.65,10.59
266268,556111,TAN KAH KEE MRT STATION (DT8),NANYANG JUNIOR COLLEGE,18.63,10.06
257877,556111,STEVENS MRT STATION (DT10 / TE11),NANYANG JUNIOR COLLEGE,15.2,9.43
228234,556111,NEWTON MRT STATION (NS21 / DT11),NANYANG JUNIOR COLLEGE,13.2,8.57
229900,556111,LITTLE INDIA MRT STATION (NE7 / DT12),NANYANG JUNIOR COLLEGE,14.33,8.86
188505,556111,ROCHOR MRT STATION (DT13),NANYANG JUNIOR COLLEGE,14.17,9.08
188022,556111,BUGIS MRT STATION (EW12 / DT14),NANYANG JUNIOR COLLEGE,15,9.54
018969,556111,DOWNTOWN MRT STATION (DT17),NANYANG JUNIOR COLLEGE,17.83,12.35
048416,556111,TELOK AYER MRT STATION (DT18),NANYANG JUNIOR COLLEGE,16.63,11.79
059443,556111,CHINATOWN MRT STATION (NE4 / DT19),NANYANG JUNIOR COLLEGE,15.83,11.31
179038,556111,FORT CANNING MRT STATION (DT20),NANYANG JUNIOR COLLEGE,17.57,12.86
189658,556111,BENCOOLEN MRT STATION (DT21),NANYANG JUNIOR COLLEGE,15.48,10.38
208826,556111,JALAN BESAR MRT STATION (DT22),NANYANG JUNIOR COLLEGE,15.07,9.5
339356,556111,BENDEMEER MRT STATION (DT23),NANYANG JUNIOR COLLEGE,13.77,8.28
339355,556111,GEYLANG BAHRU MRT STATION (DT24),NANYANG JUNIOR COLLEGE,13.87,5.59
379314,556111,MATTAR MRT STATION (DT25),NANYANG JUNIOR COLLEGE,13.5,5.08
408899,556111,UBI MRT STATION (DT27),NANYANG JUNIOR COLLEGE,14.08,6.93
415804,556111,KAKI BUKIT MRT STATION (DT28),NANYANG JUNIOR COLLEGE,14.72,7.29
479481,556111,BEDOK NORTH MRT STATION (DT29),NANYANG JUNIOR COLLEGE,19.22,8.74
469724,556111,BEDOK RESERVOIR MRT STATION (DT30),NANYANG JUNIOR COLLEGE,19.5,13.79
529683,556111,TAMPINES WEST MRT STATION (DT31),NANYANG JUNIOR COLLEGE,21.83,15.02
529538,556111,TAMPINES MRT STATION (EW2 / DT32),NANYANG JUNIOR COLLEGE,25.15,14.01
529623,556111,TAMPINES EAST MRT STATION (DT33),NANYANG JUNIOR COLLEGE,24.72,14.87
485990,556111,UPPER CHANGI MRT STATION (DT34),NANYANG JUNIOR COLLEGE,25.47,18.42
486800,556111,XILIN MRT STATION (DT36),NANYANG JUNIOR COLLEGE,25.33,17.74
469731,556111,SUNGEI BEDOK MRT STATION (TE31 / DT37),NANYANG JUNIOR COLLEGE,27.63,17.84
519634,556111,PASIR RIS MRT STATION (EW1),NANYANG JUNIOR COLLEGE,26.02,13.97
529888,556111,SIMEI MRT STATION (EW3),NANYANG JUNIOR COLLEGE,24.72,16.78
467347,556111,BEDOK MRT STATION (EW5),NANYANG JUNIOR COLLEGE,20.55,13.77
416551,556111,KEMBANGAN MRT STATION (EW6),NANYANG JUNIOR COLLEGE,19.3,9.63
409423,556111,EUNOS MRT STATION (EW7),NANYANG JUNIOR COLLEGE,16.92,8.32
388310,556111,ALJUNIED MRT STATION (EW9),NANYANG JUNIOR COLLEGE,15.18,6.2
387405,556111,KALLANG MRT STATION (EW10),NANYANG JUNIOR COLLEGE,13.38,8
208699,556111,LAVENDER MRT STATION (EW11),NANYANG JUNIOR COLLEGE,14.5,8.69
179100,556111,CITY HALL MRT STATION (NS25 / EW13),NANYANG JUNIOR COLLEGE,16,10.67
048618,556111,RAFFLES PLACE MRT STATION (NS26 / EW14),NANYANG JUNIOR COLLEGE,18.13,12.34
069119,556111,TANJONG PAGAR MRT STATION (EW15),NANYANG JUNIOR COLLEGE,18.62,12.69
169037,556111,OUTRAM PARK MRT STATION (EW16 / NE3 / TE17),NANYANG JUNIOR COLLEGE,16.43,11.89
168731,556111,TIONG BAHRU MRT STATION (EW17),NANYANG JUNIOR COLLEGE,18.15,12.72
158792,556111,REDHILL MRT STATION (EW18),NANYANG JUNIOR COLLEGE,20.4,12.69
149729,556111,QUEENSTOWN MRT STATION (EW19),NANYANG JUNIOR COLLEGE,22.2,11.94
149735,556111,COMMONWEALTH MRT STATION (EW20),NANYANG JUNIOR COLLEGE,21.02,11.37
138677,556111,DOVER MRT STATION (EW22),NANYANG JUNIOR COLLEGE,24.77,13.33
129580,556111,CLEMENTI MRT STATION (EW23),NANYANG JUNIOR COLLEGE,26.15,16.29
609690,556111,JURONG EAST MRT STATION (NS1 / EW24),NANYANG JUNIOR COLLEGE,27,17.64
609959,556111,CHINESE GARDEN MRT STATION (EW25),NANYANG JUNIOR COLLEGE,29.4,19.3
649845,556111,LAKESIDE MRT STATION (EW26),NANYANG JUNIOR COLLEGE,29.5,19.74
649846,556111,BOON LAY MRT STATION (EW27),NANYANG JUNIOR COLLEGE,32.67,21.43
648310,556111,PIONEER MRT STATION (EW28),NANYANG JUNIOR COLLEGE,34.5,25.38
629116,556111,JOO KOON MRT STATION (EW29),NANYANG JUNIOR COLLEGE,36.78,27.55
637288,556111,GUL CIRCLE MRT STATION (EW30),NANYANG JUNIOR COLLEGE,39.48,30.05
639608,556111,TUAS CRESCENT MRT STATION (EW31),NANYANG JUNIOR COLLEGE,44.3,32.22
639609,556111,TUAS WEST ROAD MRT STATION (EW32),NANYANG JUNIOR COLLEGE,43.77,32.42
638418,556111,TUAS LINK MRT STATION (EW33),NANYANG JUNIOR COLLEGE,43.37,33.2
059815,556111,CLARKE QUAY MRT STATION (NE5),NANYANG JUNIOR COLLEGE,17.22,12.05
218703,556111,FARRER PARK MRT STATION (NE8),NANYANG JUNIOR COLLEGE,13.53,7.96
328260,556111,BOON KENG MRT STATION (NE9),NANYANG JUNIOR COLLEGE,11.48,4.48
347694,556111,POTONG PASIR MRT STATION (NE10),NANYANG JUNIOR COLLEGE,8.62,2.96
347695,556111,WOODLEIGH MRT STATION (NE11),NANYANG JUNIOR COLLEGE,6.83,2
534799,556111,KOVAN MRT STATION (NE13),NANYANG JUNIOR COLLEGE,8.02,3.64
538758,556111,HOUGANG MRT STATION (NE14),NANYANG JUNIOR COLLEGE,12.82,5.54
545061,556111,BUANGKOK MRT STATION (NE15),NANYANG JUNIOR COLLEGE,14.15,6.56
545062,556111,SENGKANG LRT STATION (STC),NANYANG JUNIOR COLLEGE,15.48,7.66
828868,556111,PUNGGOL MRT STATION (NE17 / PTC),NANYANG JUNIOR COLLEGE,18.95,9.49
828604,556111,PUNGGOL COAST MRT STATION (NE18),NANYANG JUNIOR COLLEGE,21.87,11.11
659958,556111,BUKIT BATOK MRT STATION (NS2),NANYANG JUNIOR COLLEGE,28.53,16.49
659083,556111,BUKIT GOMBAK MRT STATION (NS3),NANYANG JUNIOR COLLEGE,28.52,16.5
689810,556111,CHOA CHU KANG MRT STATION (NS4 / BP1 / JS1),NANYANG JUNIOR COLLEGE,30.35,20.09
689715,556111,YEW TEE MRT STATION (NS5),NANYANG JUNIOR COLLEGE,30.15,20.16
738702,556111,KRANJI MRT STATION (NS7),NANYANG JUNIOR COLLEGE,26.38,19.83
739044,556111,MARSILING MRT STATION (NS8),NANYANG JUNIOR COLLEGE,25.35,19.26
738343,556111,WOODLANDS MRT STATION (NS9 / TE2),NANYANG JUNIOR COLLEGE,27.27,18.38
738344,556111,ADMIRALTY MRT STATION (NS10),NANYANG JUNIOR COLLEGE,25.38,17.69
759775,556111,SEMBAWANG MRT STATION (NS11),NANYANG JUNIOR COLLEGE,28,16.5
756972,556111,CANBERRA MRT STATION (NS12),NANYANG JUNIOR COLLEGE,24.58,15.06
769093,556111,YISHUN MRT STATION (NS13),NANYANG JUNIOR COLLEGE,21.45,13.38
769092,556111,KHATIB MRT STATION (NS14),NANYANG JUNIOR COLLEGE,18.85,12
569813,556111,YIO CHU KANG MRT STATION (NS15),NANYANG JUNIOR COLLEGE,11.3,5.31
569812,556111,ANG MO KIO MRT STATION (NS16),NANYANG JUNIOR COLLEGE,7.95,3.63
319756,556111,BRADDELL MRT STATION (NS18),NANYANG JUNIOR COLLEGE,8.65,3.8
319398,556111,TOA PAYOH MRT STATION (NS19),NANYANG JUNIOR COLLEGE,11.52,4.81
307642,556111,NOVENA MRT STATION (NS20),NANYANG JUNIOR COLLEGE,12.78,7.54
238878,556111,ORCHARD MRT STATION (TE14 / NS22),NANYANG JUNIOR COLLEGE,14.83,9.65
238162,556111,SOMERSET MRT STATION (NE23),NANYANG JUNIOR COLLEGE,15.08,9.91
018948,556111,MARINA SOUTH PIER MRT STATION (NS28),NANYANG JUNIOR COLLEGE,21.88,14.22
737668,556111,WOODLANDS NORTH MRT STATION (TE1),NANYANG JUNIOR COLLEGE,31.72,22.64
737741,556111,WOODLANDS SOUTH MRT STATION (TE3),NANYANG JUNIOR COLLEGE,23.73,16.5
787140,556111,SPRINGLEAF MRT STATION (TE4),NANYANG JUNIOR COLLEGE,16.1,11.21
789361,556111,LENTOR MRT STATION (TE5),NANYANG JUNIOR COLLEGE,13.15,6.28
569900,556111,MAYFLOWER MRT STATION (TE6),NANYANG JUNIOR COLLEGE,11.02,5.28
575737,556111,BRIGHT HILL MRT STATION (TE7),NANYANG JUNIOR COLLEGE,10.43,4.97
577937,556111,UPPER THOMSON MRT STATION (TE8),NANYANG JUNIOR COLLEGE,12.38,5.98
299781,556111,MOUNT PLEASANT MRT STATION (TE10),NANYANG JUNIOR COLLEGE,13.2,6.12
258511,556111,NAPIER MRT STATION (TE12),NANYANG JUNIOR COLLEGE,17.8,11.27
248654,556111,ORCHARD BOULEVARD MRT STATION (TE13),NANYANG JUNIOR COLLEGE,17.08,11.02
238384,556111,GREAT WORLD MRT STATION (TE15),NANYANG JUNIOR COLLEGE,17.32,10.58
168604,556111,HAVELOCK MRT STATION (TE16),NANYANG JUNIOR COLLEGE,17.73,11.37
058841,556111,MAXWELL MRT STATION (TE18),NANYANG JUNIOR COLLEGE,17.63,12.14
018928,556111,SHENTON WAY MRT STATION (TE19),NANYANG JUNIOR COLLEGE,18.83,12.68
019397,556111,MARINA SOUTH MRT STATION (TE21),NANYANG JUNIOR COLLEGE,19.73,13.13
019396,556111,GARDENS BY THE BAY MRT STATION (TE22),NANYANG JUNIOR COLLEGE,22.22,14.25
436488,556111,TANJONG RHU MRT STATION (TE23),NANYANG JUNIOR COLLEGE,20.88,10.87
437870,556111,KATONG PARK MRT STATION (TE24),NANYANG JUNIOR COLLEGE,17.38,10.08
439846,556111,TANJONG KATONG MRT STATION (TE25),NANYANG JUNIOR COLLEGE,19.42,9.39
449971,556111,MARINE PARADE MRT STATION (TE26),NANYANG JUNIOR COLLEGE,20.03,9.94
449970,556111,MARINE TERRACE MRT STATION (TE27),NANYANG JUNIOR COLLEGE,21.22,10.66
449969,556111,SIGLAP MRT STATION (TE28),NANYANG JUNIOR COLLEGE,23.53,11.88
469958,556111,BAYSHORE MRT STATION (TE29),NANYANG JUNIOR COLLEGE,25.18,16.01
468324,556111,BEDOK SOUTH MRT STATION (TE30),NANYANG JUNIOR COLLEGE,27.43,16.91
688265,556111,SOUTH VIEW LRT STATION (BP2),NANYANG JUNIOR COLLEGE,29.43,17.73
688266,556111,KEAT HONG LRT STATION (BP3),NANYANG JUNIOR COLLEGE,29.42,17.46
688267,556111,TECK WHYE LRT STATION (BP4),NANYANG JUNIOR COLLEGE,27.43,16.69
689483,556111,PHOENIX LRT STATION (BP5),NANYANG JUNIOR COLLEGE,26.38,16.16
678269,556111,PETIR LRT STATION (BP7),NANYANG JUNIOR COLLEGE,24.83,15.26
678296,556111,PENDING LRT STATION (BP8),NANYANG JUNIOR COLLEGE,23.52,14.61
679939,556111,BANGKIT LRT STATION (BP9),NANYANG JUNIOR COLLEGE,23.8,14.74
679004,556111,FAJAR LRT STATION (BP10),NANYANG JUNIOR COLLEGE,25.77,15.69
679940,556111,SEGAR LRT STATION (BP11),NANYANG JUNIOR COLLEGE,25.77,15.78
679941,556111,JELAPANG LRT STATION (BP12),NANYANG JUNIOR COLLEGE,26.67,16.27
679942,556111,SENJA LRT STATION (BP13),NANYANG JUNIOR COLLEGE,25.65,15.73
545055,556111,COMPASSVALE LRT STATION (SE1),NANYANG JUNIOR COLLEGE,16.9,8.4
545054,556111,RUMBIA LRT STATION (SE2),NANYANG JUNIOR COLLEGE,16.95,8.34
545053,556111,BAKAU LRT STATION (SE3),NANYANG JUNIOR COLLEGE,16.27,7.98
545052,556111,KANGKAR LRT STATION (SE4),NANYANG JUNIOR COLLEGE,15.18,7.4
545046,556111,RANGGUNG LRT STATION (SE5),NANYANG JUNIOR COLLEGE,14.92,7.19
545047,556111,CHENG LIM LRT STATION (SW1),NANYANG JUNIOR COLLEGE,15.83,7.84
545048,556111,FARMWAY LRT STATION (SW2),NANYANG JUNIOR COLLEGE,16.93,8.25
797697,556111,KUPANG LRT STATION (SW3),NANYANG JUNIOR COLLEGE,16.4,9.07
797699,556111,THANGGAM LRT STATION (SW4),NANYANG JUNIOR COLLEGE,14.75,8.41
797698,556111,FERNVALE LRT STATION (SW5),NANYANG JUNIOR COLLEGE,15.5,8.4
797700,556111,LAYAR LRT STATION (SW6),NANYANG JUNIOR COLLEGE,14.52,8.37
545050,556111,TONGKANG LRT STATION (SW7),NANYANG JUNIOR COLLEGE,14.83,7.33
545049,556111,RENJONG LRT STATION (SW8),NANYANG JUNIOR COLLEGE,13.68,6.72
828858,556111,COVE LRT STATION (PE1),NANYANG JUNIOR COLLEGE,18.8,9.36
828857,556111,MERIDIAN LRT STATION (PE2),NANYANG JUNIOR COLLEGE,19.12,9.54
828856,556111,CORAL EDGE LRT STATION (PE3),NANYANG JUNIOR COLLEGE,18.13,9.02
828852,556111,RIVIERA LRT STATION (PE4),NANYANG JUNIOR COLLEGE,18.15,9.04
828853,556111,KADALOOR LRT STATION (PE5),NANYANG JUNIOR COLLEGE,20.03,9.81
828854,556111,OASIS LRT STATION (PE6),NANYANG JUNIOR COLLEGE,21.03,10.3
828855,556111,DAMAI LRT STATION (PE7),NANYANG JUNIOR COLLEGE,20.18,10.09
828851,556111,SAM KEE LRT STATION (PW1),NANYANG JUNIOR COLLEGE,21.03,10.1
828861,556111,TECK LEE LRT STATION (PW2),NANYANG JUNIOR COLLEGE,21.23,10.38
828644,556111,PUNGGOL POINT LRT STATION (PW3),NANYANG JUNIOR COLLEGE,21.08,10.7
828645,556111,SAMUDERA LRT STATION (PW4),NANYANG JUNIOR COLLEGE,20,10.12
828862,556111,NIBONG LRT STATION (PW5),NANYANG JUNIOR COLLEGE,19.07,9.62
828863,556111,SUMANG LRT STATION (PW6),NANYANG JUNIOR COLLEGE,18.28,9.2
828864,556111,SOO TECK LRT STATION (PW7),NANYANG JUNIOR COLLEGE,17.57,8.82
238826,288913,DHOBY GHAUT MRT STATION (NS24 / NE6 / CC1),NATIONAL JUNIOR COLLEGE,14.28,7.53
189561,288913,BRAS BASAH MRT STATION (CC2),NATIONAL JUNIOR COLLEGE,14.85,7.73
189562,288913,ESPLANADE MRT STATION (CC3),NATIONAL JUNIOR COLLEGE,16.05,8.32
039193,288913,PROMENADE MRT STATION (DT15 / CC4),NATIONAL JUNIOR COLLEGE,16.28,8.4
038970,288913,NICOLL HIGHWAY MRT STATION (CC5),NATIONAL JUNIOR COLLEGE,19.88,10.31
397692,288913,STADIUM MRT STATION (CC6),NATIONAL JUNIOR COLLEGE,20.45,13.23
398006,288913,MOUNTBATTEN MRT STATION (CC7),NATIONAL JUNIOR COLLEGE,20.22,13.52
397973,288913,DAKOTA MRT STATION (CC8),NATIONAL JUNIOR COLLEGE,19.05,12.96
409006,288913,PAYA LEBAR MRT STATION (EW8 / CC9),NATIONAL JUNIOR COLLEGE,17.62,12.51
409048,288913,MACPHERSON MRT STATION (DT26 / CC10),NATIONAL JUNIOR COLLEGE,19.25,12.06
534803,288913,TAI SENG MRT STATION (CC11),NATIONAL JUNIOR COLLEGE,18.12,11.53
539788,288913,BARTLEY MRT STATION (CC12),NATIONAL JUNIOR COLLEGE,18.45,10.54
534801,288913,SERANGOON MRT STATION (NE12 / CC13),NATIONAL JUNIOR COLLEGE,17.93,11.42
554533,288913,LORONG CHUAN MRT STATION (CC14),NATIONAL JUNIOR COLLEGE,16.73,9.47
579827,288913,BISHAN MRT STATION (NS17 / CC15),NATIONAL JUNIOR COLLEGE,12.72,7.46
573993,288913,MARYMOUNT MRT STATION (CC16),NATIONAL JUNIOR COLLEGE,10.87,6.46
298113,288913,CALDECOTT MRT STATION (CC17 / TE9),NATIONAL JUNIOR COLLEGE,10.68,6.07
257494,288913,BOTANIC GARDENS MRT STATION (CC19 / DT9),NATIONAL JUNIOR COLLEGE,3.77,1.96
268857,288913,FARRER ROAD MRT STATION (CC20),NATIONAL JUNIOR COLLEGE,5.07,2.6
278995,288913,HOLLAND VILLAGE MRT STATION (CC21),NATIONAL JUNIOR COLLEGE,8.53,4.18
139345,288913,BUONA VISTA MRT STATION (CC22 / EW21),NATIONAL JUNIOR COLLEGE,8.77,4.54
138647,288913,ONE-NORTH MRT STATION (CC23),NATIONAL JUNIOR COLLEGE,10.67,5.39
118177,288913,KENT RIDGE MRT STATION (CC24),NATIONAL JUNIOR COLLEGE,11.88,6.16
117396,288913,HAW PAR VILLA MRT STATION (CC25),NATIONAL JUNIOR COLLEGE,17.18,9.02
117424,288913,PASIR PANJANG MRT STATION (CC26),NATIONAL JUNIOR COLLEGE,17.32,9.11
109029,288913,LABRADOR PARK MRT STATION (CC27),NATIONAL JUNIOR COLLEGE,15.98,8.33
109028,288913,TELOK BLANGAH MRT STATION (CC28),NATIONAL JUNIOR COLLEGE,17.35,9.06
098867,288913,HARBOURFRONT MRT STATION (CC29 / NE1),NATIONAL JUNIOR COLLEGE,19.97,10.44
099423,288913,KEPPEL MRT STATION (CC30),NATIONAL JUNIOR COLLEGE,20.25,10.62
089395,288913,CANTONMENT MRT STATION (CC31),NATIONAL JUNIOR COLLEGE,18.97,9.8
079122,288913,PRINCE EDWARD ROAD MRT STATION (CC32),NATIONAL JUNIOR COLLEGE,19.02,9.99
018957,288913,BAYFRONT MRT STATION (DT16 / CE1),NATIONAL JUNIOR COLLEGE,18.73,9.81
018925,288913,MARINA BAY MRT STATION (NS27 / TE20 / CE2),NATIONAL JUNIOR COLLEGE,20.23,10.6
467356,288913,TANAH MERAH MRT STATION (EW4 / CG),NATIONAL JUNIOR COLLEGE,27.43,19.9
486065,288913,EXPO MRT STATION (CG1 / DT35),NATIONAL JUNIOR COLLEGE,29.03,20.9
819661,288913,CHANGI AIRPORT MRT STATION (CG2),NATIONAL JUNIOR COLLEGE,34.1,26.34
678213,288913,BUKIT PANJANG MRT STATION (DT1 / BP6),NATIONAL JUNIOR COLLEGE,15.15,8.02
679696,288913,CASHEW MRT STATION (DT2),NATIONAL JUNIOR COLLEGE,13.35,7.06
678211,288913,HILLVIEW MRT STATION (DT3),NATIONAL JUNIOR COLLEGE,12.18,6.39
589681,288913,HUME MRT STATION (DT4),NATIONAL JUNIOR COLLEGE,10.23,5.32
588216,288913,BEAUTY WORLD MRT STATION (DT5),NATIONAL JUNIOR COLLEGE,6.6,3.52
599987,288913,KING ALBERT PARK MRT STATION (DT6),NATIONAL JUNIOR COLLEGE,6.57,3.4
269784,288913,SIXTH AVENUE MRT STATION (DT7),NATIONAL JUNIOR COLLEGE,2.72,1.41
266268,288913,TAN KAH KEE MRT STATION (DT8),NATIONAL JUNIOR COLLEGE,1.7,0.87
257877,288913,STEVENS MRT STATION (DT10 / TE11),NATIONAL JUNIOR COLLEGE,6.03,3.18
228234,288913,NEWTON MRT STATION (NS21 / DT11),NATIONAL JUNIOR COLLEGE,9.48,4.97
229900,288913,LITTLE INDIA MRT STATION (NE7 / DT12),NATIONAL JUNIOR COLLEGE,13.1,6.6
188505,288913,ROCHOR MRT STATION (DT13),NATIONAL JUNIOR COLLEGE,12.95,6.82
188022,288913,BUGIS MRT STATION (EW12 / DT14),NATIONAL JUNIOR COLLEGE,13.78,7.29
018969,288913,DOWNTOWN MRT STATION (DT17),NATIONAL JUNIOR COLLEGE,18.87,9.86
048416,288913,TELOK AYER MRT STATION (DT18),NATIONAL JUNIOR COLLEGE,17.68,9.31
059443,288913,CHINATOWN MRT STATION (NE4 / DT19),NATIONAL JUNIOR COLLEGE,16.87,8.82
179038,288913,FORT CANNING MRT STATION (DT20),NATIONAL JUNIOR COLLEGE,17.25,9.45
189658,288913,BENCOOLEN MRT STATION (DT21),NATIONAL JUNIOR COLLEGE,14.58,7.69
208826,288913,JALAN BESAR MRT STATION (DT22),NATIONAL JUNIOR COLLEGE,13.85,7.24
339356,288913,BENDEMEER MRT STATION (DT23),NATIONAL JUNIOR COLLEGE,16.13,9.11
339355,288913,GEYLANG BAHRU MRT STATION (DT24),NATIONAL JUNIOR COLLEGE,17.45,11.07
379314,288913,MATTAR MRT STATION (DT25),NATIONAL JUNIOR COLLEGE,19.15,11.59
408899,288913,UBI MRT STATION (DT27),NATIONAL JUNIOR COLLEGE,19.1,13.39
415804,288913,KAKI BUKIT MRT STATION (DT28),NATIONAL JUNIOR COLLEGE,20.53,15
479481,288913,BEDOK NORTH MRT STATION (DT29),NATIONAL JUNIOR COLLEGE,23.63,15.7
469724,288913,BEDOK RESERVOIR MRT STATION (DT30),NATIONAL JUNIOR COLLEGE,22.02,17.04
529683,288913,TAMPINES WEST MRT STATION (DT31),NATIONAL JUNIOR COLLEGE,24.33,18.27
529538,288913,TAMPINES MRT STATION (EW2 / DT32),NATIONAL JUNIOR COLLEGE,28.05,20.15
529623,288913,TAMPINES EAST MRT STATION (DT33),NATIONAL JUNIOR COLLEGE,27.93,21.64
485990,288913,UPPER CHANGI MRT STATION (DT34),NATIONAL JUNIOR COLLEGE,27.98,21.67
486800,288913,XILIN MRT STATION (DT36),NATIONAL JUNIOR COLLEGE,27.83,20.99
469731,288913,SUNGEI BEDOK MRT STATION (TE31 / DT37),NATIONAL JUNIOR COLLEGE,30.15,21.09
519634,288913,PASIR RIS MRT STATION (EW1),NATIONAL JUNIOR COLLEGE,33.2,25.28
529888,288913,SIMEI MRT STATION (EW3),NATIONAL JUNIOR COLLEGE,27.23,20.03
467347,288913,BEDOK MRT STATION (EW5),NATIONAL JUNIOR COLLEGE,23.07,17.02
416551,288913,KEMBANGAN MRT STATION (EW6),NATIONAL JUNIOR COLLEGE,21.85,15.63
409423,288913,EUNOS MRT STATION (EW7),NATIONAL JUNIOR COLLEGE,19.47,14.32
388310,288913,ALJUNIED MRT STATION (EW9),NATIONAL JUNIOR COLLEGE,18.13,12.24
387405,288913,KALLANG MRT STATION (EW10),NATIONAL JUNIOR COLLEGE,15.9,11.24
208699,288913,LAVENDER MRT STATION (EW11),NATIONAL JUNIOR COLLEGE,15.73,8.33
179100,288913,CITY HALL MRT STATION (NS25 / EW13),NATIONAL JUNIOR COLLEGE,15.43,8.14
048618,288913,RAFFLES PLACE MRT STATION (NS26 / EW14),NATIONAL JUNIOR COLLEGE,18.47,9.39
069119,288913,TANJONG PAGAR MRT STATION (EW15),NATIONAL JUNIOR COLLEGE,19.67,10.21
169037,288913,OUTRAM PARK MRT STATION (EW16 / NE3 / TE17),NATIONAL JUNIOR COLLEGE,16.12,8.48
168731,288913,TIONG BAHRU MRT STATION (EW17),NATIONAL JUNIOR COLLEGE,15.33,8.02
158792,288913,REDHILL MRT STATION (EW18),NATIONAL JUNIOR COLLEGE,13.8,7.05
149729,288913,QUEENSTOWN MRT STATION (EW19),NATIONAL JUNIOR COLLEGE,10.83,5.56
149735,288913,COMMONWEALTH MRT STATION (EW20),NATIONAL JUNIOR COLLEGE,9.65,4.98
138677,288913,DOVER MRT STATION (EW22),NATIONAL JUNIOR COLLEGE,11.07,5.76
129580,288913,CLEMENTI MRT STATION (EW23),NATIONAL JUNIOR COLLEGE,11.87,6.13
609690,288913,JURONG EAST MRT STATION (NS1 / EW24),NATIONAL JUNIOR COLLEGE,15.53,8.92
609959,288913,CHINESE GARDEN MRT STATION (EW25),NATIONAL JUNIOR COLLEGE,17.95,10.58
649845,288913,LAKESIDE MRT STATION (EW26),NATIONAL JUNIOR COLLEGE,18.05,11.02
649846,288913,BOON LAY MRT STATION (EW27),NATIONAL JUNIOR COLLEGE,21.2,12.71
648310,288913,PIONEER MRT STATION (EW28),NATIONAL JUNIOR COLLEGE,23.05,16.66
629116,288913,JOO KOON MRT STATION (EW29),NATIONAL JUNIOR COLLEGE,24.93,17.13
637288,288913,GUL CIRCLE MRT STATION (EW30),NATIONAL JUNIOR COLLEGE,28.03,21.33
639608,288913,TUAS CRESCENT MRT STATION (EW31),NATIONAL JUNIOR COLLEGE,32.85,23.5
639609,288913,TUAS WEST ROAD MRT STATION (EW32),NATIONAL JUNIOR COLLEGE,32.32,23.7
638418,288913,TUAS LINK MRT STATION (EW33),NATIONAL JUNIOR COLLEGE,31.92,24.48
059815,288913,CLARKE QUAY MRT STATION (NE5),NATIONAL JUNIOR COLLEGE,18.25,9.56
218703,288913,FARRER PARK MRT STATION (NE8),NATIONAL JUNIOR COLLEGE,14.55,7.13
328260,288913,BOON KENG MRT STATION (NE9),NATIONAL JUNIOR COLLEGE,15.05,9.96
347694,288913,POTONG PASIR MRT STATION (NE10),NATIONAL JUNIOR COLLEGE,13.93,9.3
347695,288913,WOODLEIGH MRT STATION (NE11),NATIONAL JUNIOR COLLEGE,15.73,10.25
534799,288913,KOVAN MRT STATION (NE13),NATIONAL JUNIOR COLLEGE,21.05,13.08
538758,288913,HOUGANG MRT STATION (NE14),NATIONAL JUNIOR COLLEGE,25.85,14.98
545061,288913,BUANGKOK MRT STATION (NE15),NATIONAL JUNIOR COLLEGE,27.82,16.03
545062,288913,SENGKANG LRT STATION (STC),NATIONAL JUNIOR COLLEGE,28.92,17.11
828868,288913,PUNGGOL MRT STATION (NE17 / PTC),NATIONAL JUNIOR COLLEGE,29.58,22.76
828604,288913,PUNGGOL COAST MRT STATION (NE18),NATIONAL JUNIOR COLLEGE,31.92,24
659958,288913,BUKIT BATOK MRT STATION (NS2),NATIONAL JUNIOR COLLEGE,15.1,7.53
659083,288913,BUKIT GOMBAK MRT STATION (NS3),NATIONAL JUNIOR COLLEGE,15.08,7.54
689810,288913,CHOA CHU KANG MRT STATION (NS4 / BP1 / JS1),NATIONAL JUNIOR COLLEGE,20.93,10.46
689715,288913,YEW TEE MRT STATION (NS5),NATIONAL JUNIOR COLLEGE,20.75,14.38
738702,288913,KRANJI MRT STATION (NS7),NATIONAL JUNIOR COLLEGE,20.95,15.25
739044,288913,MARSILING MRT STATION (NS8),NATIONAL JUNIOR COLLEGE,19.92,14.68
738343,288913,WOODLANDS MRT STATION (NS9 / TE2),NATIONAL JUNIOR COLLEGE,22.68,16.11
738344,288913,ADMIRALTY MRT STATION (NS10),NATIONAL JUNIOR COLLEGE,26.03,17.66
759775,288913,SEMBAWANG MRT STATION (NS11),NATIONAL JUNIOR COLLEGE,31.98,20.88
756972,288913,CANBERRA MRT STATION (NS12),NATIONAL JUNIOR COLLEGE,32.53,21.51
769093,288913,YISHUN MRT STATION (NS13),NATIONAL JUNIOR COLLEGE,29.83,16.58
769092,288913,KHATIB MRT STATION (NS14),NATIONAL JUNIOR COLLEGE,27.23,15.2
569813,288913,YIO CHU KANG MRT STATION (NS15),NATIONAL JUNIOR COLLEGE,18.43,10.42
569812,288913,ANG MO KIO MRT STATION (NS16),NATIONAL JUNIOR COLLEGE,16.57,9.43
319756,288913,BRADDELL MRT STATION (NS18),NATIONAL JUNIOR COLLEGE,13.38,7.13
319398,288913,TOA PAYOH MRT STATION (NS19),NATIONAL JUNIOR COLLEGE,13.48,7.59
307642,288913,NOVENA MRT STATION (NS20),NATIONAL JUNIOR COLLEGE,13.17,6.48
238878,288913,ORCHARD MRT STATION (TE14 / NS22),NATIONAL JUNIOR COLLEGE,11.22,5.81
238162,288913,SOMERSET MRT STATION (NE23),NATIONAL JUNIOR COLLEGE,12.73,6.65
018948,288913,MARINA SOUTH PIER MRT STATION (NS28),NATIONAL JUNIOR COLLEGE,23.42,12.16
737668,288913,WOODLANDS NORTH MRT STATION (TE1),NATIONAL JUNIOR COLLEGE,26.28,18.06
737741,288913,WOODLANDS SOUTH MRT STATION (TE3),NATIONAL JUNIOR COLLEGE,26.22,17.48
787140,288913,SPRINGLEAF MRT STATION (TE4),NATIONAL JUNIOR COLLEGE,22.8,12.8
789361,288913,LENTOR MRT STATION (TE5),NATIONAL JUNIOR COLLEGE,19.98,11.26
569900,288913,MAYFLOWER MRT STATION (TE6),NATIONAL JUNIOR COLLEGE,17.48,9.9
575737,288913,BRIGHT HILL MRT STATION (TE7),NATIONAL JUNIOR COLLEGE,14.97,8.42
577937,288913,UPPER THOMSON MRT STATION (TE8),NATIONAL JUNIOR COLLEGE,13.05,7.61
299781,288913,MOUNT PLEASANT MRT STATION (TE10),NATIONAL JUNIOR COLLEGE,12.25,6.75
258511,288913,NAPIER MRT STATION (TE12),NATIONAL JUNIOR COLLEGE,9.77,4.47
248654,288913,ORCHARD BOULEVARD MRT STATION (TE13),NATIONAL JUNIOR COLLEGE,13.65,7.11
238384,288913,GREAT WORLD MRT STATION (TE15),NATIONAL JUNIOR COLLEGE,14.12,7.17
168604,288913,HAVELOCK MRT STATION (TE16),NATIONAL JUNIOR COLLEGE,14.25,7.49
058841,288913,MAXWELL MRT STATION (TE18),NATIONAL JUNIOR COLLEGE,18.18,9.48
018928,288913,SHENTON WAY MRT STATION (TE19),NATIONAL JUNIOR COLLEGE,19.88,10.19
019397,288913,MARINA SOUTH MRT STATION (TE21),NATIONAL JUNIOR COLLEGE,22.23,16.38
019396,288913,GARDENS BY THE BAY MRT STATION (TE22),NATIONAL JUNIOR COLLEGE,23.12,11.98
436488,288913,TANJONG RHU MRT STATION (TE23),NATIONAL JUNIOR COLLEGE,23.38,14.12
437870,288913,KATONG PARK MRT STATION (TE24),NATIONAL JUNIOR COLLEGE,19.88,13.33
439846,288913,TANJONG KATONG MRT STATION (TE25),NATIONAL JUNIOR COLLEGE,22,14.48
449971,288913,MARINE PARADE MRT STATION (TE26),NATIONAL JUNIOR COLLEGE,23.37,15.51
449970,288913,MARINE TERRACE MRT STATION (TE27),NATIONAL JUNIOR COLLEGE,23.92,16.31
449969,288913,SIGLAP MRT STATION (TE28),NATIONAL JUNIOR COLLEGE,26.08,17.88
469958,288913,BAYSHORE MRT STATION (TE29),NATIONAL JUNIOR COLLEGE,27.68,19.26
468324,288913,BEDOK SOUTH MRT STATION (TE30),NATIONAL JUNIOR COLLEGE,29.93,20.16
688265,288913,SOUTH VIEW LRT STATION (BP2),NATIONAL JUNIOR COLLEGE,19.33,10.18
688266,288913,KEAT HONG LRT STATION (BP3),NATIONAL JUNIOR COLLEGE,19.32,9.9
688267,288913,TECK WHYE LRT STATION (BP4),NATIONAL JUNIOR COLLEGE,17.33,9.14
689483,288913,PHOENIX LRT STATION (BP5),NATIONAL JUNIOR COLLEGE,16.28,8.61
678269,288913,PETIR LRT STATION (BP7),NATIONAL JUNIOR COLLEGE,15.43,9.49
678296,288913,PENDING LRT STATION (BP8),NATIONAL JUNIOR COLLEGE,14.12,8.84
679939,288913,BANGKIT LRT STATION (BP9),NATIONAL JUNIOR COLLEGE,14.4,8.96
679004,288913,FAJAR LRT STATION (BP10),NATIONAL JUNIOR COLLEGE,16.37,9.92
679940,288913,SEGAR LRT STATION (BP11),NATIONAL JUNIOR COLLEGE,16.38,10.01
679941,288913,JELAPANG LRT STATION (BP12),NATIONAL JUNIOR COLLEGE,17.27,10.49
679942,288913,SENJA LRT STATION (BP13),NATIONAL JUNIOR COLLEGE,16.27,9.95
545055,288913,COMPASSVALE LRT STATION (SE1),NATIONAL JUNIOR COLLEGE,28.52,22.14
545054,288913,RUMBIA LRT STATION (SE2),NATIONAL JUNIOR COLLEGE,27.85,20.5
545053,288913,BAKAU LRT STATION (SE3),NATIONAL JUNIOR COLLEGE,27.17,20.13
545052,288913,KANGKAR LRT STATION (SE4),NATIONAL JUNIOR COLLEGE,26.08,19.55
545046,288913,RANGGUNG LRT STATION (SE5),NATIONAL JUNIOR COLLEGE,26.68,19.91
545047,288913,CHENG LIM LRT STATION (SW1),NATIONAL JUNIOR COLLEGE,28.95,23.05
545048,288913,FARMWAY LRT STATION (SW2),NATIONAL JUNIOR COLLEGE,29.35,17.92
797697,288913,KUPANG LRT STATION (SW3),NATIONAL JUNIOR COLLEGE,27.83,17.05
797699,288913,THANGGAM LRT STATION (SW4),NATIONAL JUNIOR COLLEGE,26.18,16.39
797698,288913,FERNVALE LRT STATION (SW5),NATIONAL JUNIOR COLLEGE,26.93,16.38
797700,288913,LAYAR LRT STATION (SW6),NATIONAL JUNIOR COLLEGE,25.97,16.35
545050,288913,TONGKANG LRT STATION (SW7),NATIONAL JUNIOR COLLEGE,27.33,17.08
545049,288913,RENJONG LRT STATION (SW8),NATIONAL JUNIOR COLLEGE,27.12,16.18
828858,288913,COVE LRT STATION (PE1),NATIONAL JUNIOR COLLEGE,28.22,22
828857,288913,MERIDIAN LRT STATION (PE2),NATIONAL JUNIOR COLLEGE,29.02,22.42
828856,288913,CORAL EDGE LRT STATION (PE3),NATIONAL JUNIOR COLLEGE,29.03,21.17
828852,288913,RIVIERA LRT STATION (PE4),NATIONAL JUNIOR COLLEGE,28.4,21.39
828853,288913,KADALOOR LRT STATION (PE5),NATIONAL JUNIOR COLLEGE,29.82,21.9
828854,288913,OASIS LRT STATION (PE6),NATIONAL JUNIOR COLLEGE,30.78,22.42
828855,288913,DAMAI LRT STATION (PE7),NATIONAL JUNIOR COLLEGE,29.62,22.72
828851,288913,SAM KEE LRT STATION (PW1),NATIONAL JUNIOR COLLEGE,31.13,23.27
828861,288913,TECK LEE LRT STATION (PW2),NATIONAL JUNIOR COLLEGE,31.63,23.57
828644,288913,PUNGGOL POINT LRT STATION (PW3),NATIONAL JUNIOR COLLEGE,32.55,24.99
828645,288913,SAMUDERA LRT STATION (PW4),NATIONAL JUNIOR COLLEGE,31.47,24.42
828862,288913,NIBONG LRT STATION (PW5),NATIONAL JUNIOR COLLEGE,30.53,23.92
828863,288913,SUMANG LRT STATION (PW6),NATIONAL JUNIOR COLLEGE,29.73,23.49
828864,288913,SOO TECK LRT STATION (PW7),NATIONAL JUNIOR COLLEGE,29.03,23.12
238826,129957,DHOBY GHAUT MRT STATION (NS24 / NE6 / CC1),NUS HIGH SCHOOL OF MATHEMATICS AND SCIENCE,17.4,11.88
189561,129957,BRAS BASAH MRT STATION (CC2),NUS HIGH SCHOOL OF MATHEMATICS AND SCIENCE,16.63,11.98
189562,129957,ESPLANADE MRT STATION (CC3),NUS HIGH SCHOOL OF MATHEMATICS AND SCIENCE,17.73,12.49
039193,129957,PROMENADE MRT STATION (DT15 / CC4),NUS HIGH SCHOOL OF MATHEMATICS AND SCIENCE,20.58,13.9
038970,129957,NICOLL HIGHWAY MRT STATION (CC5),NUS HIGH SCHOOL OF MATHEMATICS AND SCIENCE,20.33,13.78
397692,129957,STADIUM MRT STATION (CC6),NUS HIGH SCHOOL OF MATHEMATICS AND SCIENCE,26.03,16.49
398006,129957,MOUNTBATTEN MRT STATION (CC7),NUS HIGH SCHOOL OF MATHEMATICS AND SCIENCE,25.5,18.63
397973,129957,DAKOTA MRT STATION (CC8),NUS HIGH SCHOOL OF MATHEMATICS AND SCIENCE,25.25,18.71
409006,129957,PAYA LEBAR MRT STATION (EW8 / CC9),NUS HIGH SCHOOL OF MATHEMATICS AND SCIENCE,25.22,20.07
409048,129957,MACPHERSON MRT STATION (DT26 / CC10),NUS HIGH SCHOOL OF MATHEMATICS AND SCIENCE,26.05,20.16
534803,129957,TAI SENG MRT STATION (CC11),NUS HIGH SCHOOL OF MATHEMATICS AND SCIENCE,25.68,19.1
539788,129957,BARTLEY MRT STATION (CC12),NUS HIGH SCHOOL OF MATHEMATICS AND SCIENCE,25.28,19.71
534801,129957,SERANGOON MRT STATION (NE12 / CC13),NUS HIGH SCHOOL OF MATHEMATICS AND SCIENCE,25.95,19.59
554533,129957,LORONG CHUAN MRT STATION (CC14),NUS HIGH SCHOOL OF MATHEMATICS AND SCIENCE,25.52,20.09
579827,129957,BISHAN MRT STATION (NS17 / CC15),NUS HIGH SCHOOL OF MATHEMATICS AND SCIENCE,23.72,12.89
573993,129957,MARYMOUNT MRT STATION (CC16),NUS HIGH SCHOOL OF MATHEMATICS AND SCIENCE,21.83,11.88
298113,129957,CALDECOTT MRT STATION (CC17 / TE9),NUS HIGH SCHOOL OF MATHEMATICS AND SCIENCE,21.43,11.46
257494,129957,BOTANIC GARDENS MRT STATION (CC19 / DT9),NUS HIGH SCHOOL OF MATHEMATICS AND SCIENCE,14.95,7.45
268857,129957,FARRER ROAD MRT STATION (CC20),NUS HIGH SCHOOL OF MATHEMATICS AND SCIENCE,17.35,8.36
278995,129957,HOLLAND VILLAGE MRT STATION (CC21),NUS HIGH SCHOOL OF MATHEMATICS AND SCIENCE,12.35,5.33
139345,129957,BUONA VISTA MRT STATION (CC22 / EW21),NUS HIGH SCHOOL OF MATHEMATICS AND SCIENCE,6.45,3.03
138647,129957,ONE-NORTH MRT STATION (CC23),NUS HIGH SCHOOL OF MATHEMATICS AND SCIENCE,8.32,4.28
118177,129957,KENT RIDGE MRT STATION (CC24),NUS HIGH SCHOOL OF MATHEMATICS AND SCIENCE,6.77,3.24
117396,129957,HAW PAR VILLA MRT STATION (CC25),NUS HIGH SCHOOL OF MATHEMATICS AND SCIENCE,8.45,4.22
117424,129957,PASIR PANJANG MRT STATION (CC26),NUS HIGH SCHOOL OF MATHEMATICS AND SCIENCE,10.83,5.48
109029,129957,LABRADOR PARK MRT STATION (CC27),NUS HIGH SCHOOL OF MATHEMATICS AND SCIENCE,10.45,6.31
109028,129957,TELOK BLANGAH MRT STATION (CC28),NUS HIGH SCHOOL OF MATHEMATICS AND SCIENCE,11.83,7.05
098867,129957,HARBOURFRONT MRT STATION (CC29 / NE1),NUS HIGH SCHOOL OF MATHEMATICS AND SCIENCE,14.7,9.64
099423,129957,KEPPEL MRT STATION (CC30),NUS HIGH SCHOOL OF MATHEMATICS AND SCIENCE,14.1,9.43
089395,129957,CANTONMENT MRT STATION (CC31),NUS HIGH SCHOOL OF MATHEMATICS AND SCIENCE,15.62,10.87
079122,129957,PRINCE EDWARD ROAD MRT STATION (CC32),NUS HIGH SCHOOL OF MATHEMATICS AND SCIENCE,15.23,10.4
018957,129957,BAYFRONT MRT STATION (DT16 / CE1),NUS HIGH SCHOOL OF MATHEMATICS AND SCIENCE,19.4,14.01
018925,129957,MARINA BAY MRT STATION (NS27 / TE20 / CE2),NUS HIGH SCHOOL OF MATHEMATICS AND SCIENCE,18.6,12.28
467356,129957,TANAH MERAH MRT STATION (EW4 / CG),NUS HIGH SCHOOL OF MATHEMATICS AND SCIENCE,34.97,27.42
486065,129957,EXPO MRT STATION (CG1 / DT35),NUS HIGH SCHOOL OF MATHEMATICS AND SCIENCE,36.75,28.5
819661,129957,CHANGI AIRPORT MRT STATION (CG2),NUS HIGH SCHOOL OF MATHEMATICS AND SCIENCE,37.58,31.25
678213,129957,BUKIT PANJANG MRT STATION (DT1 / BP6),NUS HIGH SCHOOL OF MATHEMATICS AND SCIENCE,18.4,9.4
679696,129957,CASHEW MRT STATION (DT2),NUS HIGH SCHOOL OF MATHEMATICS AND SCIENCE,16.68,8.42
678211,129957,HILLVIEW MRT STATION (DT3),NUS HIGH SCHOOL OF MATHEMATICS AND SCIENCE,15.53,7.8
589681,129957,HUME MRT STATION (DT4),NUS HIGH SCHOOL OF MATHEMATICS AND SCIENCE,17.1,8.63
588216,129957,BEAUTY WORLD MRT STATION (DT5),NUS HIGH SCHOOL OF MATHEMATICS AND SCIENCE,9.98,4.88
599987,129957,KING ALBERT PARK MRT STATION (DT6),NUS HIGH SCHOOL OF MATHEMATICS AND SCIENCE,10.1,4.75
269784,129957,SIXTH AVENUE MRT STATION (DT7),NUS HIGH SCHOOL OF MATHEMATICS AND SCIENCE,11.67,5.69
266268,129957,TAN KAH KEE MRT STATION (DT8),NUS HIGH SCHOOL OF MATHEMATICS AND SCIENCE,14.03,6.95
257877,129957,STEVENS MRT STATION (DT10 / TE11),NUS HIGH SCHOOL OF MATHEMATICS AND SCIENCE,18.52,9.17
228234,129957,NEWTON MRT STATION (NS21 / DT11),NUS HIGH SCHOOL OF MATHEMATICS AND SCIENCE,19.2,12.98
229900,129957,LITTLE INDIA MRT STATION (NE7 / DT12),NUS HIGH SCHOOL OF MATHEMATICS AND SCIENCE,20.9,13
188505,129957,ROCHOR MRT STATION (DT13),NUS HIGH SCHOOL OF MATHEMATICS AND SCIENCE,19.92,13.13
188022,129957,BUGIS MRT STATION (EW12 / DT14),NUS HIGH SCHOOL OF MATHEMATICS AND SCIENCE,17.72,12.58
018969,129957,DOWNTOWN MRT STATION (DT17),NUS HIGH SCHOOL OF MATHEMATICS AND SCIENCE,16.93,11.65
048416,129957,TELOK AYER MRT STATION (DT18),NUS HIGH SCHOOL OF MATHEMATICS AND SCIENCE,16.98,11.53
059443,129957,CHINATOWN MRT STATION (NE4 / DT19),NUS HIGH SCHOOL OF MATHEMATICS AND SCIENCE,14.43,10.39
179038,129957,FORT CANNING MRT STATION (DT20),NUS HIGH SCHOOL OF MATHEMATICS AND SCIENCE,15.33,10.76
189658,129957,BENCOOLEN MRT STATION (DT21),NUS HIGH SCHOOL OF MATHEMATICS AND SCIENCE,17.28,11.79
208826,129957,JALAN BESAR MRT STATION (DT22),NUS HIGH SCHOOL OF MATHEMATICS AND SCIENCE,19.15,13.14
339356,129957,BENDEMEER MRT STATION (DT23),NUS HIGH SCHOOL OF MATHEMATICS AND SCIENCE,20.8,15.84
339355,129957,GEYLANG BAHRU MRT STATION (DT24),NUS HIGH SCHOOL OF MATHEMATICS AND SCIENCE,23.23,17.2
379314,129957,MATTAR MRT STATION (DT25),NUS HIGH SCHOOL OF MATHEMATICS AND SCIENCE,25.93,19.15
408899,129957,UBI MRT STATION (DT27),NUS HIGH SCHOOL OF MATHEMATICS AND SCIENCE,26.62,20.92
415804,129957,KAKI BUKIT MRT STATION (DT28),NUS HIGH SCHOOL OF MATHEMATICS AND SCIENCE,28.62,22.31
479481,129957,BEDOK NORTH MRT STATION (DT29),NUS HIGH SCHOOL OF MATHEMATICS AND SCIENCE,31.43,23.32
469724,129957,BEDOK RESERVOIR MRT STATION (DT30),NUS HIGH SCHOOL OF MATHEMATICS AND SCIENCE,29.58,24.64
529683,129957,TAMPINES WEST MRT STATION (DT31),NUS HIGH SCHOOL OF MATHEMATICS AND SCIENCE,33.95,26.34
529538,129957,TAMPINES MRT STATION (EW2 / DT32),NUS HIGH SCHOOL OF MATHEMATICS AND SCIENCE,35.37,27.65
529623,129957,TAMPINES EAST MRT STATION (DT33),NUS HIGH SCHOOL OF MATHEMATICS AND SCIENCE,35.6,29.23
485990,129957,UPPER CHANGI MRT STATION (DT34),NUS HIGH SCHOOL OF MATHEMATICS AND SCIENCE,34.95,29.01
486800,129957,XILIN MRT STATION (DT36),NUS HIGH SCHOOL OF MATHEMATICS AND SCIENCE,34.87,28.61
469731,129957,SUNGEI BEDOK MRT STATION (TE31 / DT37),NUS HIGH SCHOOL OF MATHEMATICS AND SCIENCE,34.63,26.16
519634,129957,PASIR RIS MRT STATION (EW1),NUS HIGH SCHOOL OF MATHEMATICS AND SCIENCE,40.87,32.87
529888,129957,SIMEI MRT STATION (EW3),NUS HIGH SCHOOL OF MATHEMATICS AND SCIENCE,34.88,27.62
467347,129957,BEDOK MRT STATION (EW5),NUS HIGH SCHOOL OF MATHEMATICS AND SCIENCE,30.73,24.62
416551,129957,KEMBANGAN MRT STATION (EW6),NUS HIGH SCHOOL OF MATHEMATICS AND SCIENCE,29.45,23.19
409423,129957,EUNOS MRT STATION (EW7),NUS HIGH SCHOOL OF MATHEMATICS AND SCIENCE,27.12,21.91
388310,129957,ALJUNIED MRT STATION (EW9),NUS HIGH SCHOOL OF MATHEMATICS AND SCIENCE,25.12,16.31
387405,129957,KALLANG MRT STATION (EW10),NUS HIGH SCHOOL OF MATHEMATICS AND SCIENCE,22.45,15
208699,129957,LAVENDER MRT STATION (EW11),NUS HIGH SCHOOL OF MATHEMATICS AND SCIENCE,19.57,13.57
179100,129957,CITY HALL MRT STATION (NS25 / EW13),NUS HIGH SCHOOL OF MATHEMATICS AND SCIENCE,16.67,11.89
048618,129957,RAFFLES PLACE MRT STATION (NS26 / EW14),NUS HIGH SCHOOL OF MATHEMATICS AND SCIENCE,16.05,11.46
069119,129957,TANJONG PAGAR MRT STATION (EW15),NUS HIGH SCHOOL OF MATHEMATICS AND SCIENCE,16.33,11.14
169037,129957,OUTRAM PARK MRT STATION (EW16 / NE3 / TE17),NUS HIGH SCHOOL OF MATHEMATICS AND SCIENCE,12.78,9.56
168731,129957,TIONG BAHRU MRT STATION (EW17),NUS HIGH SCHOOL OF MATHEMATICS AND SCIENCE,12.57,8.57
158792,129957,REDHILL MRT STATION (EW18),NUS HIGH SCHOOL OF MATHEMATICS AND SCIENCE,12.42,7.3
149729,129957,QUEENSTOWN MRT STATION (EW19),NUS HIGH SCHOOL OF MATHEMATICS AND SCIENCE,10.95,6.56
149735,129957,COMMONWEALTH MRT STATION (EW20),NUS HIGH SCHOOL OF MATHEMATICS AND SCIENCE,9.42,4.59
138677,129957,DOVER MRT STATION (EW22),NUS HIGH SCHOOL OF MATHEMATICS AND SCIENCE,4.17,1.81
129580,129957,CLEMENTI MRT STATION (EW23),NUS HIGH SCHOOL OF MATHEMATICS AND SCIENCE,4.37,1.81
609690,129957,JURONG EAST MRT STATION (NS1 / EW24),NUS HIGH SCHOOL OF MATHEMATICS AND SCIENCE,8.78,5.3
609959,129957,CHINESE GARDEN MRT STATION (EW25),NUS HIGH SCHOOL OF MATHEMATICS AND SCIENCE,14.28,7.92
649845,129957,LAKESIDE MRT STATION (EW26),NUS HIGH SCHOOL OF MATHEMATICS AND SCIENCE,13.33,8.96
649846,129957,BOON LAY MRT STATION (EW27),NUS HIGH SCHOOL OF MATHEMATICS AND SCIENCE,15.37,10.71
648310,129957,PIONEER MRT STATION (EW28),NUS HIGH SCHOOL OF MATHEMATICS AND SCIENCE,15.75,11.54
629116,129957,JOO KOON MRT STATION (EW29),NUS HIGH SCHOOL OF MATHEMATICS AND SCIENCE,15.72,12.32
637288,129957,GUL CIRCLE MRT STATION (EW30),NUS HIGH SCHOOL OF MATHEMATICS AND SCIENCE,17.23,13.98
639608,129957,TUAS CRESCENT MRT STATION (EW31),NUS HIGH SCHOOL OF MATHEMATICS AND SCIENCE,24.5,17.43
639609,129957,TUAS WEST ROAD MRT STATION (EW32),NUS HIGH SCHOOL OF MATHEMATICS AND SCIENCE,22.12,17.52
638418,129957,TUAS LINK MRT STATION (EW33),NUS HIGH SCHOOL OF MATHEMATICS AND SCIENCE,22.65,18.43
059815,129957,CLARKE QUAY MRT STATION (NE5),NUS HIGH SCHOOL OF MATHEMATICS AND SCIENCE,16.02,11.51
218703,129957,FARRER PARK MRT STATION (NE8),NUS HIGH SCHOOL OF MATHEMATICS AND SCIENCE,20.78,15.6
328260,129957,BOON KENG MRT STATION (NE9),NUS HIGH SCHOOL OF MATHEMATICS AND SCIENCE,22.65,17.67
347694,129957,POTONG PASIR MRT STATION (NE10),NUS HIGH SCHOOL OF MATHEMATICS AND SCIENCE,20.78,16.88
347695,129957,WOODLEIGH MRT STATION (NE11),NUS HIGH SCHOOL OF MATHEMATICS AND SCIENCE,22.48,17.78
534799,129957,KOVAN MRT STATION (NE13),NUS HIGH SCHOOL OF MATHEMATICS AND SCIENCE,29.2,21.19
538758,129957,HOUGANG MRT STATION (NE14),NUS HIGH SCHOOL OF MATHEMATICS AND SCIENCE,32.4,22.54
545061,129957,BUANGKOK MRT STATION (NE15),NUS HIGH SCHOOL OF MATHEMATICS AND SCIENCE,33.98,25.35
545062,129957,SENGKANG LRT STATION (STC),NUS HIGH SCHOOL OF MATHEMATICS AND SCIENCE,34.65,26.15
828868,129957,PUNGGOL MRT STATION (NE17 / PTC),NUS HIGH SCHOOL OF MATHEMATICS AND SCIENCE,37.18,30.32
828604,129957,PUNGGOL COAST MRT STATION (NE18),NUS HIGH SCHOOL OF MATHEMATICS AND SCIENCE,39.57,31.59
659958,129957,BUKIT BATOK MRT STATION (NS2),NUS HIGH SCHOOL OF MATHEMATICS AND SCIENCE,15.33,8.25
659083,129957,BUKIT GOMBAK MRT STATION (NS3),NUS HIGH SCHOOL OF MATHEMATICS AND SCIENCE,16.15,9.11
689810,129957,CHOA CHU KANG MRT STATION (NS4 / BP1 / JS1),NUS HIGH SCHOOL OF MATHEMATICS AND SCIENCE,24,13.26
689715,129957,YEW TEE MRT STATION (NS5),NUS HIGH SCHOOL OF MATHEMATICS AND SCIENCE,25.95,17.79
738702,129957,KRANJI MRT STATION (NS7),NUS HIGH SCHOOL OF MATHEMATICS AND SCIENCE,26.08,18
739044,129957,MARSILING MRT STATION (NS8),NUS HIGH SCHOOL OF MATHEMATICS AND SCIENCE,25.07,17.44
738343,129957,WOODLANDS MRT STATION (NS9 / TE2),NUS HIGH SCHOOL OF MATHEMATICS AND SCIENCE,27.77,18.84
738344,129957,ADMIRALTY MRT STATION (NS10),NUS HIGH SCHOOL OF MATHEMATICS AND SCIENCE,31.25,20.45
759775,129957,SEMBAWANG MRT STATION (NS11),NUS HIGH SCHOOL OF MATHEMATICS AND SCIENCE,35.17,23.03
756972,129957,CANBERRA MRT STATION (NS12),NUS HIGH SCHOOL OF MATHEMATICS AND SCIENCE,37.67,24.26
769093,129957,YISHUN MRT STATION (NS13),NUS HIGH SCHOOL OF MATHEMATICS AND SCIENCE,38.42,23.36
769092,129957,KHATIB MRT STATION (NS14),NUS HIGH SCHOOL OF MATHEMATICS AND SCIENCE,35.9,22.14
569813,129957,YIO CHU KANG MRT STATION (NS15),NUS HIGH SCHOOL OF MATHEMATICS AND SCIENCE,29.43,15.85
569812,129957,ANG MO KIO MRT STATION (NS16),NUS HIGH SCHOOL OF MATHEMATICS AND SCIENCE,26.4,20.83
319756,129957,BRADDELL MRT STATION (NS18),NUS HIGH SCHOOL OF MATHEMATICS AND SCIENCE,23.13,15.27
319398,129957,TOA PAYOH MRT STATION (NS19),NUS HIGH SCHOOL OF MATHEMATICS AND SCIENCE,22.68,14.74
307642,129957,NOVENA MRT STATION (NS20),NUS HIGH SCHOOL OF MATHEMATICS AND SCIENCE,21.18,15.82
238878,129957,ORCHARD MRT STATION (TE14 / NS22),NUS HIGH SCHOOL OF MATHEMATICS AND SCIENCE,17.5,11.92
238162,129957,SOMERSET MRT STATION (NE23),NUS HIGH SCHOOL OF MATHEMATICS AND SCIENCE,17.92,12.18
018948,129957,MARINA SOUTH PIER MRT STATION (NS28),NUS HIGH SCHOOL OF MATHEMATICS AND SCIENCE,18.23,13.53
737668,129957,WOODLANDS NORTH MRT STATION (TE1),NUS HIGH SCHOOL OF MATHEMATICS AND SCIENCE,31.45,20.83
737741,129957,WOODLANDS SOUTH MRT STATION (TE3),NUS HIGH SCHOOL OF MATHEMATICS AND SCIENCE,31.48,20.27
787140,129957,SPRINGLEAF MRT STATION (TE4),NUS HIGH SCHOOL OF MATHEMATICS AND SCIENCE,32.68,23.41
789361,129957,LENTOR MRT STATION (TE5),NUS HIGH SCHOOL OF MATHEMATICS AND SCIENCE,32.67,17.26
569900,129957,MAYFLOWER MRT STATION (TE6),NUS HIGH SCHOOL OF MATHEMATICS AND SCIENCE,30.7,16.46
575737,129957,BRIGHT HILL MRT STATION (TE7),NUS HIGH SCHOOL OF MATHEMATICS AND SCIENCE,26.92,14.23
577937,129957,UPPER THOMSON MRT STATION (TE8),NUS HIGH SCHOOL OF MATHEMATICS AND SCIENCE,23.12,12.6
299781,129957,MOUNT PLEASANT MRT STATION (TE10),NUS HIGH SCHOOL OF MATHEMATICS AND SCIENCE,22.38,14.04
258511,129957,NAPIER MRT STATION (TE12),NUS HIGH SCHOOL OF MATHEMATICS AND SCIENCE,15.25,7.63
248654,129957,ORCHARD BOULEVARD MRT STATION (TE13),NUS HIGH SCHOOL OF MATHEMATICS AND SCIENCE,17.68,12.15
238384,129957,GREAT WORLD MRT STATION (TE15),NUS HIGH SCHOOL OF MATHEMATICS AND SCIENCE,16.37,11.2
168604,129957,HAVELOCK MRT STATION (TE16),NUS HIGH SCHOOL OF MATHEMATICS AND SCIENCE,16.03,11
058841,129957,MAXWELL MRT STATION (TE18),NUS HIGH SCHOOL OF MATHEMATICS AND SCIENCE,16.15,10.96
018928,129957,SHENTON WAY MRT STATION (TE19),NUS HIGH SCHOOL OF MATHEMATICS AND SCIENCE,16.93,11.12
019397,129957,MARINA SOUTH MRT STATION (TE21),NUS HIGH SCHOOL OF MATHEMATICS AND SCIENCE,17.1,12.88
019396,129957,GARDENS BY THE BAY MRT STATION (TE22),NUS HIGH SCHOOL OF MATHEMATICS AND SCIENCE,19.4,14
436488,129957,TANJONG RHU MRT STATION (TE23),NUS HIGH SCHOOL OF MATHEMATICS AND SCIENCE,25.47,18.4
437870,129957,KATONG PARK MRT STATION (TE24),NUS HIGH SCHOOL OF MATHEMATICS AND SCIENCE,22.27,17.16
439846,129957,TANJONG KATONG MRT STATION (TE25),NUS HIGH SCHOOL OF MATHEMATICS AND SCIENCE,25.4,19.48
449971,129957,MARINE PARADE MRT STATION (TE26),NUS HIGH SCHOOL OF MATHEMATICS AND SCIENCE,26.18,19.93
449970,129957,MARINE TERRACE MRT STATION (TE27),NUS HIGH SCHOOL OF MATHEMATICS AND SCIENCE,26.13,20.76
449969,129957,SIGLAP MRT STATION (TE28),NUS HIGH SCHOOL OF MATHEMATICS AND SCIENCE,29.4,22.5
469958,129957,BAYSHORE MRT STATION (TE29),NUS HIGH SCHOOL OF MATHEMATICS AND SCIENCE,30.75,24.2
468324,129957,BEDOK SOUTH MRT STATION (TE30),NUS HIGH SCHOOL OF MATHEMATICS AND SCIENCE,33.07,25.13
688265,129957,SOUTH VIEW LRT STATION (BP2),NUS HIGH SCHOOL OF MATHEMATICS AND SCIENCE,22.02,12.42
688266,129957,KEAT HONG LRT STATION (BP3),NUS HIGH SCHOOL OF MATHEMATICS AND SCIENCE,21.15,11.96
688267,129957,TECK WHYE LRT STATION (BP4),NUS HIGH SCHOOL OF MATHEMATICS AND SCIENCE,20.72,10.55
689483,129957,PHOENIX LRT STATION (BP5),NUS HIGH SCHOOL OF MATHEMATICS AND SCIENCE,19.55,9.98
678269,129957,PETIR LRT STATION (BP7),NUS HIGH SCHOOL OF MATHEMATICS AND SCIENCE,19.3,9.83
678296,129957,PENDING LRT STATION (BP8),NUS HIGH SCHOOL OF MATHEMATICS AND SCIENCE,19.28,11.6
679939,129957,BANGKIT LRT STATION (BP9),NUS HIGH SCHOOL OF MATHEMATICS AND SCIENCE,19.58,11.73
679004,129957,FAJAR LRT STATION (BP10),NUS HIGH SCHOOL OF MATHEMATICS AND SCIENCE,22,12.79
679940,129957,SEGAR LRT STATION (BP11),NUS HIGH SCHOOL OF MATHEMATICS AND SCIENCE,21.55,12.78
679941,129957,JELAPANG LRT STATION (BP12),NUS HIGH SCHOOL OF MATHEMATICS AND SCIENCE,20.8,10.61
679942,129957,SENJA LRT STATION (BP13),NUS HIGH SCHOOL OF MATHEMATICS AND SCIENCE,19.8,10.08
545055,129957,COMPASSVALE LRT STATION (SE1),NUS HIGH SCHOOL OF MATHEMATICS AND SCIENCE,36.15,29.71
545054,129957,RUMBIA LRT STATION (SE2),NUS HIGH SCHOOL OF MATHEMATICS AND SCIENCE,35.53,28.1
545053,129957,BAKAU LRT STATION (SE3),NUS HIGH SCHOOL OF MATHEMATICS AND SCIENCE,34.82,27.72
545052,129957,KANGKAR LRT STATION (SE4),NUS HIGH SCHOOL OF MATHEMATICS AND SCIENCE,33.77,27.16
545046,129957,RANGGUNG LRT STATION (SE5),NUS HIGH SCHOOL OF MATHEMATICS AND SCIENCE,35.73,26.34
545047,129957,CHENG LIM LRT STATION (SW1),NUS HIGH SCHOOL OF MATHEMATICS AND SCIENCE,35.27,26.54
545048,129957,FARMWAY LRT STATION (SW2),NUS HIGH SCHOOL OF MATHEMATICS AND SCIENCE,37.27,27.68
797697,129957,KUPANG LRT STATION (SW3),NUS HIGH SCHOOL OF MATHEMATICS AND SCIENCE,33.87,26.3
797699,129957,THANGGAM LRT STATION (SW4),NUS HIGH SCHOOL OF MATHEMATICS AND SCIENCE,32.25,25.66
797698,129957,FERNVALE LRT STATION (SW5),NUS HIGH SCHOOL OF MATHEMATICS AND SCIENCE,31.35,25.24
797700,129957,LAYAR LRT STATION (SW6),NUS HIGH SCHOOL OF MATHEMATICS AND SCIENCE,32.03,25.62
545050,129957,TONGKANG LRT STATION (SW7),NUS HIGH SCHOOL OF MATHEMATICS AND SCIENCE,33.45,26.38
545049,129957,RENJONG LRT STATION (SW8),NUS HIGH SCHOOL OF MATHEMATICS AND SCIENCE,36.03,26.23
828858,129957,COVE LRT STATION (PE1),NUS HIGH SCHOOL OF MATHEMATICS AND SCIENCE,36.6,29.74
828857,129957,MERIDIAN LRT STATION (PE2),NUS HIGH SCHOOL OF MATHEMATICS AND SCIENCE,37.28,30.06
828856,129957,CORAL EDGE LRT STATION (PE3),NUS HIGH SCHOOL OF MATHEMATICS AND SCIENCE,38.75,29.89
828852,129957,RIVIERA LRT STATION (PE4),NUS HIGH SCHOOL OF MATHEMATICS AND SCIENCE,36.1,29
828853,129957,KADALOOR LRT STATION (PE5),NUS HIGH SCHOOL OF MATHEMATICS AND SCIENCE,39.02,30.02
828854,129957,OASIS LRT STATION (PE6),NUS HIGH SCHOOL OF MATHEMATICS AND SCIENCE,38.45,30.01
828855,129957,DAMAI LRT STATION (PE7),NUS HIGH SCHOOL OF MATHEMATICS AND SCIENCE,37.27,30.31
828851,129957,SAM KEE LRT STATION (PW1),NUS HIGH SCHOOL OF MATHEMATICS AND SCIENCE,38.77,30.85
828861,129957,TECK LEE LRT STATION (PW2),NUS HIGH SCHOOL OF MATHEMATICS AND SCIENCE,39.28,31.16
828644,129957,PUNGGOL POINT LRT STATION (PW3),NUS HIGH SCHOOL OF MATHEMATICS AND SCIENCE,40.18,32.57
828645,129957,SAMUDERA LRT STATION (PW4),NUS HIGH SCHOOL OF MATHEMATICS AND SCIENCE,39.1,31.99
828862,129957,NIBONG LRT STATION (PW5),NUS HIGH SCHOOL OF MATHEMATICS AND SCIENCE,38.22,31.52
828863,129957,SUMANG LRT STATION (PW6),NUS HIGH SCHOOL OF MATHEMATICS AND SCIENCE,40.4,31.72
828864,129957,SOO TECK LRT STATION (PW7),NUS HIGH SCHOOL OF MATHEMATICS AND SCIENCE,37.48,30.86
238826,575954,DHOBY GHAUT MRT STATION (NS24 / NE6 / CC1),RAFFLES INSTITUTION (ADMINISTRATIVE CENTRE),14,9.06
189561,575954,BRAS BASAH MRT STATION (CC2),RAFFLES INSTITUTION (ADMINISTRATIVE CENTRE),14.97,7.51
189562,575954,ESPLANADE MRT STATION (CC3),RAFFLES INSTITUTION (ADMINISTRATIVE CENTRE),16.15,8.1
039193,575954,PROMENADE MRT STATION (DT15 / CC4),RAFFLES INSTITUTION (ADMINISTRATIVE CENTRE),16.4,8.19
038970,575954,NICOLL HIGHWAY MRT STATION (CC5),RAFFLES INSTITUTION (ADMINISTRATIVE CENTRE),18.47,10.84
397692,575954,STADIUM MRT STATION (CC6),RAFFLES INSTITUTION (ADMINISTRATIVE CENTRE),16.55,8.91
398006,575954,MOUNTBATTEN MRT STATION (CC7),RAFFLES INSTITUTION (ADMINISTRATIVE CENTRE),16.32,9.2
397973,575954,DAKOTA MRT STATION (CC8),RAFFLES INSTITUTION (ADMINISTRATIVE CENTRE),15.15,8.64
409006,575954,PAYA LEBAR MRT STATION (EW8 / CC9),RAFFLES INSTITUTION (ADMINISTRATIVE CENTRE),13.72,8.19
409048,575954,MACPHERSON MRT STATION (DT26 / CC10),RAFFLES INSTITUTION (ADMINISTRATIVE CENTRE),13.57,6.77
534803,575954,TAI SENG MRT STATION (CC11),RAFFLES INSTITUTION (ADMINISTRATIVE CENTRE),11.77,5.82
539788,575954,BARTLEY MRT STATION (CC12),RAFFLES INSTITUTION (ADMINISTRATIVE CENTRE),9.25,4.53
534801,575954,SERANGOON MRT STATION (NE12 / CC13),RAFFLES INSTITUTION (ADMINISTRATIVE CENTRE),11.37,5.34
554533,575954,LORONG CHUAN MRT STATION (CC14),RAFFLES INSTITUTION (ADMINISTRATIVE CENTRE),7.53,3.46
579827,575954,BISHAN MRT STATION (NS17 / CC15),RAFFLES INSTITUTION (ADMINISTRATIVE CENTRE),2.23,0.88
573993,575954,MARYMOUNT MRT STATION (CC16),RAFFLES INSTITUTION (ADMINISTRATIVE CENTRE),4.33,1.8
298113,575954,CALDECOTT MRT STATION (CC17 / TE9),RAFFLES INSTITUTION (ADMINISTRATIVE CENTRE),5.43,2.33
257494,575954,BOTANIC GARDENS MRT STATION (CC19 / DT9),RAFFLES INSTITUTION (ADMINISTRATIVE CENTRE),9.8,5.6
268857,575954,FARRER ROAD MRT STATION (CC20),RAFFLES INSTITUTION (ADMINISTRATIVE CENTRE),11,6.26
278995,575954,HOLLAND VILLAGE MRT STATION (CC21),RAFFLES INSTITUTION (ADMINISTRATIVE CENTRE),16.33,8.68
139345,575954,BUONA VISTA MRT STATION (CC22 / EW21),RAFFLES INSTITUTION (ADMINISTRATIVE CENTRE),17.02,9.38
138647,575954,ONE-NORTH MRT STATION (CC23),RAFFLES INSTITUTION (ADMINISTRATIVE CENTRE),18.92,10.23
118177,575954,KENT RIDGE MRT STATION (CC24),RAFFLES INSTITUTION (ADMINISTRATIVE CENTRE),20.13,11
117396,575954,HAW PAR VILLA MRT STATION (CC25),RAFFLES INSTITUTION (ADMINISTRATIVE CENTRE),25.43,13.86
117424,575954,PASIR PANJANG MRT STATION (CC26),RAFFLES INSTITUTION (ADMINISTRATIVE CENTRE),25.57,13.95
109029,575954,LABRADOR PARK MRT STATION (CC27),RAFFLES INSTITUTION (ADMINISTRATIVE CENTRE),21.9,11.99
109028,575954,TELOK BLANGAH MRT STATION (CC28),RAFFLES INSTITUTION (ADMINISTRATIVE CENTRE),23.28,12.73
098867,575954,HARBOURFRONT MRT STATION (CC29 / NE1),RAFFLES INSTITUTION (ADMINISTRATIVE CENTRE),22.52,14.85
099423,575954,KEPPEL MRT STATION (CC30),RAFFLES INSTITUTION (ADMINISTRATIVE CENTRE),20.92,14.13
089395,575954,CANTONMENT MRT STATION (CC31),RAFFLES INSTITUTION (ADMINISTRATIVE CENTRE),18.22,12.14
079122,575954,PRINCE EDWARD ROAD MRT STATION (CC32),RAFFLES INSTITUTION (ADMINISTRATIVE CENTRE),18.27,12.03
018957,575954,BAYFRONT MRT STATION (DT16 / CE1),RAFFLES INSTITUTION (ADMINISTRATIVE CENTRE),18.75,11.59
018925,575954,MARINA BAY MRT STATION (NS27 / TE20 / CE2),RAFFLES INSTITUTION (ADMINISTRATIVE CENTRE),18.4,11.89
467356,575954,TANAH MERAH MRT STATION (EW4 / CG),RAFFLES INSTITUTION (ADMINISTRATIVE CENTRE),23.53,15.58
486065,575954,EXPO MRT STATION (CG1 / DT35),RAFFLES INSTITUTION (ADMINISTRATIVE CENTRE),25.12,16.58
819661,575954,CHANGI AIRPORT MRT STATION (CG2),RAFFLES INSTITUTION (ADMINISTRATIVE CENTRE),30.2,22.01
678213,575954,BUKIT PANJANG MRT STATION (DT1 / BP6),RAFFLES INSTITUTION (ADMINISTRATIVE CENTRE),20.48,13.09
679696,575954,CASHEW MRT STATION (DT2),RAFFLES INSTITUTION (ADMINISTRATIVE CENTRE),20.6,11.97
678211,575954,HILLVIEW MRT STATION (DT3),RAFFLES INSTITUTION (ADMINISTRATIVE CENTRE),19.37,11.3
589681,575954,HUME MRT STATION (DT4),RAFFLES INSTITUTION (ADMINISTRATIVE CENTRE),17.6,11.28
588216,575954,BEAUTY WORLD MRT STATION (DT5),RAFFLES INSTITUTION (ADMINISTRATIVE CENTRE),14.78,9.83
599987,575954,KING ALBERT PARK MRT STATION (DT6),RAFFLES INSTITUTION (ADMINISTRATIVE CENTRE),15.98,10.5
269784,575954,SIXTH AVENUE MRT STATION (DT7),RAFFLES INSTITUTION (ADMINISTRATIVE CENTRE),14.2,7.87
266268,575954,TAN KAH KEE MRT STATION (DT8),RAFFLES INSTITUTION (ADMINISTRATIVE CENTRE),13.2,7.34
257877,575954,STEVENS MRT STATION (DT10 / TE11),RAFFLES INSTITUTION (ADMINISTRATIVE CENTRE),10.97,5.47
228234,575954,NEWTON MRT STATION (NS21 / DT11),RAFFLES INSTITUTION (ADMINISTRATIVE CENTRE),10.6,5.27
229900,575954,LITTLE INDIA MRT STATION (NE7 / DT12),RAFFLES INSTITUTION (ADMINISTRATIVE CENTRE),13.22,6.39
188505,575954,ROCHOR MRT STATION (DT13),RAFFLES INSTITUTION (ADMINISTRATIVE CENTRE),13.05,6.61
188022,575954,BUGIS MRT STATION (EW12 / DT14),RAFFLES INSTITUTION (ADMINISTRATIVE CENTRE),13.88,7.08
018969,575954,DOWNTOWN MRT STATION (DT17),RAFFLES INSTITUTION (ADMINISTRATIVE CENTRE),16.77,11.28
048416,575954,TELOK AYER MRT STATION (DT18),RAFFLES INSTITUTION (ADMINISTRATIVE CENTRE),15.58,10.72
059443,575954,CHINATOWN MRT STATION (NE4 / DT19),RAFFLES INSTITUTION (ADMINISTRATIVE CENTRE),14.77,10.24
179038,575954,FORT CANNING MRT STATION (DT20),RAFFLES INSTITUTION (ADMINISTRATIVE CENTRE),16.5,11.79
189658,575954,BENCOOLEN MRT STATION (DT21),RAFFLES INSTITUTION (ADMINISTRATIVE CENTRE),14.43,9.31
208826,575954,JALAN BESAR MRT STATION (DT22),RAFFLES INSTITUTION (ADMINISTRATIVE CENTRE),13.95,7.02
339356,575954,BENDEMEER MRT STATION (DT23),RAFFLES INSTITUTION (ADMINISTRATIVE CENTRE),12.72,7.21
339355,575954,GEYLANG BAHRU MRT STATION (DT24),RAFFLES INSTITUTION (ADMINISTRATIVE CENTRE),13.03,6.75
379314,575954,MATTAR MRT STATION (DT25),RAFFLES INSTITUTION (ADMINISTRATIVE CENTRE),14.57,6.72
408899,575954,UBI MRT STATION (DT27),RAFFLES INSTITUTION (ADMINISTRATIVE CENTRE),15.2,9.07
415804,575954,KAKI BUKIT MRT STATION (DT28),RAFFLES INSTITUTION (ADMINISTRATIVE CENTRE),16.43,8.29
479481,575954,BEDOK NORTH MRT STATION (DT29),RAFFLES INSTITUTION (ADMINISTRATIVE CENTRE),19.72,11.38
469724,575954,BEDOK RESERVOIR MRT STATION (DT30),RAFFLES INSTITUTION (ADMINISTRATIVE CENTRE),18.1,12.72
529683,575954,TAMPINES WEST MRT STATION (DT31),RAFFLES INSTITUTION (ADMINISTRATIVE CENTRE),20.43,13.95
529538,575954,TAMPINES MRT STATION (EW2 / DT32),RAFFLES INSTITUTION (ADMINISTRATIVE CENTRE),24.15,15.83
529623,575954,TAMPINES EAST MRT STATION (DT33),RAFFLES INSTITUTION (ADMINISTRATIVE CENTRE),24.03,17.32
485990,575954,UPPER CHANGI MRT STATION (DT34),RAFFLES INSTITUTION (ADMINISTRATIVE CENTRE),24.07,17.35
486800,575954,XILIN MRT STATION (DT36),RAFFLES INSTITUTION (ADMINISTRATIVE CENTRE),23.93,16.67
469731,575954,SUNGEI BEDOK MRT STATION (TE31 / DT37),RAFFLES INSTITUTION (ADMINISTRATIVE CENTRE),26.23,16.77
519634,575954,PASIR RIS MRT STATION (EW1),RAFFLES INSTITUTION (ADMINISTRATIVE CENTRE),29.3,20.96
529888,575954,SIMEI MRT STATION (EW3),RAFFLES INSTITUTION (ADMINISTRATIVE CENTRE),23.32,15.71
467347,575954,BEDOK MRT STATION (EW5),RAFFLES INSTITUTION (ADMINISTRATIVE CENTRE),19.15,12.7
416551,575954,KEMBANGAN MRT STATION (EW6),RAFFLES INSTITUTION (ADMINISTRATIVE CENTRE),17.93,11.31
409423,575954,EUNOS MRT STATION (EW7),RAFFLES INSTITUTION (ADMINISTRATIVE CENTRE),15.55,10
388310,575954,ALJUNIED MRT STATION (EW9),RAFFLES INSTITUTION (ADMINISTRATIVE CENTRE),14.22,7.92
387405,575954,KALLANG MRT STATION (EW10),RAFFLES INSTITUTION (ADMINISTRATIVE CENTRE),11.98,6.92
208699,575954,LAVENDER MRT STATION (EW11),RAFFLES INSTITUTION (ADMINISTRATIVE CENTRE),13.43,7.62
179100,575954,CITY HALL MRT STATION (NS25 / EW13),RAFFLES INSTITUTION (ADMINISTRATIVE CENTRE),14.95,9.6
048618,575954,RAFFLES PLACE MRT STATION (NS26 / EW14),RAFFLES INSTITUTION (ADMINISTRATIVE CENTRE),17.08,11.26
069119,575954,TANJONG PAGAR MRT STATION (EW15),RAFFLES INSTITUTION (ADMINISTRATIVE CENTRE),17.57,11.62
169037,575954,OUTRAM PARK MRT STATION (EW16 / NE3 / TE17),RAFFLES INSTITUTION (ADMINISTRATIVE CENTRE),15.38,10.82
168731,575954,TIONG BAHRU MRT STATION (EW17),RAFFLES INSTITUTION (ADMINISTRATIVE CENTRE),17.1,11.65
158792,575954,REDHILL MRT STATION (EW18),RAFFLES INSTITUTION (ADMINISTRATIVE CENTRE),18.82,9.63
149729,575954,QUEENSTOWN MRT STATION (EW19),RAFFLES INSTITUTION (ADMINISTRATIVE CENTRE),16.75,9.22
149735,575954,COMMONWEALTH MRT STATION (EW20),RAFFLES INSTITUTION (ADMINISTRATIVE CENTRE),15.57,8.65
138677,575954,DOVER MRT STATION (EW22),RAFFLES INSTITUTION (ADMINISTRATIVE CENTRE),19.32,10.61
129580,575954,CLEMENTI MRT STATION (EW23),RAFFLES INSTITUTION (ADMINISTRATIVE CENTRE),20.7,13.57
609690,575954,JURONG EAST MRT STATION (NS1 / EW24),RAFFLES INSTITUTION (ADMINISTRATIVE CENTRE),21.55,14.92
609959,575954,CHINESE GARDEN MRT STATION (EW25),RAFFLES INSTITUTION (ADMINISTRATIVE CENTRE),23.97,16.58
649845,575954,LAKESIDE MRT STATION (EW26),RAFFLES INSTITUTION (ADMINISTRATIVE CENTRE),24.07,17.02
649846,575954,BOON LAY MRT STATION (EW27),RAFFLES INSTITUTION (ADMINISTRATIVE CENTRE),27.22,18.71
648310,575954,PIONEER MRT STATION (EW28),RAFFLES INSTITUTION (ADMINISTRATIVE CENTRE),29.07,22.66
629116,575954,JOO KOON MRT STATION (EW29),RAFFLES INSTITUTION (ADMINISTRATIVE CENTRE),31.33,24.83
637288,575954,GUL CIRCLE MRT STATION (EW30),RAFFLES INSTITUTION (ADMINISTRATIVE CENTRE),34.05,27.32
639608,575954,TUAS CRESCENT MRT STATION (EW31),RAFFLES INSTITUTION (ADMINISTRATIVE CENTRE),38.87,29.5
639609,575954,TUAS WEST ROAD MRT STATION (EW32),RAFFLES INSTITUTION (ADMINISTRATIVE CENTRE),38.33,29.7
638418,575954,TUAS LINK MRT STATION (EW33),RAFFLES INSTITUTION (ADMINISTRATIVE CENTRE),37.93,30.48
059815,575954,CLARKE QUAY MRT STATION (NE5),RAFFLES INSTITUTION (ADMINISTRATIVE CENTRE),16.17,10.98
218703,575954,FARRER PARK MRT STATION (NE8),RAFFLES INSTITUTION (ADMINISTRATIVE CENTRE),12.48,6.89
328260,575954,BOON KENG MRT STATION (NE9),RAFFLES INSTITUTION (ADMINISTRATIVE CENTRE),10.65,5.65
347694,575954,POTONG PASIR MRT STATION (NE10),RAFFLES INSTITUTION (ADMINISTRATIVE CENTRE),9.53,4.98
347695,575954,WOODLEIGH MRT STATION (NE11),RAFFLES INSTITUTION (ADMINISTRATIVE CENTRE),7.9,3.65
534799,575954,KOVAN MRT STATION (NE13),RAFFLES INSTITUTION (ADMINISTRATIVE CENTRE),12.95,6.37
538758,575954,HOUGANG MRT STATION (NE14),RAFFLES INSTITUTION (ADMINISTRATIVE CENTRE),17.33,8.23
545061,575954,BUANGKOK MRT STATION (NE15),RAFFLES INSTITUTION (ADMINISTRATIVE CENTRE),18.25,9.19
545062,575954,SENGKANG LRT STATION (STC),RAFFLES INSTITUTION (ADMINISTRATIVE CENTRE),19.35,10.27
828868,575954,PUNGGOL MRT STATION (NE17 / PTC),RAFFLES INSTITUTION (ADMINISTRATIVE CENTRE),22.65,13.48
828604,575954,PUNGGOL COAST MRT STATION (NE18),RAFFLES INSTITUTION (ADMINISTRATIVE CENTRE),25.57,15.09
659958,575954,BUKIT BATOK MRT STATION (NS2),RAFFLES INSTITUTION (ADMINISTRATIVE CENTRE),23.08,13.77
659083,575954,BUKIT GOMBAK MRT STATION (NS3),RAFFLES INSTITUTION (ADMINISTRATIVE CENTRE),23.07,13.78
689810,575954,CHOA CHU KANG MRT STATION (NS4 / BP1 / JS1),RAFFLES INSTITUTION (ADMINISTRATIVE CENTRE),24.9,17.37
689715,575954,YEW TEE MRT STATION (NS5),RAFFLES INSTITUTION (ADMINISTRATIVE CENTRE),24.7,17.44
738702,575954,KRANJI MRT STATION (NS7),RAFFLES INSTITUTION (ADMINISTRATIVE CENTRE),24.9,18.3
739044,575954,MARSILING MRT STATION (NS8),RAFFLES INSTITUTION (ADMINISTRATIVE CENTRE),23.87,17.74
738343,575954,WOODLANDS MRT STATION (NS9 / TE2),RAFFLES INSTITUTION (ADMINISTRATIVE CENTRE),26.63,19.16
738344,575954,ADMIRALTY MRT STATION (NS10),RAFFLES INSTITUTION (ADMINISTRATIVE CENTRE),25.08,13.82
759775,575954,SEMBAWANG MRT STATION (NS11),RAFFLES INSTITUTION (ADMINISTRATIVE CENTRE),26.93,13.72
756972,575954,CANBERRA MRT STATION (NS12),RAFFLES INSTITUTION (ADMINISTRATIVE CENTRE),23.95,12.45
769093,575954,YISHUN MRT STATION (NS13),RAFFLES INSTITUTION (ADMINISTRATIVE CENTRE),20.82,10.78
769092,575954,KHATIB MRT STATION (NS14),RAFFLES INSTITUTION (ADMINISTRATIVE CENTRE),18.22,9.39
569813,575954,YIO CHU KANG MRT STATION (NS15),RAFFLES INSTITUTION (ADMINISTRATIVE CENTRE),9.4,4.62
569812,575954,ANG MO KIO MRT STATION (NS16),RAFFLES INSTITUTION (ADMINISTRATIVE CENTRE),6.58,3.2
319756,575954,BRADDELL MRT STATION (NS18),RAFFLES INSTITUTION (ADMINISTRATIVE CENTRE),5.77,1.86
319398,575954,TOA PAYOH MRT STATION (NS19),RAFFLES INSTITUTION (ADMINISTRATIVE CENTRE),8.63,2.86
307642,575954,NOVENA MRT STATION (NS20),RAFFLES INSTITUTION (ADMINISTRATIVE CENTRE),10.7,4.72
238878,575954,ORCHARD MRT STATION (TE14 / NS22),RAFFLES INSTITUTION (ADMINISTRATIVE CENTRE),13.67,6.84
238162,575954,SOMERSET MRT STATION (NE23),RAFFLES INSTITUTION (ADMINISTRATIVE CENTRE),14.02,8.84
018948,575954,MARINA SOUTH PIER MRT STATION (NS28),RAFFLES INSTITUTION (ADMINISTRATIVE CENTRE),20.48,13.15
737668,575954,WOODLANDS NORTH MRT STATION (TE1),RAFFLES INSTITUTION (ADMINISTRATIVE CENTRE),30.23,21.12
737741,575954,WOODLANDS SOUTH MRT STATION (TE3),RAFFLES INSTITUTION (ADMINISTRATIVE CENTRE),23.43,12.62
787140,575954,SPRINGLEAF MRT STATION (TE4),RAFFLES INSTITUTION (ADMINISTRATIVE CENTRE),14.62,7.37
789361,575954,LENTOR MRT STATION (TE5),RAFFLES INSTITUTION (ADMINISTRATIVE CENTRE),11.13,5.56
569900,575954,MAYFLOWER MRT STATION (TE6),RAFFLES INSTITUTION (ADMINISTRATIVE CENTRE),8.47,4.1
575737,575954,BRIGHT HILL MRT STATION (TE7),RAFFLES INSTITUTION (ADMINISTRATIVE CENTRE),6.23,2.99
577937,575954,UPPER THOMSON MRT STATION (TE8),RAFFLES INSTITUTION (ADMINISTRATIVE CENTRE),4.87,2.18
299781,575954,MOUNT PLEASANT MRT STATION (TE10),RAFFLES INSTITUTION (ADMINISTRATIVE CENTRE),7.57,3.36
258511,575954,NAPIER MRT STATION (TE12),RAFFLES INSTITUTION (ADMINISTRATIVE CENTRE),15.83,8.1
248654,575954,ORCHARD BOULEVARD MRT STATION (TE13),RAFFLES INSTITUTION (ADMINISTRATIVE CENTRE),16.03,9.95
238384,575954,GREAT WORLD MRT STATION (TE15),RAFFLES INSTITUTION (ADMINISTRATIVE CENTRE),16.25,9.51
168604,575954,HAVELOCK MRT STATION (TE16),RAFFLES INSTITUTION (ADMINISTRATIVE CENTRE),16.68,10.3
058841,575954,MAXWELL MRT STATION (TE18),RAFFLES INSTITUTION (ADMINISTRATIVE CENTRE),16.57,11.07
018928,575954,SHENTON WAY MRT STATION (TE19),RAFFLES INSTITUTION (ADMINISTRATIVE CENTRE),17.78,11.61
019397,575954,MARINA SOUTH MRT STATION (TE21),RAFFLES INSTITUTION (ADMINISTRATIVE CENTRE),18.33,12.06
019396,575954,GARDENS BY THE BAY MRT STATION (TE22),RAFFLES INSTITUTION (ADMINISTRATIVE CENTRE),20.82,13.18
436488,575954,TANJONG RHU MRT STATION (TE23),RAFFLES INSTITUTION (ADMINISTRATIVE CENTRE),19.48,9.8
437870,575954,KATONG PARK MRT STATION (TE24),RAFFLES INSTITUTION (ADMINISTRATIVE CENTRE),15.98,9.01
439846,575954,TANJONG KATONG MRT STATION (TE25),RAFFLES INSTITUTION (ADMINISTRATIVE CENTRE),18.08,10.16
449971,575954,MARINE PARADE MRT STATION (TE26),RAFFLES INSTITUTION (ADMINISTRATIVE CENTRE),19.47,11.19
449970,575954,MARINE TERRACE MRT STATION (TE27),RAFFLES INSTITUTION (ADMINISTRATIVE CENTRE),20.02,11.99
449969,575954,SIGLAP MRT STATION (TE28),RAFFLES INSTITUTION (ADMINISTRATIVE CENTRE),22.17,13.56
469958,575954,BAYSHORE MRT STATION (TE29),RAFFLES INSTITUTION (ADMINISTRATIVE CENTRE),23.78,14.94
468324,575954,BEDOK SOUTH MRT STATION (TE30),RAFFLES INSTITUTION (ADMINISTRATIVE CENTRE),26.03,15.84
688265,575954,SOUTH VIEW LRT STATION (BP2),RAFFLES INSTITUTION (ADMINISTRATIVE CENTRE),23.98,15.01
688266,575954,KEAT HONG LRT STATION (BP3),RAFFLES INSTITUTION (ADMINISTRATIVE CENTRE),23.98,14.73
688267,575954,TECK WHYE LRT STATION (BP4),RAFFLES INSTITUTION (ADMINISTRATIVE CENTRE),21.98,13.97
689483,575954,PHOENIX LRT STATION (BP5),RAFFLES INSTITUTION (ADMINISTRATIVE CENTRE),20.95,13.44
678269,575954,PETIR LRT STATION (BP7),RAFFLES INSTITUTION (ADMINISTRATIVE CENTRE),19.38,12.54
678296,575954,PENDING LRT STATION (BP8),RAFFLES INSTITUTION (ADMINISTRATIVE CENTRE),18.07,11.89
679939,575954,BANGKIT LRT STATION (BP9),RAFFLES INSTITUTION (ADMINISTRATIVE CENTRE),18.35,12.01
679004,575954,FAJAR LRT STATION (BP10),RAFFLES INSTITUTION (ADMINISTRATIVE CENTRE),20.32,12.97
679940,575954,SEGAR LRT STATION (BP11),RAFFLES INSTITUTION (ADMINISTRATIVE CENTRE),20.33,13.06
679941,575954,JELAPANG LRT STATION (BP12),RAFFLES INSTITUTION (ADMINISTRATIVE CENTRE),21.22,13.54
679942,575954,SENJA LRT STATION (BP13),RAFFLES INSTITUTION (ADMINISTRATIVE CENTRE),20.22,13.01
545055,575954,COMPASSVALE LRT STATION (SE1),RAFFLES INSTITUTION (ADMINISTRATIVE CENTRE),20.75,11.02
545054,575954,RUMBIA LRT STATION (SE2),RAFFLES INSTITUTION (ADMINISTRATIVE CENTRE),21.52,11.14
545053,575954,BAKAU LRT STATION (SE3),RAFFLES INSTITUTION (ADMINISTRATIVE CENTRE),20.63,10.67
545052,575954,KANGKAR LRT STATION (SE4),RAFFLES INSTITUTION (ADMINISTRATIVE CENTRE),19.95,10.29
545046,575954,RANGGUNG LRT STATION (SE5),RAFFLES INSTITUTION (ADMINISTRATIVE CENTRE),18.82,9.99
545047,575954,CHENG LIM LRT STATION (SW1),RAFFLES INSTITUTION (ADMINISTRATIVE CENTRE),19.68,10.45
545048,575954,FARMWAY LRT STATION (SW2),RAFFLES INSTITUTION (ADMINISTRATIVE CENTRE),19.78,11.08
797697,575954,KUPANG LRT STATION (SW3),RAFFLES INSTITUTION (ADMINISTRATIVE CENTRE),18.27,10.21
797699,575954,THANGGAM LRT STATION (SW4),RAFFLES INSTITUTION (ADMINISTRATIVE CENTRE),16.6,9.55
797698,575954,FERNVALE LRT STATION (SW5),RAFFLES INSTITUTION (ADMINISTRATIVE CENTRE),17.37,9.54
797700,575954,LAYAR LRT STATION (SW6),RAFFLES INSTITUTION (ADMINISTRATIVE CENTRE),16.38,9.51
545050,575954,TONGKANG LRT STATION (SW7),RAFFLES INSTITUTION (ADMINISTRATIVE CENTRE),17.77,10.24
545049,575954,RENJONG LRT STATION (SW8),RAFFLES INSTITUTION (ADMINISTRATIVE CENTRE),17.55,9.34
828858,575954,COVE LRT STATION (PE1),RAFFLES INSTITUTION (ADMINISTRATIVE CENTRE),22.53,13.57
828857,575954,MERIDIAN LRT STATION (PE2),RAFFLES INSTITUTION (ADMINISTRATIVE CENTRE),23.32,13.99
828856,575954,CORAL EDGE LRT STATION (PE3),RAFFLES INSTITUTION (ADMINISTRATIVE CENTRE),23.07,11.75
828852,575954,RIVIERA LRT STATION (PE4),RAFFLES INSTITUTION (ADMINISTRATIVE CENTRE),23.08,11.77
828853,575954,KADALOOR LRT STATION (PE5),RAFFLES INSTITUTION (ADMINISTRATIVE CENTRE),24.97,12.54
828854,575954,OASIS LRT STATION (PE6),RAFFLES INSTITUTION (ADMINISTRATIVE CENTRE),25.17,14.75
828855,575954,DAMAI LRT STATION (PE7),RAFFLES INSTITUTION (ADMINISTRATIVE CENTRE),23.92,14.3
828851,575954,SAM KEE LRT STATION (PW1),RAFFLES INSTITUTION (ADMINISTRATIVE CENTRE),24.75,14.08
828861,575954,TECK LEE LRT STATION (PW2),RAFFLES INSTITUTION (ADMINISTRATIVE CENTRE),24.95,14.37
828644,575954,PUNGGOL POINT LRT STATION (PW3),RAFFLES INSTITUTION (ADMINISTRATIVE CENTRE),24.8,14.68
828645,575954,SAMUDERA LRT STATION (PW4),RAFFLES INSTITUTION (ADMINISTRATIVE CENTRE),23.72,14.1
828862,575954,NIBONG LRT STATION (PW5),RAFFLES INSTITUTION (ADMINISTRATIVE CENTRE),22.78,13.61
828863,575954,SUMANG LRT STATION (PW6),RAFFLES INSTITUTION (ADMINISTRATIVE CENTRE),21.98,13.18
828864,575954,SOO TECK LRT STATION (PW7),RAFFLES INSTITUTION (ADMINISTRATIVE CENTRE),21.28,12.81
238826,649961,DHOBY GHAUT MRT STATION (NS24 / NE6 / CC1),RIVER VALLEY HIGH SCHOOL,30.95,22.14
189561,649961,BRAS BASAH MRT STATION (CC2),RIVER VALLEY HIGH SCHOOL,30.2,22.24
189562,649961,ESPLANADE MRT STATION (CC3),RIVER VALLEY HIGH SCHOOL,31.3,22.74
039193,649961,PROMENADE MRT STATION (DT15 / CC4),RIVER VALLEY HIGH SCHOOL,34.05,22.78
038970,649961,NICOLL HIGHWAY MRT STATION (CC5),RIVER VALLEY HIGH SCHOOL,33.9,24.03
397692,649961,STADIUM MRT STATION (CC6),RIVER VALLEY HIGH SCHOOL,34.52,25.61
398006,649961,MOUNTBATTEN MRT STATION (CC7),RIVER VALLEY HIGH SCHOOL,33.25,25.21
397973,649961,DAKOTA MRT STATION (CC8),RIVER VALLEY HIGH SCHOOL,33.02,25.29
409006,649961,PAYA LEBAR MRT STATION (EW8 / CC9),RIVER VALLEY HIGH SCHOOL,31.63,24.87
409048,649961,MACPHERSON MRT STATION (DT26 / CC10),RIVER VALLEY HIGH SCHOOL,32.48,24.96
534803,649961,TAI SENG MRT STATION (CC11),RIVER VALLEY HIGH SCHOOL,32.87,23.88
539788,649961,BARTLEY MRT STATION (CC12),RIVER VALLEY HIGH SCHOOL,33.12,24.05
534801,649961,SERANGOON MRT STATION (NE12 / CC13),RIVER VALLEY HIGH SCHOOL,33.22,23.93
554533,649961,LORONG CHUAN MRT STATION (CC14),RIVER VALLEY HIGH SCHOOL,32.6,22.04
579827,649961,BISHAN MRT STATION (NS17 / CC15),RIVER VALLEY HIGH SCHOOL,28.35,20.07
573993,649961,MARYMOUNT MRT STATION (CC16),RIVER VALLEY HIGH SCHOOL,26.48,19.05
298113,649961,CALDECOTT MRT STATION (CC17 / TE9),RIVER VALLEY HIGH SCHOOL,26.07,18.63
257494,649961,BOTANIC GARDENS MRT STATION (CC19 / DT9),RIVER VALLEY HIGH SCHOOL,22.92,16.5
268857,649961,FARRER ROAD MRT STATION (CC20),RIVER VALLEY HIGH SCHOOL,24.87,14.48
278995,649961,HOLLAND VILLAGE MRT STATION (CC21),RIVER VALLEY HIGH SCHOOL,25.73,14.32
139345,649961,BUONA VISTA MRT STATION (CC22 / EW21),RIVER VALLEY HIGH SCHOOL,20.73,12.62
138647,649961,ONE-NORTH MRT STATION (CC23),RIVER VALLEY HIGH SCHOOL,21.88,14.54
118177,649961,KENT RIDGE MRT STATION (CC24),RIVER VALLEY HIGH SCHOOL,20.33,13.5
117396,649961,HAW PAR VILLA MRT STATION (CC25),RIVER VALLEY HIGH SCHOOL,23.2,14.56
117424,649961,PASIR PANJANG MRT STATION (CC26),RIVER VALLEY HIGH SCHOOL,24.57,16.21
109029,649961,LABRADOR PARK MRT STATION (CC27),RIVER VALLEY HIGH SCHOOL,24,16.56
109028,649961,TELOK BLANGAH MRT STATION (CC28),RIVER VALLEY HIGH SCHOOL,25.4,17.31
098867,649961,HARBOURFRONT MRT STATION (CC29 / NE1),RIVER VALLEY HIGH SCHOOL,28.27,19.89
099423,649961,KEPPEL MRT STATION (CC30),RIVER VALLEY HIGH SCHOOL,27.67,19.68
089395,649961,CANTONMENT MRT STATION (CC31),RIVER VALLEY HIGH SCHOOL,28.17,20.28
079122,649961,PRINCE EDWARD ROAD MRT STATION (CC32),RIVER VALLEY HIGH SCHOOL,28.78,20.65
018957,649961,BAYFRONT MRT STATION (DT16 / CE1),RIVER VALLEY HIGH SCHOOL,32.95,24.27
018925,649961,MARINA BAY MRT STATION (NS27 / TE20 / CE2),RIVER VALLEY HIGH SCHOOL,32.17,22.54
467356,649961,TANAH MERAH MRT STATION (EW4 / CG),RIVER VALLEY HIGH SCHOOL,41.38,32.22
486065,649961,EXPO MRT STATION (CG1 / DT35),RIVER VALLEY HIGH SCHOOL,43.18,33.3
819661,649961,CHANGI AIRPORT MRT STATION (CG2),RIVER VALLEY HIGH SCHOOL,46.68,38.23
678213,649961,BUKIT PANJANG MRT STATION (DT1 / BP6),RIVER VALLEY HIGH SCHOOL,17.02,11.46
679696,649961,CASHEW MRT STATION (DT2),RIVER VALLEY HIGH SCHOOL,19.32,12.58
678211,649961,HILLVIEW MRT STATION (DT3),RIVER VALLEY HIGH SCHOOL,18.9,9.61
589681,649961,HUME MRT STATION (DT4),RIVER VALLEY HIGH SCHOOL,19.67,10.04
588216,649961,BEAUTY WORLD MRT STATION (DT5),RIVER VALLEY HIGH SCHOOL,15.83,10.35
599987,649961,KING ALBERT PARK MRT STATION (DT6),RIVER VALLEY HIGH SCHOOL,15.85,10.25
269784,649961,SIXTH AVENUE MRT STATION (DT7),RIVER VALLEY HIGH SCHOOL,18.38,11.74
266268,649961,TAN KAH KEE MRT STATION (DT8),RIVER VALLEY HIGH SCHOOL,19.52,12.83
257877,649961,STEVENS MRT STATION (DT10 / TE11),RIVER VALLEY HIGH SCHOOL,24.18,17.8
228234,649961,NEWTON MRT STATION (NS21 / DT11),RIVER VALLEY HIGH SCHOOL,26.33,19
229900,649961,LITTLE INDIA MRT STATION (NE7 / DT12),RIVER VALLEY HIGH SCHOOL,29.07,20.42
188505,649961,ROCHOR MRT STATION (DT13),RIVER VALLEY HIGH SCHOOL,29.62,20.8
188022,649961,BUGIS MRT STATION (EW12 / DT14),RIVER VALLEY HIGH SCHOOL,30.73,21.37
018969,649961,DOWNTOWN MRT STATION (DT17),RIVER VALLEY HIGH SCHOOL,30.48,21.9
048416,649961,TELOK AYER MRT STATION (DT18),RIVER VALLEY HIGH SCHOOL,30.53,21.79
059443,649961,CHINATOWN MRT STATION (NE4 / DT19),RIVER VALLEY HIGH SCHOOL,27.98,20.64
179038,649961,FORT CANNING MRT STATION (DT20),RIVER VALLEY HIGH SCHOOL,28.88,21.02
189658,649961,BENCOOLEN MRT STATION (DT21),RIVER VALLEY HIGH SCHOOL,30.83,22.05
208826,649961,JALAN BESAR MRT STATION (DT22),RIVER VALLEY HIGH SCHOOL,30.78,21.3
339356,649961,BENDEMEER MRT STATION (DT23),RIVER VALLEY HIGH SCHOOL,30.27,21.46
339355,649961,GEYLANG BAHRU MRT STATION (DT24),RIVER VALLEY HIGH SCHOOL,31.62,23.5
379314,649961,MATTAR MRT STATION (DT25),RIVER VALLEY HIGH SCHOOL,33.12,23.93
408899,649961,UBI MRT STATION (DT27),RIVER VALLEY HIGH SCHOOL,33.03,25.72
415804,649961,KAKI BUKIT MRT STATION (DT28),RIVER VALLEY HIGH SCHOOL,35.03,27.11
479481,649961,BEDOK NORTH MRT STATION (DT29),RIVER VALLEY HIGH SCHOOL,37.87,28.12
469724,649961,BEDOK RESERVOIR MRT STATION (DT30),RIVER VALLEY HIGH SCHOOL,36,29.44
529683,649961,TAMPINES WEST MRT STATION (DT31),RIVER VALLEY HIGH SCHOOL,40.38,31.14
529538,649961,TAMPINES MRT STATION (EW2 / DT32),RIVER VALLEY HIGH SCHOOL,41.8,32.45
529623,649961,TAMPINES EAST MRT STATION (DT33),RIVER VALLEY HIGH SCHOOL,42.03,34.03
485990,649961,UPPER CHANGI MRT STATION (DT34),RIVER VALLEY HIGH SCHOOL,41.37,33.81
486800,649961,XILIN MRT STATION (DT36),RIVER VALLEY HIGH SCHOOL,41.93,33.38
469731,649961,SUNGEI BEDOK MRT STATION (TE31 / DT37),RIVER VALLEY HIGH SCHOOL,42.98,33.3
519634,649961,PASIR RIS MRT STATION (EW1),RIVER VALLEY HIGH SCHOOL,47.28,37.67
529888,649961,SIMEI MRT STATION (EW3),RIVER VALLEY HIGH SCHOOL,41.32,32.42
467347,649961,BEDOK MRT STATION (EW5),RIVER VALLEY HIGH SCHOOL,37.17,29.42
416551,649961,KEMBANGAN MRT STATION (EW6),RIVER VALLEY HIGH SCHOOL,35.88,27.99
409423,649961,EUNOS MRT STATION (EW7),RIVER VALLEY HIGH SCHOOL,32.3,26.53
388310,649961,ALJUNIED MRT STATION (EW9),RIVER VALLEY HIGH SCHOOL,32.22,24.63
387405,649961,KALLANG MRT STATION (EW10),RIVER VALLEY HIGH SCHOOL,30,23.64
208699,649961,LAVENDER MRT STATION (EW11),RIVER VALLEY HIGH SCHOOL,30.95,21.91
179100,649961,CITY HALL MRT STATION (NS25 / EW13),RIVER VALLEY HIGH SCHOOL,30.23,22.14
048618,649961,RAFFLES PLACE MRT STATION (NS26 / EW14),RIVER VALLEY HIGH SCHOOL,29.6,21.71
069119,649961,TANJONG PAGAR MRT STATION (EW15),RIVER VALLEY HIGH SCHOOL,29.9,21.4
169037,649961,OUTRAM PARK MRT STATION (EW16 / NE3 / TE17),RIVER VALLEY HIGH SCHOOL,26.35,19.81
168731,649961,TIONG BAHRU MRT STATION (EW17),RIVER VALLEY HIGH SCHOOL,26.13,18.82
158792,649961,REDHILL MRT STATION (EW18),RIVER VALLEY HIGH SCHOOL,25.97,17.55
149729,649961,QUEENSTOWN MRT STATION (EW19),RIVER VALLEY HIGH SCHOOL,24.52,16.82
149735,649961,COMMONWEALTH MRT STATION (EW20),RIVER VALLEY HIGH SCHOOL,24.07,16.14
138677,649961,DOVER MRT STATION (EW22),RIVER VALLEY HIGH SCHOOL,19.68,11.58
129580,649961,CLEMENTI MRT STATION (EW23),RIVER VALLEY HIGH SCHOOL,16.47,9.87
609690,649961,JURONG EAST MRT STATION (NS1 / EW24),RIVER VALLEY HIGH SCHOOL,10.48,5.1
609959,649961,CHINESE GARDEN MRT STATION (EW25),RIVER VALLEY HIGH SCHOOL,8.77,3.67
649845,649961,LAKESIDE MRT STATION (EW26),RIVER VALLEY HIGH SCHOOL,5.13,2
649846,649961,BOON LAY MRT STATION (EW27),RIVER VALLEY HIGH SCHOOL,3.93,1.45
648310,649961,PIONEER MRT STATION (EW28),RIVER VALLEY HIGH SCHOOL,6.42,2.25
629116,649961,JOO KOON MRT STATION (EW29),RIVER VALLEY HIGH SCHOOL,11.48,5.39
637288,649961,GUL CIRCLE MRT STATION (EW30),RIVER VALLEY HIGH SCHOOL,12.73,8.27
639608,649961,TUAS CRESCENT MRT STATION (EW31),RIVER VALLEY HIGH SCHOOL,19.88,11.7
639609,649961,TUAS WEST ROAD MRT STATION (EW32),RIVER VALLEY HIGH SCHOOL,18.27,11.69
638418,649961,TUAS LINK MRT STATION (EW33),RIVER VALLEY HIGH SCHOOL,18.8,12.6
059815,649961,CLARKE QUAY MRT STATION (NE5),RIVER VALLEY HIGH SCHOOL,29.57,21.76
218703,649961,FARRER PARK MRT STATION (NE8),RIVER VALLEY HIGH SCHOOL,30.23,21.22
328260,649961,BOON KENG MRT STATION (NE9),RIVER VALLEY HIGH SCHOOL,29.83,22.45
347694,649961,POTONG PASIR MRT STATION (NE10),RIVER VALLEY HIGH SCHOOL,27.97,21.66
347695,649961,WOODLEIGH MRT STATION (NE11),RIVER VALLEY HIGH SCHOOL,29.68,22.57
534799,649961,KOVAN MRT STATION (NE13),RIVER VALLEY HIGH SCHOOL,36.38,25.97
538758,649961,HOUGANG MRT STATION (NE14),RIVER VALLEY HIGH SCHOOL,39.58,27.33
545061,649961,BUANGKOK MRT STATION (NE15),RIVER VALLEY HIGH SCHOOL,42.12,30.38
545062,649961,SENGKANG LRT STATION (STC),RIVER VALLEY HIGH SCHOOL,42.13,32.8
828868,649961,PUNGGOL MRT STATION (NE17 / PTC),RIVER VALLEY HIGH SCHOOL,42.48,33.03
828604,649961,PUNGGOL COAST MRT STATION (NE18),RIVER VALLEY HIGH SCHOOL,44.15,34.12
659958,649961,BUKIT BATOK MRT STATION (NS2),RIVER VALLEY HIGH SCHOOL,13.9,6.62
659083,649961,BUKIT GOMBAK MRT STATION (NS3),RIVER VALLEY HIGH SCHOOL,14.25,7.23
689810,649961,CHOA CHU KANG MRT STATION (NS4 / BP1 / JS1),RIVER VALLEY HIGH SCHOOL,15.13,9.25
689715,649961,YEW TEE MRT STATION (NS5),RIVER VALLEY HIGH SCHOOL,16.18,9.9
738702,649961,KRANJI MRT STATION (NS7),RIVER VALLEY HIGH SCHOOL,24.17,15.19
739044,649961,MARSILING MRT STATION (NS8),RIVER VALLEY HIGH SCHOOL,23.9,17.41
738343,649961,WOODLANDS MRT STATION (NS9 / TE2),RIVER VALLEY HIGH SCHOOL,26.6,18.82
738344,649961,ADMIRALTY MRT STATION (NS10),RIVER VALLEY HIGH SCHOOL,30.08,20.42
759775,649961,SEMBAWANG MRT STATION (NS11),RIVER VALLEY HIGH SCHOOL,34,23
756972,649961,CANBERRA MRT STATION (NS12),RIVER VALLEY HIGH SCHOOL,36.5,24.23
769093,649961,YISHUN MRT STATION (NS13),RIVER VALLEY HIGH SCHOOL,37.25,23.33
769092,649961,KHATIB MRT STATION (NS14),RIVER VALLEY HIGH SCHOOL,34.73,22.12
569813,649961,YIO CHU KANG MRT STATION (NS15),RIVER VALLEY HIGH SCHOOL,34.07,23.03
569812,649961,ANG MO KIO MRT STATION (NS16),RIVER VALLEY HIGH SCHOOL,32.2,22.04
319756,649961,BRADDELL MRT STATION (NS18),RIVER VALLEY HIGH SCHOOL,27.1,20.37
319398,649961,TOA PAYOH MRT STATION (NS19),RIVER VALLEY HIGH SCHOOL,26.65,19.84
307642,649961,NOVENA MRT STATION (NS20),RIVER VALLEY HIGH SCHOOL,27.48,19.46
238878,649961,ORCHARD MRT STATION (TE14 / NS22),RIVER VALLEY HIGH SCHOOL,28,19.87
238162,649961,SOMERSET MRT STATION (NE23),RIVER VALLEY HIGH SCHOOL,29.48,20.7
018948,649961,MARINA SOUTH PIER MRT STATION (NS28),RIVER VALLEY HIGH SCHOOL,31.8,23.79
737668,649961,WOODLANDS NORTH MRT STATION (TE1),RIVER VALLEY HIGH SCHOOL,30.28,20.8
737741,649961,WOODLANDS SOUTH MRT STATION (TE3),RIVER VALLEY HIGH SCHOOL,30.32,20.24
787140,649961,SPRINGLEAF MRT STATION (TE4),RIVER VALLEY HIGH SCHOOL,31.52,23.38
789361,649961,LENTOR MRT STATION (TE5),RIVER VALLEY HIGH SCHOOL,37.15,26.68
569900,649961,MAYFLOWER MRT STATION (TE6),RIVER VALLEY HIGH SCHOOL,35.35,23.64
575737,649961,BRIGHT HILL MRT STATION (TE7),RIVER VALLEY HIGH SCHOOL,31.55,21.41
577937,649961,UPPER THOMSON MRT STATION (TE8),RIVER VALLEY HIGH SCHOOL,27.75,19.77
299781,649961,MOUNT PLEASANT MRT STATION (TE10),RIVER VALLEY HIGH SCHOOL,26.33,19.14
258511,649961,NAPIER MRT STATION (TE12),RIVER VALLEY HIGH SCHOOL,28.85,19.92
248654,649961,ORCHARD BOULEVARD MRT STATION (TE13),RIVER VALLEY HIGH SCHOOL,30.42,21.16
238384,649961,GREAT WORLD MRT STATION (TE15),RIVER VALLEY HIGH SCHOOL,29.93,21.46
168604,649961,HAVELOCK MRT STATION (TE16),RIVER VALLEY HIGH SCHOOL,29.6,21.25
058841,649961,MAXWELL MRT STATION (TE18),RIVER VALLEY HIGH SCHOOL,29.7,21.21
018928,649961,SHENTON WAY MRT STATION (TE19),RIVER VALLEY HIGH SCHOOL,30.5,21.37
019397,649961,MARINA SOUTH MRT STATION (TE21),RIVER VALLEY HIGH SCHOOL,30.65,23.13
019396,649961,GARDENS BY THE BAY MRT STATION (TE22),RIVER VALLEY HIGH SCHOOL,32.95,24.25
436488,649961,TANJONG RHU MRT STATION (TE23),RIVER VALLEY HIGH SCHOOL,36.12,26.26
437870,649961,KATONG PARK MRT STATION (TE24),RIVER VALLEY HIGH SCHOOL,33.98,25.72
439846,649961,TANJONG KATONG MRT STATION (TE25),RIVER VALLEY HIGH SCHOOL,36.08,26.87
449971,649961,MARINE PARADE MRT STATION (TE26),RIVER VALLEY HIGH SCHOOL,37.45,27.9
449970,649961,MARINE TERRACE MRT STATION (TE27),RIVER VALLEY HIGH SCHOOL,37.98,28.69
449969,649961,SIGLAP MRT STATION (TE28),RIVER VALLEY HIGH SCHOOL,40.18,30.28
469958,649961,BAYSHORE MRT STATION (TE29),RIVER VALLEY HIGH SCHOOL,41.7,31.62
468324,649961,BEDOK SOUTH MRT STATION (TE30),RIVER VALLEY HIGH SCHOOL,42.78,32.37
688265,649961,SOUTH VIEW LRT STATION (BP2),RIVER VALLEY HIGH SCHOOL,14.27,9.05
688266,649961,KEAT HONG LRT STATION (BP3),RIVER VALLEY HIGH SCHOOL,15.12,9.51
688267,649961,TECK WHYE LRT STATION (BP4),RIVER VALLEY HIGH SCHOOL,18.45,11.15
689483,649961,PHOENIX LRT STATION (BP5),RIVER VALLEY HIGH SCHOOL,17.23,10.63
678269,649961,PETIR LRT STATION (BP7),RIVER VALLEY HIGH SCHOOL,18.63,12.18
678296,649961,PENDING LRT STATION (BP8),RIVER VALLEY HIGH SCHOOL,19.83,12.82
679939,649961,BANGKIT LRT STATION (BP9),RIVER VALLEY HIGH SCHOOL,20.12,13.01
679004,649961,FAJAR LRT STATION (BP10),RIVER VALLEY HIGH SCHOOL,20.88,12.93
679940,649961,SEGAR LRT STATION (BP11),RIVER VALLEY HIGH SCHOOL,19.27,12.32
679941,649961,JELAPANG LRT STATION (BP12),RIVER VALLEY HIGH SCHOOL,18,11.65
679942,649961,SENJA LRT STATION (BP13),RIVER VALLEY HIGH SCHOOL,17.72,11.49
545055,649961,COMPASSVALE LRT STATION (SE1),RIVER VALLEY HIGH SCHOOL,41.83,32.7
545054,649961,RUMBIA LRT STATION (SE2),RIVER VALLEY HIGH SCHOOL,41.95,32.89
545053,649961,BAKAU LRT STATION (SE3),RIVER VALLEY HIGH SCHOOL,41.23,32.52
545052,649961,KANGKAR LRT STATION (SE4),RIVER VALLEY HIGH SCHOOL,40.2,31.95
545046,649961,RANGGUNG LRT STATION (SE5),RIVER VALLEY HIGH SCHOOL,42.23,32.63
545047,649961,CHENG LIM LRT STATION (SW1),RIVER VALLEY HIGH SCHOOL,40.62,32.04
545048,649961,FARMWAY LRT STATION (SW2),RIVER VALLEY HIGH SCHOOL,43.53,32.97
797697,649961,KUPANG LRT STATION (SW3),RIVER VALLEY HIGH SCHOOL,41.8,30.85
797699,649961,THANGGAM LRT STATION (SW4),RIVER VALLEY HIGH SCHOOL,40.18,30.21
797698,649961,FERNVALE LRT STATION (SW5),RIVER VALLEY HIGH SCHOOL,39.47,30.28
797700,649961,LAYAR LRT STATION (SW6),RIVER VALLEY HIGH SCHOOL,40.17,30.66
545050,649961,TONGKANG LRT STATION (SW7),RIVER VALLEY HIGH SCHOOL,41.58,31.42
545049,649961,RENJONG LRT STATION (SW8),RIVER VALLEY HIGH SCHOOL,44.15,31.27
828858,649961,COVE LRT STATION (PE1),RIVER VALLEY HIGH SCHOOL,43.02,33.24
828857,649961,MERIDIAN LRT STATION (PE2),RIVER VALLEY HIGH SCHOOL,43.7,33.56
828856,649961,CORAL EDGE LRT STATION (PE3),RIVER VALLEY HIGH SCHOOL,45.17,34.68
828852,649961,RIVIERA LRT STATION (PE4),RIVER VALLEY HIGH SCHOOL,42.53,33.8
828853,649961,KADALOOR LRT STATION (PE5),RIVER VALLEY HIGH SCHOOL,45.43,34.82
828854,649961,OASIS LRT STATION (PE6),RIVER VALLEY HIGH SCHOOL,44.87,34.81
828855,649961,DAMAI LRT STATION (PE7),RIVER VALLEY HIGH SCHOOL,43.68,33.81
828851,649961,SAM KEE LRT STATION (PW1),RIVER VALLEY HIGH SCHOOL,44.55,33.62
828861,649961,TECK LEE LRT STATION (PW2),RIVER VALLEY HIGH SCHOOL,43.52,33.4
828644,649961,PUNGGOL POINT LRT STATION (PW3),RIVER VALLEY HIGH SCHOOL,44.53,34.18
828645,649961,SAMUDERA LRT STATION (PW4),RIVER VALLEY HIGH SCHOOL,43.45,33.61
828862,649961,NIBONG LRT STATION (PW5),RIVER VALLEY HIGH SCHOOL,42.57,33.13
828863,649961,SUMANG LRT STATION (PW6),RIVER VALLEY HIGH SCHOOL,44.75,33.34
828864,649961,SOO TECK LRT STATION (PW7),RIVER VALLEY HIGH SCHOOL,41.83,32.47
238826,357691,DHOBY GHAUT MRT STATION (NS24 / NE6 / CC1),SAINT ANDREW'S JUNIOR COLLEGE,11.95,5.82
189561,357691,BRAS BASAH MRT STATION (CC2),SAINT ANDREW'S JUNIOR COLLEGE,12.53,6.02
189562,357691,ESPLANADE MRT STATION (CC3),SAINT ANDREW'S JUNIOR COLLEGE,13.75,6.59
039193,357691,PROMENADE MRT STATION (DT15 / CC4),SAINT ANDREW'S JUNIOR COLLEGE,14.97,7.04
038970,357691,NICOLL HIGHWAY MRT STATION (CC5),SAINT ANDREW'S JUNIOR COLLEGE,13.35,6.45
397692,357691,STADIUM MRT STATION (CC6),SAINT ANDREW'S JUNIOR COLLEGE,16.57,7.21
398006,357691,MOUNTBATTEN MRT STATION (CC7),SAINT ANDREW'S JUNIOR COLLEGE,13.85,6.05
397973,357691,DAKOTA MRT STATION (CC8),SAINT ANDREW'S JUNIOR COLLEGE,13.3,6.93
409006,357691,PAYA LEBAR MRT STATION (EW8 / CC9),SAINT ANDREW'S JUNIOR COLLEGE,10.2,5.23
409048,357691,MACPHERSON MRT STATION (DT26 / CC10),SAINT ANDREW'S JUNIOR COLLEGE,11.05,5.32
534803,357691,TAI SENG MRT STATION (CC11),SAINT ANDREW'S JUNIOR COLLEGE,9.77,4.22
539788,357691,BARTLEY MRT STATION (CC12),SAINT ANDREW'S JUNIOR COLLEGE,7.98,3.38
534801,357691,SERANGOON MRT STATION (NE12 / CC13),SAINT ANDREW'S JUNIOR COLLEGE,8.07,3.25
554533,357691,LORONG CHUAN MRT STATION (CC14),SAINT ANDREW'S JUNIOR COLLEGE,10.95,4.68
579827,357691,BISHAN MRT STATION (NS17 / CC15),SAINT ANDREW'S JUNIOR COLLEGE,12.3,5.58
573993,357691,MARYMOUNT MRT STATION (CC16),SAINT ANDREW'S JUNIOR COLLEGE,12.77,7.17
298113,357691,CALDECOTT MRT STATION (CC17 / TE9),SAINT ANDREW'S JUNIOR COLLEGE,10.97,6.04
257494,357691,BOTANIC GARDENS MRT STATION (CC19 / DT9),SAINT ANDREW'S JUNIOR COLLEGE,15.27,8.82
268857,357691,FARRER ROAD MRT STATION (CC20),SAINT ANDREW'S JUNIOR COLLEGE,17.67,9.75
278995,357691,HOLLAND VILLAGE MRT STATION (CC21),SAINT ANDREW'S JUNIOR COLLEGE,19.52,11.09
139345,357691,BUONA VISTA MRT STATION (CC22 / EW21),SAINT ANDREW'S JUNIOR COLLEGE,22.35,12.54
138647,357691,ONE-NORTH MRT STATION (CC23),SAINT ANDREW'S JUNIOR COLLEGE,23.33,16.9
118177,357691,KENT RIDGE MRT STATION (CC24),SAINT ANDREW'S JUNIOR COLLEGE,23.07,16.46
117396,357691,HAW PAR VILLA MRT STATION (CC25),SAINT ANDREW'S JUNIOR COLLEGE,27.1,16.83
117424,357691,PASIR PANJANG MRT STATION (CC26),SAINT ANDREW'S JUNIOR COLLEGE,26.42,15.87
109029,357691,LABRADOR PARK MRT STATION (CC27),SAINT ANDREW'S JUNIOR COLLEGE,22.6,14.38
109028,357691,TELOK BLANGAH MRT STATION (CC28),SAINT ANDREW'S JUNIOR COLLEGE,24,15.13
098867,357691,HARBOURFRONT MRT STATION (CC29 / NE1),SAINT ANDREW'S JUNIOR COLLEGE,21.18,13.53
099423,357691,KEPPEL MRT STATION (CC30),SAINT ANDREW'S JUNIOR COLLEGE,20.57,13.32
089395,357691,CANTONMENT MRT STATION (CC31),SAINT ANDREW'S JUNIOR COLLEGE,17.82,11.28
079122,357691,PRINCE EDWARD ROAD MRT STATION (CC32),SAINT ANDREW'S JUNIOR COLLEGE,17.77,11.14
018957,357691,BAYFRONT MRT STATION (DT16 / CE1),SAINT ANDREW'S JUNIOR COLLEGE,16.62,8.15
018925,357691,MARINA BAY MRT STATION (NS27 / TE20 / CE2),SAINT ANDREW'S JUNIOR COLLEGE,18,11.04
467356,357691,TANAH MERAH MRT STATION (EW4 / CG),SAINT ANDREW'S JUNIOR COLLEGE,19.95,12.58
486065,357691,EXPO MRT STATION (CG1 / DT35),SAINT ANDREW'S JUNIOR COLLEGE,21.75,13.66
819661,357691,CHANGI AIRPORT MRT STATION (CG2),SAINT ANDREW'S JUNIOR COLLEGE,25.25,18.59
678213,357691,BUKIT PANJANG MRT STATION (DT1 / BP6),SAINT ANDREW'S JUNIOR COLLEGE,23.95,16.64
679696,357691,CASHEW MRT STATION (DT2),SAINT ANDREW'S JUNIOR COLLEGE,24.13,15.5
678211,357691,HILLVIEW MRT STATION (DT3),SAINT ANDREW'S JUNIOR COLLEGE,22.92,14.89
589681,357691,HUME MRT STATION (DT4),SAINT ANDREW'S JUNIOR COLLEGE,24.48,15.72
588216,357691,BEAUTY WORLD MRT STATION (DT5),SAINT ANDREW'S JUNIOR COLLEGE,18.27,13.39
599987,357691,KING ALBERT PARK MRT STATION (DT6),SAINT ANDREW'S JUNIOR COLLEGE,19.82,14.09
269784,357691,SIXTH AVENUE MRT STATION (DT7),SAINT ANDREW'S JUNIOR COLLEGE,18.03,11.62
266268,357691,TAN KAH KEE MRT STATION (DT8),SAINT ANDREW'S JUNIOR COLLEGE,18.42,10.51
257877,357691,STEVENS MRT STATION (DT10 / TE11),SAINT ANDREW'S JUNIOR COLLEGE,13.28,7.74
228234,357691,NEWTON MRT STATION (NS21 / DT11),SAINT ANDREW'S JUNIOR COLLEGE,11.73,6.64
229900,357691,LITTLE INDIA MRT STATION (NE7 / DT12),SAINT ANDREW'S JUNIOR COLLEGE,11.97,6.71
188505,357691,ROCHOR MRT STATION (DT13),SAINT ANDREW'S JUNIOR COLLEGE,10.53,5.07
188022,357691,BUGIS MRT STATION (EW12 / DT14),SAINT ANDREW'S JUNIOR COLLEGE,11.3,5.47
018969,357691,DOWNTOWN MRT STATION (DT17),SAINT ANDREW'S JUNIOR COLLEGE,16.32,10.41
048416,357691,TELOK AYER MRT STATION (DT18),SAINT ANDREW'S JUNIOR COLLEGE,16.37,10.29
059443,357691,CHINATOWN MRT STATION (NE4 / DT19),SAINT ANDREW'S JUNIOR COLLEGE,15.23,9.83
179038,357691,FORT CANNING MRT STATION (DT20),SAINT ANDREW'S JUNIOR COLLEGE,13.97,8.37
189658,357691,BENCOOLEN MRT STATION (DT21),SAINT ANDREW'S JUNIOR COLLEGE,12.28,5.99
208826,357691,JALAN BESAR MRT STATION (DT22),SAINT ANDREW'S JUNIOR COLLEGE,11.52,5.22
339356,357691,BENDEMEER MRT STATION (DT23),SAINT ANDREW'S JUNIOR COLLEGE,8.63,3.81
339355,357691,GEYLANG BAHRU MRT STATION (DT24),SAINT ANDREW'S JUNIOR COLLEGE,8.55,3.86
379314,357691,MATTAR MRT STATION (DT25),SAINT ANDREW'S JUNIOR COLLEGE,10.02,4.27
408899,357691,UBI MRT STATION (DT27),SAINT ANDREW'S JUNIOR COLLEGE,11.6,6.08
415804,357691,KAKI BUKIT MRT STATION (DT28),SAINT ANDREW'S JUNIOR COLLEGE,13.6,7.47
479481,357691,BEDOK NORTH MRT STATION (DT29),SAINT ANDREW'S JUNIOR COLLEGE,16.43,8.48
469724,357691,BEDOK RESERVOIR MRT STATION (DT30),SAINT ANDREW'S JUNIOR COLLEGE,14.57,9.8
529683,357691,TAMPINES WEST MRT STATION (DT31),SAINT ANDREW'S JUNIOR COLLEGE,18.95,11.5
529538,357691,TAMPINES MRT STATION (EW2 / DT32),SAINT ANDREW'S JUNIOR COLLEGE,20.37,12.81
529623,357691,TAMPINES EAST MRT STATION (DT33),SAINT ANDREW'S JUNIOR COLLEGE,20.6,14.39
485990,357691,UPPER CHANGI MRT STATION (DT34),SAINT ANDREW'S JUNIOR COLLEGE,19.95,14.17
486800,357691,XILIN MRT STATION (DT36),SAINT ANDREW'S JUNIOR COLLEGE,20.5,13.74
469731,357691,SUNGEI BEDOK MRT STATION (TE31 / DT37),SAINT ANDREW'S JUNIOR COLLEGE,22.8,13.84
519634,357691,PASIR RIS MRT STATION (EW1),SAINT ANDREW'S JUNIOR COLLEGE,25.87,18.03
529888,357691,SIMEI MRT STATION (EW3),SAINT ANDREW'S JUNIOR COLLEGE,19.88,12.78
467347,357691,BEDOK MRT STATION (EW5),SAINT ANDREW'S JUNIOR COLLEGE,15.73,9.78
416551,357691,KEMBANGAN MRT STATION (EW6),SAINT ANDREW'S JUNIOR COLLEGE,14.45,8.35
409423,357691,EUNOS MRT STATION (EW7),SAINT ANDREW'S JUNIOR COLLEGE,12.12,7.08
388310,357691,ALJUNIED MRT STATION (EW9),SAINT ANDREW'S JUNIOR COLLEGE,11.82,5.43
387405,357691,KALLANG MRT STATION (EW10),SAINT ANDREW'S JUNIOR COLLEGE,10.85,4.65
208699,357691,LAVENDER MRT STATION (EW11),SAINT ANDREW'S JUNIOR COLLEGE,9.45,4.48
179100,357691,CITY HALL MRT STATION (NS25 / EW13),SAINT ANDREW'S JUNIOR COLLEGE,13.32,6.45
048618,357691,RAFFLES PLACE MRT STATION (NS26 / EW14),SAINT ANDREW'S JUNIOR COLLEGE,16.47,7.93
069119,357691,TANJONG PAGAR MRT STATION (EW15),SAINT ANDREW'S JUNIOR COLLEGE,17.17,10.77
169037,357691,OUTRAM PARK MRT STATION (EW16 / NE3 / TE17),SAINT ANDREW'S JUNIOR COLLEGE,14.97,9.97
168731,357691,TIONG BAHRU MRT STATION (EW17),SAINT ANDREW'S JUNIOR COLLEGE,16.78,10.85
158792,357691,REDHILL MRT STATION (EW18),SAINT ANDREW'S JUNIOR COLLEGE,18.95,10.77
149729,357691,QUEENSTOWN MRT STATION (EW19),SAINT ANDREW'S JUNIOR COLLEGE,20.5,11.58
149735,357691,COMMONWEALTH MRT STATION (EW20),SAINT ANDREW'S JUNIOR COLLEGE,20.87,11.78
138677,357691,DOVER MRT STATION (EW22),SAINT ANDREW'S JUNIOR COLLEGE,24.65,13.76
129580,357691,CLEMENTI MRT STATION (EW23),SAINT ANDREW'S JUNIOR COLLEGE,24.15,17.11
609690,357691,JURONG EAST MRT STATION (NS1 / EW24),SAINT ANDREW'S JUNIOR COLLEGE,25.02,18.47
609959,357691,CHINESE GARDEN MRT STATION (EW25),SAINT ANDREW'S JUNIOR COLLEGE,27.43,20.12
649845,357691,LAKESIDE MRT STATION (EW26),SAINT ANDREW'S JUNIOR COLLEGE,27.47,20.53
649846,357691,BOON LAY MRT STATION (EW27),SAINT ANDREW'S JUNIOR COLLEGE,30.58,22.21
648310,357691,PIONEER MRT STATION (EW28),SAINT ANDREW'S JUNIOR COLLEGE,32.57,26.23
629116,357691,JOO KOON MRT STATION (EW29),SAINT ANDREW'S JUNIOR COLLEGE,34.75,28.36
637288,357691,GUL CIRCLE MRT STATION (EW30),SAINT ANDREW'S JUNIOR COLLEGE,35.22,29.63
639608,357691,TUAS CRESCENT MRT STATION (EW31),SAINT ANDREW'S JUNIOR COLLEGE,42.37,33.06
639609,357691,TUAS WEST ROAD MRT STATION (EW32),SAINT ANDREW'S JUNIOR COLLEGE,40.75,33.05
638418,357691,TUAS LINK MRT STATION (EW33),SAINT ANDREW'S JUNIOR COLLEGE,41.28,33.96
059815,357691,CLARKE QUAY MRT STATION (NE5),SAINT ANDREW'S JUNIOR COLLEGE,15.68,10.09
218703,357691,FARRER PARK MRT STATION (NE8),SAINT ANDREW'S JUNIOR COLLEGE,8.78,4.04
328260,357691,BOON KENG MRT STATION (NE9),SAINT ANDREW'S JUNIOR COLLEGE,6.77,2.81
347694,357691,POTONG PASIR MRT STATION (NE10),SAINT ANDREW'S JUNIOR COLLEGE,4.92,2
347695,357691,WOODLEIGH MRT STATION (NE11),SAINT ANDREW'S JUNIOR COLLEGE,4.53,1.89
534799,357691,KOVAN MRT STATION (NE13),SAINT ANDREW'S JUNIOR COLLEGE,11.25,5.29
538758,357691,HOUGANG MRT STATION (NE14),SAINT ANDREW'S JUNIOR COLLEGE,14.45,6.65
545061,357691,BUANGKOK MRT STATION (NE15),SAINT ANDREW'S JUNIOR COLLEGE,17.83,8.66
545062,357691,SENGKANG LRT STATION (STC),SAINT ANDREW'S JUNIOR COLLEGE,19.38,9.43
828868,357691,PUNGGOL MRT STATION (NE17 / PTC),SAINT ANDREW'S JUNIOR COLLEGE,22.28,11.27
828604,357691,PUNGGOL COAST MRT STATION (NE18),SAINT ANDREW'S JUNIOR COLLEGE,24.68,12.54
659958,357691,BUKIT BATOK MRT STATION (NS2),SAINT ANDREW'S JUNIOR COLLEGE,26.55,17.32
659083,357691,BUKIT GOMBAK MRT STATION (NS3),SAINT ANDREW'S JUNIOR COLLEGE,26.53,17.33
689810,357691,CHOA CHU KANG MRT STATION (NS4 / BP1 / JS1),SAINT ANDREW'S JUNIOR COLLEGE,28.37,20.92
689715,357691,YEW TEE MRT STATION (NS5),SAINT ANDREW'S JUNIOR COLLEGE,28.23,21.02
738702,357691,KRANJI MRT STATION (NS7),SAINT ANDREW'S JUNIOR COLLEGE,28.33,21.84
739044,357691,MARSILING MRT STATION (NS8),SAINT ANDREW'S JUNIOR COLLEGE,27.32,21.28
738343,357691,WOODLANDS MRT STATION (NS9 / TE2),SAINT ANDREW'S JUNIOR COLLEGE,30.02,22.68
738344,357691,ADMIRALTY MRT STATION (NS10),SAINT ANDREW'S JUNIOR COLLEGE,29.52,21.01
759775,357691,SEMBAWANG MRT STATION (NS11),SAINT ANDREW'S JUNIOR COLLEGE,31.2,19.58
756972,357691,CANBERRA MRT STATION (NS12),SAINT ANDREW'S JUNIOR COLLEGE,28.8,18.42
769093,357691,YISHUN MRT STATION (NS13),SAINT ANDREW'S JUNIOR COLLEGE,25.6,16.71
769092,357691,KHATIB MRT STATION (NS14),SAINT ANDREW'S JUNIOR COLLEGE,23.07,15.36
569813,357691,YIO CHU KANG MRT STATION (NS15),SAINT ANDREW'S JUNIOR COLLEGE,16.42,8.6
569812,357691,ANG MO KIO MRT STATION (NS16),SAINT ANDREW'S JUNIOR COLLEGE,13.07,6.92
319756,357691,BRADDELL MRT STATION (NS18),SAINT ANDREW'S JUNIOR COLLEGE,9.68,5.21
319398,357691,TOA PAYOH MRT STATION (NS19),SAINT ANDREW'S JUNIOR COLLEGE,9.25,4.67
307642,357691,NOVENA MRT STATION (NS20),SAINT ANDREW'S JUNIOR COLLEGE,11.08,5.57
238878,357691,ORCHARD MRT STATION (TE14 / NS22),SAINT ANDREW'S JUNIOR COLLEGE,13.37,7.72
238162,357691,SOMERSET MRT STATION (NE23),SAINT ANDREW'S JUNIOR COLLEGE,13.62,7.99
018948,357691,MARINA SOUTH PIER MRT STATION (NS28),SAINT ANDREW'S JUNIOR COLLEGE,21.43,10.51
737668,357691,WOODLANDS NORTH MRT STATION (TE1),SAINT ANDREW'S JUNIOR COLLEGE,33.7,24.66
737741,357691,WOODLANDS SOUTH MRT STATION (TE3),SAINT ANDREW'S JUNIOR COLLEGE,28,19.86
787140,357691,SPRINGLEAF MRT STATION (TE4),SAINT ANDREW'S JUNIOR COLLEGE,20.42,14.55
789361,357691,LENTOR MRT STATION (TE5),SAINT ANDREW'S JUNIOR COLLEGE,19.9,11.14
569900,357691,MAYFLOWER MRT STATION (TE6),SAINT ANDREW'S JUNIOR COLLEGE,17.77,10.23
575737,357691,BRIGHT HILL MRT STATION (TE7),SAINT ANDREW'S JUNIOR COLLEGE,16.22,8.27
577937,357691,UPPER THOMSON MRT STATION (TE8),SAINT ANDREW'S JUNIOR COLLEGE,14.5,8.01
299781,357691,MOUNT PLEASANT MRT STATION (TE10),SAINT ANDREW'S JUNIOR COLLEGE,10.02,5.4
258511,357691,NAPIER MRT STATION (TE12),SAINT ANDREW'S JUNIOR COLLEGE,16.12,9.27
248654,357691,ORCHARD BOULEVARD MRT STATION (TE13),SAINT ANDREW'S JUNIOR COLLEGE,15.62,9.1
238384,357691,GREAT WORLD MRT STATION (TE15),SAINT ANDREW'S JUNIOR COLLEGE,15.83,8.65
168604,357691,HAVELOCK MRT STATION (TE16),SAINT ANDREW'S JUNIOR COLLEGE,17.97,10.1
058841,357691,MAXWELL MRT STATION (TE18),SAINT ANDREW'S JUNIOR COLLEGE,16.92,10.24
018928,357691,SHENTON WAY MRT STATION (TE19),SAINT ANDREW'S JUNIOR COLLEGE,17.33,10.74
019397,357691,MARINA SOUTH MRT STATION (TE21),SAINT ANDREW'S JUNIOR COLLEGE,19.7,12.48
019396,357691,GARDENS BY THE BAY MRT STATION (TE22),SAINT ANDREW'S JUNIOR COLLEGE,20.78,10.24
436488,357691,TANJONG RHU MRT STATION (TE23),SAINT ANDREW'S JUNIOR COLLEGE,18.15,7.85
437870,357691,KATONG PARK MRT STATION (TE24),SAINT ANDREW'S JUNIOR COLLEGE,16.03,7.32
439846,357691,TANJONG KATONG MRT STATION (TE25),SAINT ANDREW'S JUNIOR COLLEGE,15.4,7.71
449971,357691,MARINE PARADE MRT STATION (TE26),SAINT ANDREW'S JUNIOR COLLEGE,16.02,8.26
449970,357691,MARINE TERRACE MRT STATION (TE27),SAINT ANDREW'S JUNIOR COLLEGE,16.55,9.05
449969,357691,SIGLAP MRT STATION (TE28),SAINT ANDREW'S JUNIOR COLLEGE,18.75,10.64
469958,357691,BAYSHORE MRT STATION (TE29),SAINT ANDREW'S JUNIOR COLLEGE,20.27,11.98
468324,357691,BEDOK SOUTH MRT STATION (TE30),SAINT ANDREW'S JUNIOR COLLEGE,22.6,12.92
688265,357691,SOUTH VIEW LRT STATION (BP2),SAINT ANDREW'S JUNIOR COLLEGE,27.45,18.56
688266,357691,KEAT HONG LRT STATION (BP3),SAINT ANDREW'S JUNIOR COLLEGE,26.58,18.1
688267,357691,TECK WHYE LRT STATION (BP4),SAINT ANDREW'S JUNIOR COLLEGE,25.57,17.56
689483,357691,PHOENIX LRT STATION (BP5),SAINT ANDREW'S JUNIOR COLLEGE,24.4,16.98
678269,357691,PETIR LRT STATION (BP7),SAINT ANDREW'S JUNIOR COLLEGE,22.8,16.06
678296,357691,PENDING LRT STATION (BP8),SAINT ANDREW'S JUNIOR COLLEGE,21.53,15.44
679939,357691,BANGKIT LRT STATION (BP9),SAINT ANDREW'S JUNIOR COLLEGE,21.83,15.56
679004,357691,FAJAR LRT STATION (BP10),SAINT ANDREW'S JUNIOR COLLEGE,24.25,16.62
679940,357691,SEGAR LRT STATION (BP11),SAINT ANDREW'S JUNIOR COLLEGE,23.8,16.61
679941,357691,JELAPANG LRT STATION (BP12),SAINT ANDREW'S JUNIOR COLLEGE,24.68,17.09
679942,357691,SENJA LRT STATION (BP13),SAINT ANDREW'S JUNIOR COLLEGE,23.68,16.56
545055,357691,COMPASSVALE LRT STATION (SE1),SAINT ANDREW'S JUNIOR COLLEGE,19.5,9.78
545054,357691,RUMBIA LRT STATION (SE2),SAINT ANDREW'S JUNIOR COLLEGE,18.93,9.51
545053,357691,BAKAU LRT STATION (SE3),SAINT ANDREW'S JUNIOR COLLEGE,18.23,9.13
545052,357691,KANGKAR LRT STATION (SE4),SAINT ANDREW'S JUNIOR COLLEGE,17.18,8.57
545046,357691,RANGGUNG LRT STATION (SE5),SAINT ANDREW'S JUNIOR COLLEGE,18.55,8.82
545047,357691,CHENG LIM LRT STATION (SW1),SAINT ANDREW'S JUNIOR COLLEGE,20.35,9.75
545048,357691,FARMWAY LRT STATION (SW2),SAINT ANDREW'S JUNIOR COLLEGE,23.28,10.68
797697,357691,KUPANG LRT STATION (SW3),SAINT ANDREW'S JUNIOR COLLEGE,20.53,12.39
797699,357691,THANGGAM LRT STATION (SW4),SAINT ANDREW'S JUNIOR COLLEGE,18.92,11.75
797698,357691,FERNVALE LRT STATION (SW5),SAINT ANDREW'S JUNIOR COLLEGE,18.02,11.32
797700,357691,LAYAR LRT STATION (SW6),SAINT ANDREW'S JUNIOR COLLEGE,18.7,11.71
545050,357691,TONGKANG LRT STATION (SW7),SAINT ANDREW'S JUNIOR COLLEGE,19.38,9.24
545049,357691,RENJONG LRT STATION (SW8),SAINT ANDREW'S JUNIOR COLLEGE,21.12,9.44
828858,357691,COVE LRT STATION (PE1),SAINT ANDREW'S JUNIOR COLLEGE,21.7,10.69
828857,357691,MERIDIAN LRT STATION (PE2),SAINT ANDREW'S JUNIOR COLLEGE,22.38,11.01
828856,357691,CORAL EDGE LRT STATION (PE3),SAINT ANDREW'S JUNIOR COLLEGE,22.73,10.92
828852,357691,RIVIERA LRT STATION (PE4),SAINT ANDREW'S JUNIOR COLLEGE,20.1,10.19
828853,357691,KADALOOR LRT STATION (PE5),SAINT ANDREW'S JUNIOR COLLEGE,23.57,11.47
828854,357691,OASIS LRT STATION (PE6),SAINT ANDREW'S JUNIOR COLLEGE,23,11.46
828855,357691,DAMAI LRT STATION (PE7),SAINT ANDREW'S JUNIOR COLLEGE,22.37,11.26
828851,357691,SAM KEE LRT STATION (PW1),SAINT ANDREW'S JUNIOR COLLEGE,23.87,11.8
828861,357691,TECK LEE LRT STATION (PW2),SAINT ANDREW'S JUNIOR COLLEGE,24.4,12.11
828644,357691,PUNGGOL POINT LRT STATION (PW3),SAINT ANDREW'S JUNIOR COLLEGE,25.48,12.97
828645,357691,SAMUDERA LRT STATION (PW4),SAINT ANDREW'S JUNIOR COLLEGE,24.57,12.04
828862,357691,NIBONG LRT STATION (PW5),SAINT ANDREW'S JUNIOR COLLEGE,23.68,11.57
828863,357691,SUMANG LRT STATION (PW6),SAINT ANDREW'S JUNIOR COLLEGE,25.83,12.54
828864,357691,SOO TECK LRT STATION (PW7),SAINT ANDREW'S JUNIOR COLLEGE,22.95,10.91
238826,518799,DHOBY GHAUT MRT STATION (NS24 / NE6 / CC1),TAMPINES MERIDIAN JUNIOR COLLEGE,28.3,17.49
189561,518799,BRAS BASAH MRT STATION (CC2),TAMPINES MERIDIAN JUNIOR COLLEGE,27.23,16.92
189562,518799,ESPLANADE MRT STATION (CC3),TAMPINES MERIDIAN JUNIOR COLLEGE,26.87,16.98
039193,518799,PROMENADE MRT STATION (DT15 / CC4),TAMPINES MERIDIAN JUNIOR COLLEGE,28.9,17.65
038970,518799,NICOLL HIGHWAY MRT STATION (CC5),TAMPINES MERIDIAN JUNIOR COLLEGE,27.13,17.05
397692,518799,STADIUM MRT STATION (CC6),TAMPINES MERIDIAN JUNIOR COLLEGE,26.03,15.9
398006,518799,MOUNTBATTEN MRT STATION (CC7),TAMPINES MERIDIAN JUNIOR COLLEGE,24.13,12.63
397973,518799,DAKOTA MRT STATION (CC8),TAMPINES MERIDIAN JUNIOR COLLEGE,23.15,12.39
409006,518799,PAYA LEBAR MRT STATION (EW8 / CC9),TAMPINES MERIDIAN JUNIOR COLLEGE,20.05,10.69
409048,518799,MACPHERSON MRT STATION (DT26 / CC10),TAMPINES MERIDIAN JUNIOR COLLEGE,22.12,11.34
534803,518799,TAI SENG MRT STATION (CC11),TAMPINES MERIDIAN JUNIOR COLLEGE,19.45,9.83
539788,518799,BARTLEY MRT STATION (CC12),TAMPINES MERIDIAN JUNIOR COLLEGE,19.48,10.14
534801,518799,SERANGOON MRT STATION (NE12 / CC13),TAMPINES MERIDIAN JUNIOR COLLEGE,19.27,10.11
554533,518799,LORONG CHUAN MRT STATION (CC14),TAMPINES MERIDIAN JUNIOR COLLEGE,22.53,11.69
579827,518799,BISHAN MRT STATION (NS17 / CC15),TAMPINES MERIDIAN JUNIOR COLLEGE,26.25,13.92
573993,518799,MARYMOUNT MRT STATION (CC16),TAMPINES MERIDIAN JUNIOR COLLEGE,28.63,16.75
298113,518799,CALDECOTT MRT STATION (CC17 / TE9),TAMPINES MERIDIAN JUNIOR COLLEGE,27.37,17.49
257494,518799,BOTANIC GARDENS MRT STATION (CC19 / DT9),TAMPINES MERIDIAN JUNIOR COLLEGE,31.65,20.27
268857,518799,FARRER ROAD MRT STATION (CC20),TAMPINES MERIDIAN JUNIOR COLLEGE,34.07,21.2
278995,518799,HOLLAND VILLAGE MRT STATION (CC21),TAMPINES MERIDIAN JUNIOR COLLEGE,35.92,22.54
139345,518799,BUONA VISTA MRT STATION (CC22 / EW21),TAMPINES MERIDIAN JUNIOR COLLEGE,38.55,23.94
138647,518799,ONE-NORTH MRT STATION (CC23),TAMPINES MERIDIAN JUNIOR COLLEGE,39.03,29.55
118177,518799,KENT RIDGE MRT STATION (CC24),TAMPINES MERIDIAN JUNIOR COLLEGE,38.75,29.11
117396,518799,HAW PAR VILLA MRT STATION (CC25),TAMPINES MERIDIAN JUNIOR COLLEGE,42.33,29.02
117424,518799,PASIR PANJANG MRT STATION (CC26),TAMPINES MERIDIAN JUNIOR COLLEGE,41.63,28.06
109029,518799,LABRADOR PARK MRT STATION (CC27),TAMPINES MERIDIAN JUNIOR COLLEGE,37.83,26.57
109028,518799,TELOK BLANGAH MRT STATION (CC28),TAMPINES MERIDIAN JUNIOR COLLEGE,39.23,27.31
098867,518799,HARBOURFRONT MRT STATION (CC29 / NE1),TAMPINES MERIDIAN JUNIOR COLLEGE,33.67,24.33
099423,518799,KEPPEL MRT STATION (CC30),TAMPINES MERIDIAN JUNIOR COLLEGE,33.13,24.08
089395,518799,CANTONMENT MRT STATION (CC31),TAMPINES MERIDIAN JUNIOR COLLEGE,30.73,22.62
079122,518799,PRINCE EDWARD ROAD MRT STATION (CC32),TAMPINES MERIDIAN JUNIOR COLLEGE,28.95,21.24
018957,518799,BAYFRONT MRT STATION (DT16 / CE1),TAMPINES MERIDIAN JUNIOR COLLEGE,27.73,18.62
018925,518799,MARINA BAY MRT STATION (NS27 / TE20 / CE2),TAMPINES MERIDIAN JUNIOR COLLEGE,29.15,19.38
467356,518799,TANAH MERAH MRT STATION (EW4 / CG),TAMPINES MERIDIAN JUNIOR COLLEGE,15.45,9.39
486065,518799,EXPO MRT STATION (CG1 / DT35),TAMPINES MERIDIAN JUNIOR COLLEGE,16.43,9.76
819661,518799,CHANGI AIRPORT MRT STATION (CG2),TAMPINES MERIDIAN JUNIOR COLLEGE,16.58,11.14
678213,518799,BUKIT PANJANG MRT STATION (DT1 / BP6),TAMPINES MERIDIAN JUNIOR COLLEGE,35.95,29.69
679696,518799,CASHEW MRT STATION (DT2),TAMPINES MERIDIAN JUNIOR COLLEGE,36.87,29.31
678211,518799,HILLVIEW MRT STATION (DT3),TAMPINES MERIDIAN JUNIOR COLLEGE,38.05,29.94
589681,518799,HUME MRT STATION (DT4),TAMPINES MERIDIAN JUNIOR COLLEGE,39.62,30.77
588216,518799,BEAUTY WORLD MRT STATION (DT5),TAMPINES MERIDIAN JUNIOR COLLEGE,34.67,24.84
599987,518799,KING ALBERT PARK MRT STATION (DT6),TAMPINES MERIDIAN JUNIOR COLLEGE,36.2,25.54
269784,518799,SIXTH AVENUE MRT STATION (DT7),TAMPINES MERIDIAN JUNIOR COLLEGE,34.42,23.07
266268,518799,TAN KAH KEE MRT STATION (DT8),TAMPINES MERIDIAN JUNIOR COLLEGE,34.62,21.92
257877,518799,STEVENS MRT STATION (DT10 / TE11),TAMPINES MERIDIAN JUNIOR COLLEGE,29.67,19.19
228234,518799,NEWTON MRT STATION (NS21 / DT11),TAMPINES MERIDIAN JUNIOR COLLEGE,28.87,18.12
229900,518799,LITTLE INDIA MRT STATION (NE7 / DT12),TAMPINES MERIDIAN JUNIOR COLLEGE,28.93,17.71
188505,518799,ROCHOR MRT STATION (DT13),TAMPINES MERIDIAN JUNIOR COLLEGE,27.43,16.98
188022,518799,BUGIS MRT STATION (EW12 / DT14),TAMPINES MERIDIAN JUNIOR COLLEGE,25.43,16.01
018969,518799,DOWNTOWN MRT STATION (DT17),TAMPINES MERIDIAN JUNIOR COLLEGE,29.75,19.72
048416,518799,TELOK AYER MRT STATION (DT18),TAMPINES MERIDIAN JUNIOR COLLEGE,30.58,18.84
059443,518799,CHINATOWN MRT STATION (NE4 / DT19),TAMPINES MERIDIAN JUNIOR COLLEGE,30.83,18.86
179038,518799,FORT CANNING MRT STATION (DT20),TAMPINES MERIDIAN JUNIOR COLLEGE,29.72,18.12
189658,518799,BENCOOLEN MRT STATION (DT21),TAMPINES MERIDIAN JUNIOR COLLEGE,27.93,17.11
208826,518799,JALAN BESAR MRT STATION (DT22),TAMPINES MERIDIAN JUNIOR COLLEGE,26.03,16.1
339356,518799,BENDEMEER MRT STATION (DT23),TAMPINES MERIDIAN JUNIOR COLLEGE,24.15,15.12
339355,518799,GEYLANG BAHRU MRT STATION (DT24),TAMPINES MERIDIAN JUNIOR COLLEGE,24.53,15.12
379314,518799,MATTAR MRT STATION (DT25),TAMPINES MERIDIAN JUNIOR COLLEGE,22.15,11.42
408899,518799,UBI MRT STATION (DT27),TAMPINES MERIDIAN JUNIOR COLLEGE,17.18,8.34
415804,518799,KAKI BUKIT MRT STATION (DT28),TAMPINES MERIDIAN JUNIOR COLLEGE,16.73,7.5
479481,518799,BEDOK NORTH MRT STATION (DT29),TAMPINES MERIDIAN JUNIOR COLLEGE,18.05,7.85
469724,518799,BEDOK RESERVOIR MRT STATION (DT30),TAMPINES MERIDIAN JUNIOR COLLEGE,13.58,6.85
529683,518799,TAMPINES WEST MRT STATION (DT31),TAMPINES MERIDIAN JUNIOR COLLEGE,13.07,5.71
529538,518799,TAMPINES MRT STATION (EW2 / DT32),TAMPINES MERIDIAN JUNIOR COLLEGE,8.47,4.03
529623,518799,TAMPINES EAST MRT STATION (DT33),TAMPINES MERIDIAN JUNIOR COLLEGE,9.57,5.84
485990,518799,UPPER CHANGI MRT STATION (DT34),TAMPINES MERIDIAN JUNIOR COLLEGE,11.28,7.16
486800,518799,XILIN MRT STATION (DT36),TAMPINES MERIDIAN JUNIOR COLLEGE,16,9.64
469731,518799,SUNGEI BEDOK MRT STATION (TE31 / DT37),TAMPINES MERIDIAN JUNIOR COLLEGE,18.28,10.04
519634,518799,PASIR RIS MRT STATION (EW1),TAMPINES MERIDIAN JUNIOR COLLEGE,7.1,2.72
529888,518799,SIMEI MRT STATION (EW3),TAMPINES MERIDIAN JUNIOR COLLEGE,13.92,7.72
467347,518799,BEDOK MRT STATION (EW5),TAMPINES MERIDIAN JUNIOR COLLEGE,17.6,8.6
416551,518799,KEMBANGAN MRT STATION (EW6),TAMPINES MERIDIAN JUNIOR COLLEGE,19.98,9.84
409423,518799,EUNOS MRT STATION (EW7),TAMPINES MERIDIAN JUNIOR COLLEGE,18.4,9.2
388310,518799,ALJUNIED MRT STATION (EW9),TAMPINES MERIDIAN JUNIOR COLLEGE,22.17,11.82
387405,518799,KALLANG MRT STATION (EW10),TAMPINES MERIDIAN JUNIOR COLLEGE,21.52,13.92
208699,518799,LAVENDER MRT STATION (EW11),TAMPINES MERIDIAN JUNIOR COLLEGE,23.58,15.02
179100,518799,CITY HALL MRT STATION (NS25 / EW13),TAMPINES MERIDIAN JUNIOR COLLEGE,28,17.27
048618,518799,RAFFLES PLACE MRT STATION (NS26 / EW14),TAMPINES MERIDIAN JUNIOR COLLEGE,31.02,18.75
069119,518799,TANJONG PAGAR MRT STATION (EW15),TAMPINES MERIDIAN JUNIOR COLLEGE,29.82,21.22
169037,518799,OUTRAM PARK MRT STATION (EW16 / NE3 / TE17),TAMPINES MERIDIAN JUNIOR COLLEGE,31.32,22.55
168731,518799,TIONG BAHRU MRT STATION (EW17),TAMPINES MERIDIAN JUNIOR COLLEGE,33.43,24.75
158792,518799,REDHILL MRT STATION (EW18),TAMPINES MERIDIAN JUNIOR COLLEGE,35.15,25.73
149729,518799,QUEENSTOWN MRT STATION (EW19),TAMPINES MERIDIAN JUNIOR COLLEGE,37.65,23.06
149735,518799,COMMONWEALTH MRT STATION (EW20),TAMPINES MERIDIAN JUNIOR COLLEGE,37.27,23.23
138677,518799,DOVER MRT STATION (EW22),TAMPINES MERIDIAN JUNIOR COLLEGE,41.03,25.21
129580,518799,CLEMENTI MRT STATION (EW23),TAMPINES MERIDIAN JUNIOR COLLEGE,40.55,28.56
609690,518799,JURONG EAST MRT STATION (NS1 / EW24),TAMPINES MERIDIAN JUNIOR COLLEGE,41.22,29.88
609959,518799,CHINESE GARDEN MRT STATION (EW25),TAMPINES MERIDIAN JUNIOR COLLEGE,43.82,31.58
649845,518799,LAKESIDE MRT STATION (EW26),TAMPINES MERIDIAN JUNIOR COLLEGE,43.85,31.98
649846,518799,BOON LAY MRT STATION (EW27),TAMPINES MERIDIAN JUNIOR COLLEGE,46.98,33.66
648310,518799,PIONEER MRT STATION (EW28),TAMPINES MERIDIAN JUNIOR COLLEGE,46.83,38.03
629116,518799,JOO KOON MRT STATION (EW29),TAMPINES MERIDIAN JUNIOR COLLEGE,49.02,40.16
637288,518799,GUL CIRCLE MRT STATION (EW30),TAMPINES MERIDIAN JUNIOR COLLEGE,49.47,41.43
639608,518799,TUAS CRESCENT MRT STATION (EW31),TAMPINES MERIDIAN JUNIOR COLLEGE,56.63,44.87
639609,518799,TUAS WEST ROAD MRT STATION (EW32),TAMPINES MERIDIAN JUNIOR COLLEGE,55.02,44.86
638418,518799,TUAS LINK MRT STATION (EW33),TAMPINES MERIDIAN JUNIOR COLLEGE,55.53,45.77
059815,518799,CLARKE QUAY MRT STATION (NE5),TAMPINES MERIDIAN JUNIOR COLLEGE,30.98,18.8
218703,518799,FARRER PARK MRT STATION (NE8),TAMPINES MERIDIAN JUNIOR COLLEGE,26.68,15.44
328260,518799,BOON KENG MRT STATION (NE9),TAMPINES MERIDIAN JUNIOR COLLEGE,24.67,14.21
347694,518799,POTONG PASIR MRT STATION (NE10),TAMPINES MERIDIAN JUNIOR COLLEGE,22.4,13.25
347695,518799,WOODLEIGH MRT STATION (NE11),TAMPINES MERIDIAN JUNIOR COLLEGE,21.05,11.35
534799,518799,KOVAN MRT STATION (NE13),TAMPINES MERIDIAN JUNIOR COLLEGE,15.77,8.46
538758,518799,HOUGANG MRT STATION (NE14),TAMPINES MERIDIAN JUNIOR COLLEGE,16.65,8.12
545061,518799,BUANGKOK MRT STATION (NE15),TAMPINES MERIDIAN JUNIOR COLLEGE,12.77,8.12
545062,518799,SENGKANG LRT STATION (STC),TAMPINES MERIDIAN JUNIOR COLLEGE,11.15,7.38
828868,518799,PUNGGOL MRT STATION (NE17 / PTC),TAMPINES MERIDIAN JUNIOR COLLEGE,10.27,6.32
828604,518799,PUNGGOL COAST MRT STATION (NE18),TAMPINES MERIDIAN JUNIOR COLLEGE,12.4,8.04
659958,518799,BUKIT BATOK MRT STATION (NS2),TAMPINES MERIDIAN JUNIOR COLLEGE,42.93,28.77
659083,518799,BUKIT GOMBAK MRT STATION (NS3),TAMPINES MERIDIAN JUNIOR COLLEGE,42,32.41
689810,518799,CHOA CHU KANG MRT STATION (NS4 / BP1 / JS1),TAMPINES MERIDIAN JUNIOR COLLEGE,38.07,29.62
689715,518799,YEW TEE MRT STATION (NS5),TAMPINES MERIDIAN JUNIOR COLLEGE,37.92,29.73
738702,518799,KRANJI MRT STATION (NS7),TAMPINES MERIDIAN JUNIOR COLLEGE,30,23.96
739044,518799,MARSILING MRT STATION (NS8),TAMPINES MERIDIAN JUNIOR COLLEGE,28.98,23.4
738343,518799,WOODLANDS MRT STATION (NS9 / TE2),TAMPINES MERIDIAN JUNIOR COLLEGE,30.97,22.61
738344,518799,ADMIRALTY MRT STATION (NS10),TAMPINES MERIDIAN JUNIOR COLLEGE,28.98,21.82
759775,518799,SEMBAWANG MRT STATION (NS11),TAMPINES MERIDIAN JUNIOR COLLEGE,30.67,20.39
756972,518799,CANBERRA MRT STATION (NS12),TAMPINES MERIDIAN JUNIOR COLLEGE,28.27,19.23
769093,518799,YISHUN MRT STATION (NS13),TAMPINES MERIDIAN JUNIOR COLLEGE,25.07,17.52
769092,518799,KHATIB MRT STATION (NS14),TAMPINES MERIDIAN JUNIOR COLLEGE,22.53,16.17
569813,518799,YIO CHU KANG MRT STATION (NS15),TAMPINES MERIDIAN JUNIOR COLLEGE,23.45,13.87
569812,518799,ANG MO KIO MRT STATION (NS16),TAMPINES MERIDIAN JUNIOR COLLEGE,23.05,13.8
319756,518799,BRADDELL MRT STATION (NS18),TAMPINES MERIDIAN JUNIOR COLLEGE,26.08,16.66
319398,518799,TOA PAYOH MRT STATION (NS19),TAMPINES MERIDIAN JUNIOR COLLEGE,25.63,16.12
307642,518799,NOVENA MRT STATION (NS20),TAMPINES MERIDIAN JUNIOR COLLEGE,28.23,17.05
238878,518799,ORCHARD MRT STATION (TE14 / NS22),TAMPINES MERIDIAN JUNIOR COLLEGE,30.5,19.2
238162,518799,SOMERSET MRT STATION (NE23),TAMPINES MERIDIAN JUNIOR COLLEGE,30.75,19.47
018948,518799,MARINA SOUTH PIER MRT STATION (NS28),TAMPINES MERIDIAN JUNIOR COLLEGE,29.58,20.18
737668,518799,WOODLANDS NORTH MRT STATION (TE1),TAMPINES MERIDIAN JUNIOR COLLEGE,35.37,26.79
737741,518799,WOODLANDS SOUTH MRT STATION (TE3),TAMPINES MERIDIAN JUNIOR COLLEGE,27.47,20.66
787140,518799,SPRINGLEAF MRT STATION (TE4),TAMPINES MERIDIAN JUNIOR COLLEGE,19.88,15.36
789361,518799,LENTOR MRT STATION (TE5),TAMPINES MERIDIAN JUNIOR COLLEGE,25,16.86
569900,518799,MAYFLOWER MRT STATION (TE6),TAMPINES MERIDIAN JUNIOR COLLEGE,24.73,14.52
575737,518799,BRIGHT HILL MRT STATION (TE7),TAMPINES MERIDIAN JUNIOR COLLEGE,28.47,16.26
577937,518799,UPPER THOMSON MRT STATION (TE8),TAMPINES MERIDIAN JUNIOR COLLEGE,29.4,20.5
299781,518799,MOUNT PLEASANT MRT STATION (TE10),TAMPINES MERIDIAN JUNIOR COLLEGE,26.42,16.85
258511,518799,NAPIER MRT STATION (TE12),TAMPINES MERIDIAN JUNIOR COLLEGE,33.25,20.75
248654,518799,ORCHARD BOULEVARD MRT STATION (TE13),TAMPINES MERIDIAN JUNIOR COLLEGE,32.77,20.58
238384,518799,GREAT WORLD MRT STATION (TE15),TAMPINES MERIDIAN JUNIOR COLLEGE,32.9,19.76
168604,518799,HAVELOCK MRT STATION (TE16),TAMPINES MERIDIAN JUNIOR COLLEGE,34.3,20.41
058841,518799,MAXWELL MRT STATION (TE18),TAMPINES MERIDIAN JUNIOR COLLEGE,31.25,21.7
018928,518799,SHENTON WAY MRT STATION (TE19),TAMPINES MERIDIAN JUNIOR COLLEGE,30.22,21.21
019397,518799,MARINA SOUTH MRT STATION (TE21),TAMPINES MERIDIAN JUNIOR COLLEGE,27.3,19.02
019396,518799,GARDENS BY THE BAY MRT STATION (TE22),TAMPINES MERIDIAN JUNIOR COLLEGE,29.58,20.13
436488,518799,TANJONG RHU MRT STATION (TE23),TAMPINES MERIDIAN JUNIOR COLLEGE,27.63,16.54
437870,518799,KATONG PARK MRT STATION (TE24),TAMPINES MERIDIAN JUNIOR COLLEGE,25.5,16.01
439846,518799,TANJONG KATONG MRT STATION (TE25),TAMPINES MERIDIAN JUNIOR COLLEGE,25.23,13.17
449971,518799,MARINE PARADE MRT STATION (TE26),TAMPINES MERIDIAN JUNIOR COLLEGE,24.22,18.4
449970,518799,MARINE TERRACE MRT STATION (TE27),TAMPINES MERIDIAN JUNIOR COLLEGE,22.62,17.2
449969,518799,SIGLAP MRT STATION (TE28),TAMPINES MERIDIAN JUNIOR COLLEGE,20.43,15.6
469958,518799,BAYSHORE MRT STATION (TE29),TAMPINES MERIDIAN JUNIOR COLLEGE,18.7,14.06
468324,518799,BEDOK SOUTH MRT STATION (TE30),TAMPINES MERIDIAN JUNIOR COLLEGE,20.82,14.3
688265,518799,SOUTH VIEW LRT STATION (BP2),TAMPINES MERIDIAN JUNIOR COLLEGE,39.08,30.3
688266,518799,KEAT HONG LRT STATION (BP3),TAMPINES MERIDIAN JUNIOR COLLEGE,38.83,30.7
688267,518799,TECK WHYE LRT STATION (BP4),TAMPINES MERIDIAN JUNIOR COLLEGE,37.82,30.16
689483,518799,PHOENIX LRT STATION (BP5),TAMPINES MERIDIAN JUNIOR COLLEGE,36.65,29.59
678269,518799,PETIR LRT STATION (BP7),TAMPINES MERIDIAN JUNIOR COLLEGE,35.05,28.67
678296,518799,PENDING LRT STATION (BP8),TAMPINES MERIDIAN JUNIOR COLLEGE,33.78,28.04
679939,518799,BANGKIT LRT STATION (BP9),TAMPINES MERIDIAN JUNIOR COLLEGE,34.08,28.17
679004,518799,FAJAR LRT STATION (BP10),TAMPINES MERIDIAN JUNIOR COLLEGE,36.5,29.23
679940,518799,SEGAR LRT STATION (BP11),TAMPINES MERIDIAN JUNIOR COLLEGE,36.05,29.22
679941,518799,JELAPANG LRT STATION (BP12),TAMPINES MERIDIAN JUNIOR COLLEGE,35.47,27.49
679942,518799,SENJA LRT STATION (BP13),TAMPINES MERIDIAN JUNIOR COLLEGE,35.93,29.16
545055,518799,COMPASSVALE LRT STATION (SE1),TAMPINES MERIDIAN JUNIOR COLLEGE,9.23,5.71
545054,518799,RUMBIA LRT STATION (SE2),TAMPINES MERIDIAN JUNIOR COLLEGE,10.17,6.23
545053,518799,BAKAU LRT STATION (SE3),TAMPINES MERIDIAN JUNIOR COLLEGE,10.37,5.21
545052,518799,KANGKAR LRT STATION (SE4),TAMPINES MERIDIAN JUNIOR COLLEGE,11.42,5.78
545046,518799,RANGGUNG LRT STATION (SE5),TAMPINES MERIDIAN JUNIOR COLLEGE,12.88,7.2
545047,518799,CHENG LIM LRT STATION (SW1),TAMPINES MERIDIAN JUNIOR COLLEGE,9.62,6.61
545048,518799,FARMWAY LRT STATION (SW2),TAMPINES MERIDIAN JUNIOR COLLEGE,12.55,7.54
797697,518799,KUPANG LRT STATION (SW3),TAMPINES MERIDIAN JUNIOR COLLEGE,13.27,8.07
797699,518799,THANGGAM LRT STATION (SW4),TAMPINES MERIDIAN JUNIOR COLLEGE,14.42,9.12
797698,518799,FERNVALE LRT STATION (SW5),TAMPINES MERIDIAN JUNIOR COLLEGE,14.58,9.23
797700,518799,LAYAR LRT STATION (SW6),TAMPINES MERIDIAN JUNIOR COLLEGE,14.17,8.79
545050,518799,TONGKANG LRT STATION (SW7),TAMPINES MERIDIAN JUNIOR COLLEGE,12.85,8.33
545049,518799,RENJONG LRT STATION (SW8),TAMPINES MERIDIAN JUNIOR COLLEGE,13.97,8.21
828858,518799,COVE LRT STATION (PE1),TAMPINES MERIDIAN JUNIOR COLLEGE,9.68,5.74
828857,518799,MERIDIAN LRT STATION (PE2),TAMPINES MERIDIAN JUNIOR COLLEGE,10.37,6.06
828856,518799,CORAL EDGE LRT STATION (PE3),TAMPINES MERIDIAN JUNIOR COLLEGE,9.73,4.42
828852,518799,RIVIERA LRT STATION (PE4),TAMPINES MERIDIAN JUNIOR COLLEGE,7.1,3.53
828853,518799,KADALOOR LRT STATION (PE5),TAMPINES MERIDIAN JUNIOR COLLEGE,10,4.55
828854,518799,OASIS LRT STATION (PE6),TAMPINES MERIDIAN JUNIOR COLLEGE,9.43,4.54
828855,518799,DAMAI LRT STATION (PE7),TAMPINES MERIDIAN JUNIOR COLLEGE,10.35,6.31
828851,518799,SAM KEE LRT STATION (PW1),TAMPINES MERIDIAN JUNIOR COLLEGE,11.83,6.85
828861,518799,TECK LEE LRT STATION (PW2),TAMPINES MERIDIAN JUNIOR COLLEGE,12.12,7.6
828644,518799,PUNGGOL POINT LRT STATION (PW3),TAMPINES MERIDIAN JUNIOR COLLEGE,13.25,8.56
828645,518799,SAMUDERA LRT STATION (PW4),TAMPINES MERIDIAN JUNIOR COLLEGE,12.17,7.99
828862,518799,NIBONG LRT STATION (PW5),TAMPINES MERIDIAN JUNIOR COLLEGE,11.3,7.52
828863,518799,SUMANG LRT STATION (PW6),TAMPINES MERIDIAN JUNIOR COLLEGE,13.47,7.72
828864,518799,SOO TECK LRT STATION (PW7),TAMPINES MERIDIAN JUNIOR COLLEGE,10.55,6.86
238826,529564,DHOBY GHAUT MRT STATION (NS24 / NE6 / CC1),TEMASEK JUNIOR COLLEGE,23.62,16.51
189561,529564,BRAS BASAH MRT STATION (CC2),TEMASEK JUNIOR COLLEGE,22.98,15.9
189562,529564,ESPLANADE MRT STATION (CC3),TEMASEK JUNIOR COLLEGE,21.87,15.27
039193,529564,PROMENADE MRT STATION (DT15 / CC4),TEMASEK JUNIOR COLLEGE,23.9,15.94
038970,529564,NICOLL HIGHWAY MRT STATION (CC5),TEMASEK JUNIOR COLLEGE,22.15,15.34
397692,529564,STADIUM MRT STATION (CC6),TEMASEK JUNIOR COLLEGE,20.98,13.28
398006,529564,MOUNTBATTEN MRT STATION (CC7),TEMASEK JUNIOR COLLEGE,17.9,11.92
397973,529564,DAKOTA MRT STATION (CC8),TEMASEK JUNIOR COLLEGE,16.92,11.68
409006,529564,PAYA LEBAR MRT STATION (EW8 / CC9),TEMASEK JUNIOR COLLEGE,13.82,9.97
409048,529564,MACPHERSON MRT STATION (DT26 / CC10),TEMASEK JUNIOR COLLEGE,15.88,10.63
534803,529564,TAI SENG MRT STATION (CC11),TEMASEK JUNIOR COLLEGE,15.82,10.94
539788,529564,BARTLEY MRT STATION (CC12),TEMASEK JUNIOR COLLEGE,17.27,11.93
534801,529564,SERANGOON MRT STATION (NE12 / CC13),TEMASEK JUNIOR COLLEGE,20.32,13.45
554533,529564,LORONG CHUAN MRT STATION (CC14),TEMASEK JUNIOR COLLEGE,22.8,16.94
579827,529564,BISHAN MRT STATION (NS17 / CC15),TEMASEK JUNIOR COLLEGE,22.93,16.35
573993,529564,MARYMOUNT MRT STATION (CC16),TEMASEK JUNIOR COLLEGE,22.92,17.9
298113,529564,CALDECOTT MRT STATION (CC17 / TE9),TEMASEK JUNIOR COLLEGE,21.13,16.77
257494,529564,BOTANIC GARDENS MRT STATION (CC19 / DT9),TEMASEK JUNIOR COLLEGE,25.42,19.56
268857,529564,FARRER ROAD MRT STATION (CC20),TEMASEK JUNIOR COLLEGE,27.83,20.48
278995,529564,HOLLAND VILLAGE MRT STATION (CC21),TEMASEK JUNIOR COLLEGE,29.68,21.82
139345,529564,BUONA VISTA MRT STATION (CC22 / EW21),TEMASEK JUNIOR COLLEGE,32.52,23.27
138647,529564,ONE-NORTH MRT STATION (CC23),TEMASEK JUNIOR COLLEGE,34.03,27.84
118177,529564,KENT RIDGE MRT STATION (CC24),TEMASEK JUNIOR COLLEGE,33.77,27.4
117396,529564,HAW PAR VILLA MRT STATION (CC25),TEMASEK JUNIOR COLLEGE,37.33,27.31
117424,529564,PASIR PANJANG MRT STATION (CC26),TEMASEK JUNIOR COLLEGE,36.65,26.35
109029,529564,LABRADOR PARK MRT STATION (CC27),TEMASEK JUNIOR COLLEGE,32.83,24.86
109028,529564,TELOK BLANGAH MRT STATION (CC28),TEMASEK JUNIOR COLLEGE,34.23,25.6
098867,529564,HARBOURFRONT MRT STATION (CC29 / NE1),TEMASEK JUNIOR COLLEGE,28.67,22.62
099423,529564,KEPPEL MRT STATION (CC30),TEMASEK JUNIOR COLLEGE,28.13,22.37
089395,529564,CANTONMENT MRT STATION (CC31),TEMASEK JUNIOR COLLEGE,25.98,20.47
079122,529564,PRINCE EDWARD ROAD MRT STATION (CC32),TEMASEK JUNIOR COLLEGE,23.95,19.53
018957,529564,BAYFRONT MRT STATION (DT16 / CE1),TEMASEK JUNIOR COLLEGE,22.73,16.91
018925,529564,MARINA BAY MRT STATION (NS27 / TE20 / CE2),TEMASEK JUNIOR COLLEGE,24.17,17.67
467356,529564,TANAH MERAH MRT STATION (EW4 / CG),TEMASEK JUNIOR COLLEGE,8.93,4.45
486065,529564,EXPO MRT STATION (CG1 / DT35),TEMASEK JUNIOR COLLEGE,9.93,3.94
819661,529564,CHANGI AIRPORT MRT STATION (CG2),TEMASEK JUNIOR COLLEGE,12.05,7.21
678213,529564,BUKIT PANJANG MRT STATION (DT1 / BP6),TEMASEK JUNIOR COLLEGE,34.12,27.38
679696,529564,CASHEW MRT STATION (DT2),TEMASEK JUNIOR COLLEGE,34.28,26.23
678211,529564,HILLVIEW MRT STATION (DT3),TEMASEK JUNIOR COLLEGE,33.07,25.63
589681,529564,HUME MRT STATION (DT4),TEMASEK JUNIOR COLLEGE,34.63,26.45
588216,529564,BEAUTY WORLD MRT STATION (DT5),TEMASEK JUNIOR COLLEGE,28.43,24.12
599987,529564,KING ALBERT PARK MRT STATION (DT6),TEMASEK JUNIOR COLLEGE,29.97,24.83
269784,529564,SIXTH AVENUE MRT STATION (DT7),TEMASEK JUNIOR COLLEGE,28.18,22.35
266268,529564,TAN KAH KEE MRT STATION (DT8),TEMASEK JUNIOR COLLEGE,28.58,21.25
257877,529564,STEVENS MRT STATION (DT10 / TE11),TEMASEK JUNIOR COLLEGE,23.43,18.48
228234,529564,NEWTON MRT STATION (NS21 / DT11),TEMASEK JUNIOR COLLEGE,22.63,17.41
229900,529564,LITTLE INDIA MRT STATION (NE7 / DT12),TEMASEK JUNIOR COLLEGE,22.88,17.48
188505,529564,ROCHOR MRT STATION (DT13),TEMASEK JUNIOR COLLEGE,22.2,15.76
188022,529564,BUGIS MRT STATION (EW12 / DT14),TEMASEK JUNIOR COLLEGE,21.63,15.06
018969,529564,DOWNTOWN MRT STATION (DT17),TEMASEK JUNIOR COLLEGE,24.75,18.01
048416,529564,TELOK AYER MRT STATION (DT18),TEMASEK JUNIOR COLLEGE,25.58,17.14
059443,529564,CHINATOWN MRT STATION (NE4 / DT19),TEMASEK JUNIOR COLLEGE,26.13,20.59
179038,529564,FORT CANNING MRT STATION (DT20),TEMASEK JUNIOR COLLEGE,24.87,19.13
189658,529564,BENCOOLEN MRT STATION (DT21),TEMASEK JUNIOR COLLEGE,23.83,16.08
208826,529564,JALAN BESAR MRT STATION (DT22),TEMASEK JUNIOR COLLEGE,22.53,14.53
339356,529564,BENDEMEER MRT STATION (DT23),TEMASEK JUNIOR COLLEGE,20.3,14.5
339355,529564,GEYLANG BAHRU MRT STATION (DT24),TEMASEK JUNIOR COLLEGE,20.22,14.55
379314,529564,MATTAR MRT STATION (DT25),TEMASEK JUNIOR COLLEGE,15.92,10.71
408899,529564,UBI MRT STATION (DT27),TEMASEK JUNIOR COLLEGE,12.38,8.62
415804,529564,KAKI BUKIT MRT STATION (DT28),TEMASEK JUNIOR COLLEGE,13.23,8.58
479481,529564,BEDOK NORTH MRT STATION (DT29),TEMASEK JUNIOR COLLEGE,16.05,9.59
469724,529564,BEDOK RESERVOIR MRT STATION (DT30),TEMASEK JUNIOR COLLEGE,7.22,4.39
529683,529564,TAMPINES WEST MRT STATION (DT31),TEMASEK JUNIOR COLLEGE,8.03,3.4
529538,529564,TAMPINES MRT STATION (EW2 / DT32),TEMASEK JUNIOR COLLEGE,3.92,1.7
529623,529564,TAMPINES EAST MRT STATION (DT33),TEMASEK JUNIOR COLLEGE,1.35,0.42
485990,529564,UPPER CHANGI MRT STATION (DT34),TEMASEK JUNIOR COLLEGE,5.55,2.69
486800,529564,XILIN MRT STATION (DT36),TEMASEK JUNIOR COLLEGE,9.48,4.71
469731,529564,SUNGEI BEDOK MRT STATION (TE31 / DT37),TEMASEK JUNIOR COLLEGE,11.97,5.8
519634,529564,PASIR RIS MRT STATION (EW1),TEMASEK JUNIOR COLLEGE,10.37,4.57
529888,529564,SIMEI MRT STATION (EW3),TEMASEK JUNIOR COLLEGE,5.63,2.34
467347,529564,BEDOK MRT STATION (EW5),TEMASEK JUNIOR COLLEGE,10.92,6.28
416551,529564,KEMBANGAN MRT STATION (EW6),TEMASEK JUNIOR COLLEGE,13.85,7.83
409423,529564,EUNOS MRT STATION (EW7),TEMASEK JUNIOR COLLEGE,12.37,8.52
388310,529564,ALJUNIED MRT STATION (EW9),TEMASEK JUNIOR COLLEGE,15.93,11.11
387405,529564,KALLANG MRT STATION (EW10),TEMASEK JUNIOR COLLEGE,18,12.35
208699,529564,LAVENDER MRT STATION (EW11),TEMASEK JUNIOR COLLEGE,20.07,13.45
179100,529564,CITY HALL MRT STATION (NS25 / EW13),TEMASEK JUNIOR COLLEGE,24,16.25
048618,529564,RAFFLES PLACE MRT STATION (NS26 / EW14),TEMASEK JUNIOR COLLEGE,26.07,17.3
069119,529564,TANJONG PAGAR MRT STATION (EW15),TEMASEK JUNIOR COLLEGE,24.82,19.51
169037,529564,OUTRAM PARK MRT STATION (EW16 / NE3 / TE17),TEMASEK JUNIOR COLLEGE,25.87,20.73
168731,529564,TIONG BAHRU MRT STATION (EW17),TEMASEK JUNIOR COLLEGE,27.68,21.62
158792,529564,REDHILL MRT STATION (EW18),TEMASEK JUNIOR COLLEGE,29.85,21.54
149729,529564,QUEENSTOWN MRT STATION (EW19),TEMASEK JUNIOR COLLEGE,31.42,22.35
149735,529564,COMMONWEALTH MRT STATION (EW20),TEMASEK JUNIOR COLLEGE,31.03,22.52
138677,529564,DOVER MRT STATION (EW22),TEMASEK JUNIOR COLLEGE,34.8,24.5
129580,529564,CLEMENTI MRT STATION (EW23),TEMASEK JUNIOR COLLEGE,34.3,27.84
609690,529564,JURONG EAST MRT STATION (NS1 / EW24),TEMASEK JUNIOR COLLEGE,35.18,29.2
609959,529564,CHINESE GARDEN MRT STATION (EW25),TEMASEK JUNIOR COLLEGE,37.58,30.86
649845,529564,LAKESIDE MRT STATION (EW26),TEMASEK JUNIOR COLLEGE,37.62,31.27
649846,529564,BOON LAY MRT STATION (EW27),TEMASEK JUNIOR COLLEGE,40.75,32.94
648310,529564,PIONEER MRT STATION (EW28),TEMASEK JUNIOR COLLEGE,42.73,36.96
629116,529564,JOO KOON MRT STATION (EW29),TEMASEK JUNIOR COLLEGE,44.92,39.09
637288,529564,GUL CIRCLE MRT STATION (EW30),TEMASEK JUNIOR COLLEGE,45.37,40.37
639608,529564,TUAS CRESCENT MRT STATION (EW31),TEMASEK JUNIOR COLLEGE,52.53,43.8
639609,529564,TUAS WEST ROAD MRT STATION (EW32),TEMASEK JUNIOR COLLEGE,50.92,43.79
638418,529564,TUAS LINK MRT STATION (EW33),TEMASEK JUNIOR COLLEGE,51.43,44.7
059815,529564,CLARKE QUAY MRT STATION (NE5),TEMASEK JUNIOR COLLEGE,26.03,17.46
218703,529564,FARRER PARK MRT STATION (NE8),TEMASEK JUNIOR COLLEGE,20.45,14.73
328260,529564,BOON KENG MRT STATION (NE9),TEMASEK JUNIOR COLLEGE,18.43,13.5
347694,529564,POTONG PASIR MRT STATION (NE10),TEMASEK JUNIOR COLLEGE,16.17,12.54
347695,529564,WOODLEIGH MRT STATION (NE11),TEMASEK JUNIOR COLLEGE,17.87,13.45
534799,529564,KOVAN MRT STATION (NE13),TEMASEK JUNIOR COLLEGE,20.15,12.24
538758,529564,HOUGANG MRT STATION (NE14),TEMASEK JUNIOR COLLEGE,21.55,12.94
545061,529564,BUANGKOK MRT STATION (NE15),TEMASEK JUNIOR COLLEGE,17.15,11.89
545062,529564,SENGKANG LRT STATION (STC),TEMASEK JUNIOR COLLEGE,15.53,11.15
828868,529564,PUNGGOL MRT STATION (NE17 / PTC),TEMASEK JUNIOR COLLEGE,14.65,10.09
828604,529564,PUNGGOL COAST MRT STATION (NE18),TEMASEK JUNIOR COLLEGE,17.05,11.36
659958,529564,BUKIT BATOK MRT STATION (NS2),TEMASEK JUNIOR COLLEGE,36.7,28.05
659083,529564,BUKIT GOMBAK MRT STATION (NS3),TEMASEK JUNIOR COLLEGE,36.7,28.06
689810,529564,CHOA CHU KANG MRT STATION (NS4 / BP1 / JS1),TEMASEK JUNIOR COLLEGE,38.53,31.65
689715,529564,YEW TEE MRT STATION (NS5),TEMASEK JUNIOR COLLEGE,38.38,31.76
738702,529564,KRANJI MRT STATION (NS7),TEMASEK JUNIOR COLLEGE,34.38,27.74
739044,529564,MARSILING MRT STATION (NS8),TEMASEK JUNIOR COLLEGE,33.37,27.17
738343,529564,WOODLANDS MRT STATION (NS9 / TE2),TEMASEK JUNIOR COLLEGE,35.35,26.38
738344,529564,ADMIRALTY MRT STATION (NS10),TEMASEK JUNIOR COLLEGE,33.37,25.59
759775,529564,SEMBAWANG MRT STATION (NS11),TEMASEK JUNIOR COLLEGE,35.05,24.16
756972,529564,CANBERRA MRT STATION (NS12),TEMASEK JUNIOR COLLEGE,32.65,23
769093,529564,YISHUN MRT STATION (NS13),TEMASEK JUNIOR COLLEGE,29.45,21.29
769092,529564,KHATIB MRT STATION (NS14),TEMASEK JUNIOR COLLEGE,26.92,19.94
569813,529564,YIO CHU KANG MRT STATION (NS15),TEMASEK JUNIOR COLLEGE,27.05,19.36
569812,529564,ANG MO KIO MRT STATION (NS16),TEMASEK JUNIOR COLLEGE,23.68,17.68
319756,529564,BRADDELL MRT STATION (NS18),TEMASEK JUNIOR COLLEGE,19.85,15.94
319398,529564,TOA PAYOH MRT STATION (NS19),TEMASEK JUNIOR COLLEGE,19.4,15.41
307642,529564,NOVENA MRT STATION (NS20),TEMASEK JUNIOR COLLEGE,22,16.33
238878,529564,ORCHARD MRT STATION (TE14 / NS22),TEMASEK JUNIOR COLLEGE,24.27,18.48
238162,529564,SOMERSET MRT STATION (NE23),TEMASEK JUNIOR COLLEGE,24.52,18.76
018948,529564,MARINA SOUTH PIER MRT STATION (NS28),TEMASEK JUNIOR COLLEGE,24.58,18.48
737668,529564,WOODLANDS NORTH MRT STATION (TE1),TEMASEK JUNIOR COLLEGE,39.75,30.56
737741,529564,WOODLANDS SOUTH MRT STATION (TE3),TEMASEK JUNIOR COLLEGE,31.85,24.44
787140,529564,SPRINGLEAF MRT STATION (TE4),TEMASEK JUNIOR COLLEGE,24.27,19.13
789361,529564,LENTOR MRT STATION (TE5),TEMASEK JUNIOR COLLEGE,29.38,20.63
569900,529564,MAYFLOWER MRT STATION (TE6),TEMASEK JUNIOR COLLEGE,28.38,21
575737,529564,BRIGHT HILL MRT STATION (TE7),TEMASEK JUNIOR COLLEGE,26.83,19.03
577937,529564,UPPER THOMSON MRT STATION (TE8),TEMASEK JUNIOR COLLEGE,24.65,18.75
299781,529564,MOUNT PLEASANT MRT STATION (TE10),TEMASEK JUNIOR COLLEGE,20.18,16.14
258511,529564,NAPIER MRT STATION (TE12),TEMASEK JUNIOR COLLEGE,27.02,20.04
248654,529564,ORCHARD BOULEVARD MRT STATION (TE13),TEMASEK JUNIOR COLLEGE,26.53,19.86
238384,529564,GREAT WORLD MRT STATION (TE15),TEMASEK JUNIOR COLLEGE,26.73,19.41
168604,529564,HAVELOCK MRT STATION (TE16),TEMASEK JUNIOR COLLEGE,28.87,20.86
058841,529564,MAXWELL MRT STATION (TE18),TEMASEK JUNIOR COLLEGE,26.25,19.99
018928,529564,SHENTON WAY MRT STATION (TE19),TEMASEK JUNIOR COLLEGE,25.22,19.5
019397,529564,MARINA SOUTH MRT STATION (TE21),TEMASEK JUNIOR COLLEGE,22.3,17.31
019396,529564,GARDENS BY THE BAY MRT STATION (TE22),TEMASEK JUNIOR COLLEGE,24.6,18.42
436488,529564,TANJONG RHU MRT STATION (TE23),TEMASEK JUNIOR COLLEGE,22.58,13.93
437870,529564,KATONG PARK MRT STATION (TE24),TEMASEK JUNIOR COLLEGE,20.42,13.26
439846,529564,TANJONG KATONG MRT STATION (TE25),TEMASEK JUNIOR COLLEGE,19,12.46
449971,529564,MARINE PARADE MRT STATION (TE26),TEMASEK JUNIOR COLLEGE,18.7,11.46
449970,529564,MARINE TERRACE MRT STATION (TE27),TEMASEK JUNIOR COLLEGE,16.8,10.5
449969,529564,SIGLAP MRT STATION (TE28),TEMASEK JUNIOR COLLEGE,13.82,7.84
469958,529564,BAYSHORE MRT STATION (TE29),TEMASEK JUNIOR COLLEGE,13.87,6.9
468324,529564,BEDOK SOUTH MRT STATION (TE30),TEMASEK JUNIOR COLLEGE,16.2,7.83
688265,529564,SOUTH VIEW LRT STATION (BP2),TEMASEK JUNIOR COLLEGE,37.6,29.29
688266,529564,KEAT HONG LRT STATION (BP3),TEMASEK JUNIOR COLLEGE,36.75,28.83
688267,529564,TECK WHYE LRT STATION (BP4),TEMASEK JUNIOR COLLEGE,35.72,28.29
689483,529564,PHOENIX LRT STATION (BP5),TEMASEK JUNIOR COLLEGE,34.57,27.72
678269,529564,PETIR LRT STATION (BP7),TEMASEK JUNIOR COLLEGE,32.95,26.8
678296,529564,PENDING LRT STATION (BP8),TEMASEK JUNIOR COLLEGE,31.7,26.17
679939,529564,BANGKIT LRT STATION (BP9),TEMASEK JUNIOR COLLEGE,31.98,26.3
679004,529564,FAJAR LRT STATION (BP10),TEMASEK JUNIOR COLLEGE,34.4,27.36
679940,529564,SEGAR LRT STATION (BP11),TEMASEK JUNIOR COLLEGE,33.95,27.35
679941,529564,JELAPANG LRT STATION (BP12),TEMASEK JUNIOR COLLEGE,34.83,27.83
679942,529564,SENJA LRT STATION (BP13),TEMASEK JUNIOR COLLEGE,33.83,27.29
545055,529564,COMPASSVALE LRT STATION (SE1),TEMASEK JUNIOR COLLEGE,13.62,9.48
545054,529564,RUMBIA LRT STATION (SE2),TEMASEK JUNIOR COLLEGE,14.55,10
545053,529564,BAKAU LRT STATION (SE3),TEMASEK JUNIOR COLLEGE,15.35,10.41
545052,529564,KANGKAR LRT STATION (SE4),TEMASEK JUNIOR COLLEGE,15.85,10.67
545046,529564,RANGGUNG LRT STATION (SE5),TEMASEK JUNIOR COLLEGE,17.27,10.97
545047,529564,CHENG LIM LRT STATION (SW1),TEMASEK JUNIOR COLLEGE,14,10.38
545048,529564,FARMWAY LRT STATION (SW2),TEMASEK JUNIOR COLLEGE,16.93,11.31
797697,529564,KUPANG LRT STATION (SW3),TEMASEK JUNIOR COLLEGE,17.65,11.85
797699,529564,THANGGAM LRT STATION (SW4),TEMASEK JUNIOR COLLEGE,18.8,12.89
797698,529564,FERNVALE LRT STATION (SW5),TEMASEK JUNIOR COLLEGE,18.97,13
797700,529564,LAYAR LRT STATION (SW6),TEMASEK JUNIOR COLLEGE,18.55,12.57
545050,529564,TONGKANG LRT STATION (SW7),TEMASEK JUNIOR COLLEGE,17.23,12.1
545049,529564,RENJONG LRT STATION (SW8),TEMASEK JUNIOR COLLEGE,18.35,11.98
828858,529564,COVE LRT STATION (PE1),TEMASEK JUNIOR COLLEGE,14.07,9.51
828857,529564,MERIDIAN LRT STATION (PE2),TEMASEK JUNIOR COLLEGE,14.75,9.83
828856,529564,CORAL EDGE LRT STATION (PE3),TEMASEK JUNIOR COLLEGE,16.82,10.72
828852,529564,RIVIERA LRT STATION (PE4),TEMASEK JUNIOR COLLEGE,14.43,8.2
828853,529564,KADALOOR LRT STATION (PE5),TEMASEK JUNIOR COLLEGE,17.33,9.21
828854,529564,OASIS LRT STATION (PE6),TEMASEK JUNIOR COLLEGE,16,10.54
828855,529564,DAMAI LRT STATION (PE7),TEMASEK JUNIOR COLLEGE,14.73,10.08
828851,529564,SAM KEE LRT STATION (PW1),TEMASEK JUNIOR COLLEGE,16.22,10.62
828861,529564,TECK LEE LRT STATION (PW2),TEMASEK JUNIOR COLLEGE,16.77,10.93
828644,529564,PUNGGOL POINT LRT STATION (PW3),TEMASEK JUNIOR COLLEGE,17.63,12.34
828645,529564,SAMUDERA LRT STATION (PW4),TEMASEK JUNIOR COLLEGE,16.57,11.76
828862,529564,NIBONG LRT STATION (PW5),TEMASEK JUNIOR COLLEGE,15.68,11.29
828863,529564,SUMANG LRT STATION (PW6),TEMASEK JUNIOR COLLEGE,17.85,11.49
828864,529564,SOO TECK LRT STATION (PW7),TEMASEK JUNIOR COLLEGE,14.95,10.63
238826,449035,DHOBY GHAUT MRT STATION (NS24 / NE6 / CC1),VICTORIA JUNIOR COLLEGE,13.77,9.57
189561,449035,BRAS BASAH MRT STATION (CC2),VICTORIA JUNIOR COLLEGE,12.7,9.01
189562,449035,ESPLANADE MRT STATION (CC3),VICTORIA JUNIOR COLLEGE,12.3,8.69
039193,449035,PROMENADE MRT STATION (DT15 / CC4),VICTORIA JUNIOR COLLEGE,12.87,8.88
038970,449035,NICOLL HIGHWAY MRT STATION (CC5),VICTORIA JUNIOR COLLEGE,13.25,9.33
397692,449035,STADIUM MRT STATION (CC6),VICTORIA JUNIOR COLLEGE,11.05,6.41
398006,449035,MOUNTBATTEN MRT STATION (CC7),VICTORIA JUNIOR COLLEGE,9.3,5.58
397973,449035,DAKOTA MRT STATION (CC8),VICTORIA JUNIOR COLLEGE,7.85,4.93
409006,449035,PAYA LEBAR MRT STATION (EW8 / CC9),VICTORIA JUNIOR COLLEGE,10.15,4.66
409048,449035,MACPHERSON MRT STATION (DT26 / CC10),VICTORIA JUNIOR COLLEGE,12.08,5.57
534803,449035,TAI SENG MRT STATION (CC11),VICTORIA JUNIOR COLLEGE,13.6,6.65
539788,449035,BARTLEY MRT STATION (CC12),VICTORIA JUNIOR COLLEGE,14.9,7.73
534801,449035,SERANGOON MRT STATION (NE12 / CC13),VICTORIA JUNIOR COLLEGE,18.02,9.07
554533,449035,LORONG CHUAN MRT STATION (CC14),VICTORIA JUNIOR COLLEGE,21.1,13.17
579827,449035,BISHAN MRT STATION (NS17 / CC15),VICTORIA JUNIOR COLLEGE,21.22,12.57
573993,449035,MARYMOUNT MRT STATION (CC16),VICTORIA JUNIOR COLLEGE,21.22,14.13
298113,449035,CALDECOTT MRT STATION (CC17 / TE9),VICTORIA JUNIOR COLLEGE,19.43,13
257494,449035,BOTANIC GARDENS MRT STATION (CC19 / DT9),VICTORIA JUNIOR COLLEGE,22.15,14.09
268857,449035,FARRER ROAD MRT STATION (CC20),VICTORIA JUNIOR COLLEGE,24.57,15.02
278995,449035,HOLLAND VILLAGE MRT STATION (CC21),VICTORIA JUNIOR COLLEGE,25.22,15.6
139345,449035,BUONA VISTA MRT STATION (CC22 / EW21),VICTORIA JUNIOR COLLEGE,25.75,20.66
138647,449035,ONE-NORTH MRT STATION (CC23),VICTORIA JUNIOR COLLEGE,23.9,19.63
118177,449035,KENT RIDGE MRT STATION (CC24),VICTORIA JUNIOR COLLEGE,23.63,19.19
117396,449035,HAW PAR VILLA MRT STATION (CC25),VICTORIA JUNIOR COLLEGE,27.22,19.09
117424,449035,PASIR PANJANG MRT STATION (CC26),VICTORIA JUNIOR COLLEGE,26.52,18.14
109029,449035,LABRADOR PARK MRT STATION (CC27),VICTORIA JUNIOR COLLEGE,22.72,16.64
109028,449035,TELOK BLANGAH MRT STATION (CC28),VICTORIA JUNIOR COLLEGE,24.1,17.39
098867,449035,HARBOURFRONT MRT STATION (CC29 / NE1),VICTORIA JUNIOR COLLEGE,18.55,14.41
099423,449035,KEPPEL MRT STATION (CC30),VICTORIA JUNIOR COLLEGE,18.02,14.15
089395,449035,CANTONMENT MRT STATION (CC31),VICTORIA JUNIOR COLLEGE,16.25,12.33
079122,449035,PRINCE EDWARD ROAD MRT STATION (CC32),VICTORIA JUNIOR COLLEGE,13.82,11.32
018957,449035,BAYFRONT MRT STATION (DT16 / CE1),VICTORIA JUNIOR COLLEGE,10.75,8.55
018925,449035,MARINA BAY MRT STATION (NS27 / TE20 / CE2),VICTORIA JUNIOR COLLEGE,12.18,9.31
467356,449035,TANAH MERAH MRT STATION (EW4 / CG),VICTORIA JUNIOR COLLEGE,10.63,5.34
486065,449035,EXPO MRT STATION (CG1 / DT35),VICTORIA JUNIOR COLLEGE,15.02,6.9
819661,449035,CHANGI AIRPORT MRT STATION (CG2),VICTORIA JUNIOR COLLEGE,16.28,11.17
678213,449035,BUKIT PANJANG MRT STATION (DT1 / BP6),VICTORIA JUNIOR COLLEGE,32.8,23.68
679696,449035,CASHEW MRT STATION (DT2),VICTORIA JUNIOR COLLEGE,32.58,22.46
678211,449035,HILLVIEW MRT STATION (DT3),VICTORIA JUNIOR COLLEGE,31.37,21.85
589681,449035,HUME MRT STATION (DT4),VICTORIA JUNIOR COLLEGE,32.93,22.68
588216,449035,BEAUTY WORLD MRT STATION (DT5),VICTORIA JUNIOR COLLEGE,26.72,20.35
599987,449035,KING ALBERT PARK MRT STATION (DT6),VICTORIA JUNIOR COLLEGE,28.27,21.06
269784,449035,SIXTH AVENUE MRT STATION (DT7),VICTORIA JUNIOR COLLEGE,26.2,16.26
266268,449035,TAN KAH KEE MRT STATION (DT8),VICTORIA JUNIOR COLLEGE,25.7,15.86
257877,449035,STEVENS MRT STATION (DT10 / TE11),VICTORIA JUNIOR COLLEGE,20.13,12.96
228234,449035,NEWTON MRT STATION (NS21 / DT11),VICTORIA JUNIOR COLLEGE,15.65,10.65
229900,449035,LITTLE INDIA MRT STATION (NE7 / DT12),VICTORIA JUNIOR COLLEGE,14.38,9.87
188505,449035,ROCHOR MRT STATION (DT13),VICTORIA JUNIOR COLLEGE,12.88,9.14
188022,449035,BUGIS MRT STATION (EW12 / DT14),VICTORIA JUNIOR COLLEGE,10.98,8.17
018969,449035,DOWNTOWN MRT STATION (DT17),VICTORIA JUNIOR COLLEGE,12.77,9.65
048416,449035,TELOK AYER MRT STATION (DT18),VICTORIA JUNIOR COLLEGE,14.1,10.26
059443,449035,CHINATOWN MRT STATION (NE4 / DT19),VICTORIA JUNIOR COLLEGE,15.88,11.33
179038,449035,FORT CANNING MRT STATION (DT20),VICTORIA JUNIOR COLLEGE,15.2,10.2
189658,449035,BENCOOLEN MRT STATION (DT21),VICTORIA JUNIOR COLLEGE,13.32,9.19
208826,449035,JALAN BESAR MRT STATION (DT22),VICTORIA JUNIOR COLLEGE,11.95,8.52
339356,449035,BENDEMEER MRT STATION (DT23),VICTORIA JUNIOR COLLEGE,14.03,8.5
339355,449035,GEYLANG BAHRU MRT STATION (DT24),VICTORIA JUNIOR COLLEGE,14.43,8.49
379314,449035,MATTAR MRT STATION (DT25),VICTORIA JUNIOR COLLEGE,13.7,6.42
408899,449035,UBI MRT STATION (DT27),VICTORIA JUNIOR COLLEGE,9.77,4.96
415804,449035,KAKI BUKIT MRT STATION (DT28),VICTORIA JUNIOR COLLEGE,10.62,4.92
479481,449035,BEDOK NORTH MRT STATION (DT29),VICTORIA JUNIOR COLLEGE,13.43,5.93
469724,449035,BEDOK RESERVOIR MRT STATION (DT30),VICTORIA JUNIOR COLLEGE,9.8,4.96
529683,449035,TAMPINES WEST MRT STATION (DT31),VICTORIA JUNIOR COLLEGE,14.18,6.66
529538,449035,TAMPINES MRT STATION (EW2 / DT32),VICTORIA JUNIOR COLLEGE,15.6,7.97
529623,449035,TAMPINES EAST MRT STATION (DT33),VICTORIA JUNIOR COLLEGE,16.92,8.66
485990,449035,UPPER CHANGI MRT STATION (DT34),VICTORIA JUNIOR COLLEGE,13.88,7.12
486800,449035,XILIN MRT STATION (DT36),VICTORIA JUNIOR COLLEGE,13.57,8.54
469731,449035,SUNGEI BEDOK MRT STATION (TE31 / DT37),VICTORIA JUNIOR COLLEGE,10.7,5.06
519634,449035,PASIR RIS MRT STATION (EW1),VICTORIA JUNIOR COLLEGE,22.38,13.13
529888,449035,SIMEI MRT STATION (EW3),VICTORIA JUNIOR COLLEGE,16.4,7.88
467347,449035,BEDOK MRT STATION (EW5),VICTORIA JUNIOR COLLEGE,7.77,3.91
416551,449035,KEMBANGAN MRT STATION (EW6),VICTORIA JUNIOR COLLEGE,6.32,3.06
409423,449035,EUNOS MRT STATION (EW7),VICTORIA JUNIOR COLLEGE,6.97,3.25
388310,449035,ALJUNIED MRT STATION (EW9),VICTORIA JUNIOR COLLEGE,10.92,5.4
387405,449035,KALLANG MRT STATION (EW10),VICTORIA JUNIOR COLLEGE,11.4,7.29
208699,449035,LAVENDER MRT STATION (EW11),VICTORIA JUNIOR COLLEGE,12.47,8.88
179100,449035,CITY HALL MRT STATION (NS25 / EW13),VICTORIA JUNIOR COLLEGE,13.48,9.35
048618,449035,RAFFLES PLACE MRT STATION (NS26 / EW14),VICTORIA JUNIOR COLLEGE,14.58,10.42
069119,449035,TANJONG PAGAR MRT STATION (EW15),VICTORIA JUNIOR COLLEGE,14.67,10.67
169037,449035,OUTRAM PARK MRT STATION (EW16 / NE3 / TE17),VICTORIA JUNIOR COLLEGE,16.2,12.63
168731,449035,TIONG BAHRU MRT STATION (EW17),VICTORIA JUNIOR COLLEGE,18.3,14.83
158792,449035,REDHILL MRT STATION (EW18),VICTORIA JUNIOR COLLEGE,20.03,15.81
149729,449035,QUEENSTOWN MRT STATION (EW19),VICTORIA JUNIOR COLLEGE,22.83,17.24
149735,449035,COMMONWEALTH MRT STATION (EW20),VICTORIA JUNIOR COLLEGE,24.18,19.56
138677,449035,DOVER MRT STATION (EW22),VICTORIA JUNIOR COLLEGE,26.8,22.14
129580,449035,CLEMENTI MRT STATION (EW23),VICTORIA JUNIOR COLLEGE,26.1,22.23
609690,449035,JURONG EAST MRT STATION (NS1 / EW24),VICTORIA JUNIOR COLLEGE,30.53,25.47
609959,449035,CHINESE GARDEN MRT STATION (EW25),VICTORIA JUNIOR COLLEGE,35.63,28.02
649845,449035,LAKESIDE MRT STATION (EW26),VICTORIA JUNIOR COLLEGE,34.68,29.06
649846,449035,BOON LAY MRT STATION (EW27),VICTORIA JUNIOR COLLEGE,36.73,30.81
648310,449035,PIONEER MRT STATION (EW28),VICTORIA JUNIOR COLLEGE,37.1,31.64
629116,449035,JOO KOON MRT STATION (EW29),VICTORIA JUNIOR COLLEGE,37.07,32.43
637288,449035,GUL CIRCLE MRT STATION (EW30),VICTORIA JUNIOR COLLEGE,38.58,34.08
639608,449035,TUAS CRESCENT MRT STATION (EW31),VICTORIA JUNIOR COLLEGE,45.85,37.53
639609,449035,TUAS WEST ROAD MRT STATION (EW32),VICTORIA JUNIOR COLLEGE,43.47,37.62
638418,449035,TUAS LINK MRT STATION (EW33),VICTORIA JUNIOR COLLEGE,44,38.53
059815,449035,CLARKE QUAY MRT STATION (NE5),VICTORIA JUNIOR COLLEGE,14.57,10.59
218703,449035,FARRER PARK MRT STATION (NE8),VICTORIA JUNIOR COLLEGE,14.48,9.77
328260,449035,BOON KENG MRT STATION (NE9),VICTORIA JUNIOR COLLEGE,16.73,9.73
347694,449035,POTONG PASIR MRT STATION (NE10),VICTORIA JUNIOR COLLEGE,14.45,8.77
347695,449035,WOODLEIGH MRT STATION (NE11),VICTORIA JUNIOR COLLEGE,16.15,9.67
534799,449035,KOVAN MRT STATION (NE13),VICTORIA JUNIOR COLLEGE,17.53,9
538758,449035,HOUGANG MRT STATION (NE14),VICTORIA JUNIOR COLLEGE,19.93,9.87
545061,449035,BUANGKOK MRT STATION (NE15),VICTORIA JUNIOR COLLEGE,22.18,12.6
545062,449035,SENGKANG LRT STATION (STC),VICTORIA JUNIOR COLLEGE,22.98,12.86
828868,449035,PUNGGOL MRT STATION (NE17 / PTC),VICTORIA JUNIOR COLLEGE,23.52,14.72
828604,449035,PUNGGOL COAST MRT STATION (NE18),VICTORIA JUNIOR COLLEGE,26.3,16.07
659958,449035,BUKIT BATOK MRT STATION (NS2),VICTORIA JUNIOR COLLEGE,35,24.28
659083,449035,BUKIT GOMBAK MRT STATION (NS3),VICTORIA JUNIOR COLLEGE,34.98,24.29
689810,449035,CHOA CHU KANG MRT STATION (NS4 / BP1 / JS1),VICTORIA JUNIOR COLLEGE,36.83,27.88
689715,449035,YEW TEE MRT STATION (NS5),VICTORIA JUNIOR COLLEGE,36.68,27.98
738702,449035,KRANJI MRT STATION (NS7),VICTORIA JUNIOR COLLEGE,36.78,28.8
739044,449035,MARSILING MRT STATION (NS8),VICTORIA JUNIOR COLLEGE,35.78,28.24
738343,449035,WOODLANDS MRT STATION (NS9 / TE2),VICTORIA JUNIOR COLLEGE,38.47,29.64
738344,449035,ADMIRALTY MRT STATION (NS10),VICTORIA JUNIOR COLLEGE,38.43,28
759775,449035,SEMBAWANG MRT STATION (NS11),VICTORIA JUNIOR COLLEGE,40.12,26.57
756972,449035,CANBERRA MRT STATION (NS12),VICTORIA JUNIOR COLLEGE,37.72,25.41
769093,449035,YISHUN MRT STATION (NS13),VICTORIA JUNIOR COLLEGE,34.52,23.7
769092,449035,KHATIB MRT STATION (NS14),VICTORIA JUNIOR COLLEGE,31.98,22.35
569813,449035,YIO CHU KANG MRT STATION (NS15),VICTORIA JUNIOR COLLEGE,25.33,15.59
569812,449035,ANG MO KIO MRT STATION (NS16),VICTORIA JUNIOR COLLEGE,21.98,13.91
319756,449035,BRADDELL MRT STATION (NS18),VICTORIA JUNIOR COLLEGE,18.13,12.17
319398,449035,TOA PAYOH MRT STATION (NS19),VICTORIA JUNIOR COLLEGE,17.7,11.64
307642,449035,NOVENA MRT STATION (NS20),VICTORIA JUNIOR COLLEGE,17.62,11.34
238878,449035,ORCHARD MRT STATION (TE14 / NS22),VICTORIA JUNIOR COLLEGE,17.43,11.34
238162,449035,SOMERSET MRT STATION (NE23),VICTORIA JUNIOR COLLEGE,16.72,11.05
018948,449035,MARINA SOUTH PIER MRT STATION (NS28),VICTORIA JUNIOR COLLEGE,14.47,10.26
737668,449035,WOODLANDS NORTH MRT STATION (TE1),VICTORIA JUNIOR COLLEGE,42.15,31.63
737741,449035,WOODLANDS SOUTH MRT STATION (TE3),VICTORIA JUNIOR COLLEGE,36.92,26.84
787140,449035,SPRINGLEAF MRT STATION (TE4),VICTORIA JUNIOR COLLEGE,29.33,21.54
789361,449035,LENTOR MRT STATION (TE5),VICTORIA JUNIOR COLLEGE,28.82,18.13
569900,449035,MAYFLOWER MRT STATION (TE6),VICTORIA JUNIOR COLLEGE,26.68,17.22
575737,449035,BRIGHT HILL MRT STATION (TE7),VICTORIA JUNIOR COLLEGE,25.13,15.26
577937,449035,UPPER THOMSON MRT STATION (TE8),VICTORIA JUNIOR COLLEGE,22.95,14.98
299781,449035,MOUNT PLEASANT MRT STATION (TE10),VICTORIA JUNIOR COLLEGE,18.48,12.36
258511,449035,NAPIER MRT STATION (TE12),VICTORIA JUNIOR COLLEGE,20.2,12.92
248654,449035,ORCHARD BOULEVARD MRT STATION (TE13),VICTORIA JUNIOR COLLEGE,19.7,12.71
238384,449035,GREAT WORLD MRT STATION (TE15),VICTORIA JUNIOR COLLEGE,18.37,11.84
168604,449035,HAVELOCK MRT STATION (TE16),VICTORIA JUNIOR COLLEGE,19.25,12.87
058841,449035,MAXWELL MRT STATION (TE18),VICTORIA JUNIOR COLLEGE,15.92,11.06
018928,449035,SHENTON WAY MRT STATION (TE19),VICTORIA JUNIOR COLLEGE,13.65,9.98
019397,449035,MARINA SOUTH MRT STATION (TE21),VICTORIA JUNIOR COLLEGE,12.17,9.09
019396,449035,GARDENS BY THE BAY MRT STATION (TE22),VICTORIA JUNIOR COLLEGE,14.47,10.21
436488,449035,TANJONG RHU MRT STATION (TE23),VICTORIA JUNIOR COLLEGE,9.83,5.97
437870,449035,KATONG PARK MRT STATION (TE24),VICTORIA JUNIOR COLLEGE,6.62,4.73
439846,449035,TANJONG KATONG MRT STATION (TE25),VICTORIA JUNIOR COLLEGE,6.93,3.46
449971,449035,MARINE PARADE MRT STATION (TE26),VICTORIA JUNIOR COLLEGE,4.27,2.05
449970,449035,MARINE TERRACE MRT STATION (TE27),VICTORIA JUNIOR COLLEGE,1.82,0.82
449969,449035,SIGLAP MRT STATION (TE28),VICTORIA JUNIOR COLLEGE,2.68,1.27
469958,449035,BAYSHORE MRT STATION (TE29),VICTORIA JUNIOR COLLEGE,6.42,3.03
468324,449035,BEDOK SOUTH MRT STATION (TE30),VICTORIA JUNIOR COLLEGE,9.13,4.03
688265,449035,SOUTH VIEW LRT STATION (BP2),VICTORIA JUNIOR COLLEGE,35.9,25.52
688266,449035,KEAT HONG LRT STATION (BP3),VICTORIA JUNIOR COLLEGE,35.03,25.06
688267,449035,TECK WHYE LRT STATION (BP4),VICTORIA JUNIOR COLLEGE,34.02,24.52
689483,449035,PHOENIX LRT STATION (BP5),VICTORIA JUNIOR COLLEGE,32.85,23.95
678269,449035,PETIR LRT STATION (BP7),VICTORIA JUNIOR COLLEGE,31.25,23.03
678296,449035,PENDING LRT STATION (BP8),VICTORIA JUNIOR COLLEGE,29.98,22.4
679939,449035,BANGKIT LRT STATION (BP9),VICTORIA JUNIOR COLLEGE,30.28,22.53
679004,449035,FAJAR LRT STATION (BP10),VICTORIA JUNIOR COLLEGE,32.7,23.58
679940,449035,SEGAR LRT STATION (BP11),VICTORIA JUNIOR COLLEGE,32.25,23.57
679941,449035,JELAPANG LRT STATION (BP12),VICTORIA JUNIOR COLLEGE,33.13,24.05
679942,449035,SENJA LRT STATION (BP13),VICTORIA JUNIOR COLLEGE,32.13,23.52
545055,449035,COMPASSVALE LRT STATION (SE1),VICTORIA JUNIOR COLLEGE,22.48,14.11
545054,449035,RUMBIA LRT STATION (SE2),VICTORIA JUNIOR COLLEGE,21.87,12.5
545053,449035,BAKAU LRT STATION (SE3),VICTORIA JUNIOR COLLEGE,21.15,12.12
545052,449035,KANGKAR LRT STATION (SE4),VICTORIA JUNIOR COLLEGE,20.1,11.56
545046,449035,RANGGUNG LRT STATION (SE5),VICTORIA JUNIOR COLLEGE,22.15,12.24
545047,449035,CHENG LIM LRT STATION (SW1),VICTORIA JUNIOR COLLEGE,22.88,15.02
545048,449035,FARMWAY LRT STATION (SW2),VICTORIA JUNIOR COLLEGE,25.8,15.95
797697,449035,KUPANG LRT STATION (SW3),VICTORIA JUNIOR COLLEGE,26.53,16.48
797699,449035,THANGGAM LRT STATION (SW4),VICTORIA JUNIOR COLLEGE,27.15,15.3
797698,449035,FERNVALE LRT STATION (SW5),VICTORIA JUNIOR COLLEGE,26.03,14.7
797700,449035,LAYAR LRT STATION (SW6),VICTORIA JUNIOR COLLEGE,24.75,14.08
545050,449035,TONGKANG LRT STATION (SW7),VICTORIA JUNIOR COLLEGE,23.33,13.32
545049,449035,RENJONG LRT STATION (SW8),VICTORIA JUNIOR COLLEGE,25.08,13.52
828858,449035,COVE LRT STATION (PE1),VICTORIA JUNIOR COLLEGE,22.93,14.14
828857,449035,MERIDIAN LRT STATION (PE2),VICTORIA JUNIOR COLLEGE,23.62,14.47
828856,449035,CORAL EDGE LRT STATION (PE3),VICTORIA JUNIOR COLLEGE,25.08,14.29
828852,449035,RIVIERA LRT STATION (PE4),VICTORIA JUNIOR COLLEGE,22.43,13.4
828853,449035,KADALOOR LRT STATION (PE5),VICTORIA JUNIOR COLLEGE,25.35,14.42
828854,449035,OASIS LRT STATION (PE6),VICTORIA JUNIOR COLLEGE,24.78,14.41
828855,449035,DAMAI LRT STATION (PE7),VICTORIA JUNIOR COLLEGE,23.6,14.72
828851,449035,SAM KEE LRT STATION (PW1),VICTORIA JUNIOR COLLEGE,25.1,15.25
828861,449035,TECK LEE LRT STATION (PW2),VICTORIA JUNIOR COLLEGE,26.03,15.63
828644,449035,PUNGGOL POINT LRT STATION (PW3),VICTORIA JUNIOR COLLEGE,26.52,16.97
828645,449035,SAMUDERA LRT STATION (PW4),VICTORIA JUNIOR COLLEGE,25.43,16.39
828862,449035,NIBONG LRT STATION (PW5),VICTORIA JUNIOR COLLEGE,24.55,15.92
828863,449035,SUMANG LRT STATION (PW6),VICTORIA JUNIOR COLLEGE,26.73,16.12
828864,449035,SOO TECK LRT STATION (PW7),VICTORIA JUNIOR COLLEGE,23.82,15.26
238826,768675,DHOBY GHAUT MRT STATION (NS24 / NE6 / CC1),YISHUN INNOVA JUNIOR COLLEGE,27.35,19.81
189561,768675,BRAS BASAH MRT STATION (CC2),YISHUN INNOVA JUNIOR COLLEGE,28.38,19.67
189562,768675,ESPLANADE MRT STATION (CC3),YISHUN INNOVA JUNIOR COLLEGE,29.57,20.26
039193,768675,PROMENADE MRT STATION (DT15 / CC4),YISHUN INNOVA JUNIOR COLLEGE,29.82,20.34
038970,768675,NICOLL HIGHWAY MRT STATION (CC5),YISHUN INNOVA JUNIOR COLLEGE,32.17,21.6
397692,768675,STADIUM MRT STATION (CC6),YISHUN INNOVA JUNIOR COLLEGE,30.25,19.66
398006,768675,MOUNTBATTEN MRT STATION (CC7),YISHUN INNOVA JUNIOR COLLEGE,30.02,19.96
397973,768675,DAKOTA MRT STATION (CC8),YISHUN INNOVA JUNIOR COLLEGE,28.85,19.4
409006,768675,PAYA LEBAR MRT STATION (EW8 / CC9),YISHUN INNOVA JUNIOR COLLEGE,27.42,18.94
409048,768675,MACPHERSON MRT STATION (DT26 / CC10),YISHUN INNOVA JUNIOR COLLEGE,27.68,17.48
534803,768675,TAI SENG MRT STATION (CC11),YISHUN INNOVA JUNIOR COLLEGE,25.88,16.53
539788,768675,BARTLEY MRT STATION (CC12),YISHUN INNOVA JUNIOR COLLEGE,23.37,15.23
534801,768675,SERANGOON MRT STATION (NE12 / CC13),YISHUN INNOVA JUNIOR COLLEGE,25.47,16.05
554533,768675,LORONG CHUAN MRT STATION (CC14),YISHUN INNOVA JUNIOR COLLEGE,20.57,12.86
579827,768675,BISHAN MRT STATION (NS17 / CC15),YISHUN INNOVA JUNIOR COLLEGE,18.88,9.77
573993,768675,MARYMOUNT MRT STATION (CC16),YISHUN INNOVA JUNIOR COLLEGE,18.78,9.72
298113,768675,CALDECOTT MRT STATION (CC17 / TE9),YISHUN INNOVA JUNIOR COLLEGE,22.53,11.45
257494,768675,BOTANIC GARDENS MRT STATION (CC19 / DT9),YISHUN INNOVA JUNIOR COLLEGE,26.88,15.05
268857,768675,FARRER ROAD MRT STATION (CC20),YISHUN INNOVA JUNIOR COLLEGE,28.08,15.72
278995,768675,HOLLAND VILLAGE MRT STATION (CC21),YISHUN INNOVA JUNIOR COLLEGE,33.42,18.14
139345,768675,BUONA VISTA MRT STATION (CC22 / EW21),YISHUN INNOVA JUNIOR COLLEGE,34.12,18.84
138647,768675,ONE-NORTH MRT STATION (CC23),YISHUN INNOVA JUNIOR COLLEGE,36,19.69
118177,768675,KENT RIDGE MRT STATION (CC24),YISHUN INNOVA JUNIOR COLLEGE,35.68,27.86
117396,768675,HAW PAR VILLA MRT STATION (CC25),YISHUN INNOVA JUNIOR COLLEGE,40.65,26.93
117424,768675,PASIR PANJANG MRT STATION (CC26),YISHUN INNOVA JUNIOR COLLEGE,40.22,27.5
109029,768675,LABRADOR PARK MRT STATION (CC27),YISHUN INNOVA JUNIOR COLLEGE,36.45,26.03
109028,768675,TELOK BLANGAH MRT STATION (CC28),YISHUN INNOVA JUNIOR COLLEGE,37.82,26.76
098867,768675,HARBOURFRONT MRT STATION (CC29 / NE1),YISHUN INNOVA JUNIOR COLLEGE,35.87,25.61
099423,768675,KEPPEL MRT STATION (CC30),YISHUN INNOVA JUNIOR COLLEGE,34.27,24.89
089395,768675,CANTONMENT MRT STATION (CC31),YISHUN INNOVA JUNIOR COLLEGE,31.58,22.89
079122,768675,PRINCE EDWARD ROAD MRT STATION (CC32),YISHUN INNOVA JUNIOR COLLEGE,31.62,22.78
018957,768675,BAYFRONT MRT STATION (DT16 / CE1),YISHUN INNOVA JUNIOR COLLEGE,32.25,21.75
018925,768675,MARINA BAY MRT STATION (NS27 / TE20 / CE2),YISHUN INNOVA JUNIOR COLLEGE,31.75,22.65
467356,768675,TANAH MERAH MRT STATION (EW4 / CG),YISHUN INNOVA JUNIOR COLLEGE,34.25,24.36
486065,768675,EXPO MRT STATION (CG1 / DT35),YISHUN INNOVA JUNIOR COLLEGE,35.03,24.64
819661,768675,CHANGI AIRPORT MRT STATION (CG2),YISHUN INNOVA JUNIOR COLLEGE,36.75,26.54
678213,768675,BUKIT PANJANG MRT STATION (DT1 / BP6),YISHUN INNOVA JUNIOR COLLEGE,23,15.49
679696,768675,CASHEW MRT STATION (DT2),YISHUN INNOVA JUNIOR COLLEGE,23.93,15.64
678211,768675,HILLVIEW MRT STATION (DT3),YISHUN INNOVA JUNIOR COLLEGE,24.77,16.14
589681,768675,HUME MRT STATION (DT4),YISHUN INNOVA JUNIOR COLLEGE,26.82,17.14
588216,768675,BEAUTY WORLD MRT STATION (DT5),YISHUN INNOVA JUNIOR COLLEGE,26.2,19.21
599987,768675,KING ALBERT PARK MRT STATION (DT6),YISHUN INNOVA JUNIOR COLLEGE,27.4,19.88
269784,768675,SIXTH AVENUE MRT STATION (DT7),YISHUN INNOVA JUNIOR COLLEGE,30.03,21.5
266268,768675,TAN KAH KEE MRT STATION (DT8),YISHUN INNOVA JUNIOR COLLEGE,30.28,16.79
257877,768675,STEVENS MRT STATION (DT10 / TE11),YISHUN INNOVA JUNIOR COLLEGE,27.5,19.11
228234,768675,NEWTON MRT STATION (NS21 / DT11),YISHUN INNOVA JUNIOR COLLEGE,25.5,18.26
229900,768675,LITTLE INDIA MRT STATION (NE7 / DT12),YISHUN INNOVA JUNIOR COLLEGE,26.63,18.55
188505,768675,ROCHOR MRT STATION (DT13),YISHUN INNOVA JUNIOR COLLEGE,26.47,18.76
188022,768675,BUGIS MRT STATION (EW12 / DT14),YISHUN INNOVA JUNIOR COLLEGE,27.3,19.23
018969,768675,DOWNTOWN MRT STATION (DT17),YISHUN INNOVA JUNIOR COLLEGE,30.13,22.03
048416,768675,TELOK AYER MRT STATION (DT18),YISHUN INNOVA JUNIOR COLLEGE,28.93,21.48
059443,768675,CHINATOWN MRT STATION (NE4 / DT19),YISHUN INNOVA JUNIOR COLLEGE,28.13,21
179038,768675,FORT CANNING MRT STATION (DT20),YISHUN INNOVA JUNIOR COLLEGE,29.87,22.55
189658,768675,BENCOOLEN MRT STATION (DT21),YISHUN INNOVA JUNIOR COLLEGE,27.78,20.07
208826,768675,JALAN BESAR MRT STATION (DT22),YISHUN INNOVA JUNIOR COLLEGE,27.37,19.18
339356,768675,BENDEMEER MRT STATION (DT23),YISHUN INNOVA JUNIOR COLLEGE,26.07,17.97
339355,768675,GEYLANG BAHRU MRT STATION (DT24),YISHUN INNOVA JUNIOR COLLEGE,26.75,17.51
379314,768675,MATTAR MRT STATION (DT25),YISHUN INNOVA JUNIOR COLLEGE,28.45,18.03
408899,768675,UBI MRT STATION (DT27),YISHUN INNOVA JUNIOR COLLEGE,28.9,19.83
415804,768675,KAKI BUKIT MRT STATION (DT28),YISHUN INNOVA JUNIOR COLLEGE,30.32,21.44
479481,768675,BEDOK NORTH MRT STATION (DT29),YISHUN INNOVA JUNIOR COLLEGE,33.42,22.13
469724,768675,BEDOK RESERVOIR MRT STATION (DT30),YISHUN INNOVA JUNIOR COLLEGE,31.8,23.48
529683,768675,TAMPINES WEST MRT STATION (DT31),YISHUN INNOVA JUNIOR COLLEGE,31.32,20.65
529538,768675,TAMPINES MRT STATION (EW2 / DT32),YISHUN INNOVA JUNIOR COLLEGE,28.65,19.88
529623,768675,TAMPINES EAST MRT STATION (DT33),YISHUN INNOVA JUNIOR COLLEGE,28.22,20.74
485990,768675,UPPER CHANGI MRT STATION (DT34),YISHUN INNOVA JUNIOR COLLEGE,30.08,22.07
486800,768675,XILIN MRT STATION (DT36),YISHUN INNOVA JUNIOR COLLEGE,34.65,24.54
469731,768675,SUNGEI BEDOK MRT STATION (TE31 / DT37),YISHUN INNOVA JUNIOR COLLEGE,37.15,25.63
519634,768675,PASIR RIS MRT STATION (EW1),YISHUN INNOVA JUNIOR COLLEGE,29.52,19.84
529888,768675,SIMEI MRT STATION (EW3),YISHUN INNOVA JUNIOR COLLEGE,32.57,22.62
467347,768675,BEDOK MRT STATION (EW5),YISHUN INNOVA JUNIOR COLLEGE,32.85,23.46
416551,768675,KEMBANGAN MRT STATION (EW6),YISHUN INNOVA JUNIOR COLLEGE,31.65,22.07
409423,768675,EUNOS MRT STATION (EW7),YISHUN INNOVA JUNIOR COLLEGE,29.25,20.76
388310,768675,ALJUNIED MRT STATION (EW9),YISHUN INNOVA JUNIOR COLLEGE,27.93,18.68
387405,768675,KALLANG MRT STATION (EW10),YISHUN INNOVA JUNIOR COLLEGE,25.68,17.68
208699,768675,LAVENDER MRT STATION (EW11),YISHUN INNOVA JUNIOR COLLEGE,26.8,18.38
179100,768675,CITY HALL MRT STATION (NS25 / EW13),YISHUN INNOVA JUNIOR COLLEGE,28.3,20.36
048618,768675,RAFFLES PLACE MRT STATION (NS26 / EW14),YISHUN INNOVA JUNIOR COLLEGE,30.43,22.02
069119,768675,TANJONG PAGAR MRT STATION (EW15),YISHUN INNOVA JUNIOR COLLEGE,30.92,22.38
169037,768675,OUTRAM PARK MRT STATION (EW16 / NE3 / TE17),YISHUN INNOVA JUNIOR COLLEGE,28.73,21.58
168731,768675,TIONG BAHRU MRT STATION (EW17),YISHUN INNOVA JUNIOR COLLEGE,30.45,22.41
158792,768675,REDHILL MRT STATION (EW18),YISHUN INNOVA JUNIOR COLLEGE,32.7,22.38
149729,768675,QUEENSTOWN MRT STATION (EW19),YISHUN INNOVA JUNIOR COLLEGE,33.83,18.68
149735,768675,COMMONWEALTH MRT STATION (EW20),YISHUN INNOVA JUNIOR COLLEGE,32.65,18.1
138677,768675,DOVER MRT STATION (EW22),YISHUN INNOVA JUNIOR COLLEGE,33.73,23.24
129580,768675,CLEMENTI MRT STATION (EW23),YISHUN INNOVA JUNIOR COLLEGE,32.12,22.95
609690,768675,JURONG EAST MRT STATION (NS1 / EW24),YISHUN INNOVA JUNIOR COLLEGE,32.97,24.3
609959,768675,CHINESE GARDEN MRT STATION (EW25),YISHUN INNOVA JUNIOR COLLEGE,35.37,25.96
649845,768675,LAKESIDE MRT STATION (EW26),YISHUN INNOVA JUNIOR COLLEGE,35.07,24.04
649846,768675,BOON LAY MRT STATION (EW27),YISHUN INNOVA JUNIOR COLLEGE,34.52,24.16
648310,768675,PIONEER MRT STATION (EW28),YISHUN INNOVA JUNIOR COLLEGE,33.58,24.25
629116,768675,JOO KOON MRT STATION (EW29),YISHUN INNOVA JUNIOR COLLEGE,35.85,26.42
637288,768675,GUL CIRCLE MRT STATION (EW30),YISHUN INNOVA JUNIOR COLLEGE,38.57,28.92
639608,768675,TUAS CRESCENT MRT STATION (EW31),YISHUN INNOVA JUNIOR COLLEGE,43.38,31.09
639609,768675,TUAS WEST ROAD MRT STATION (EW32),YISHUN INNOVA JUNIOR COLLEGE,42.85,31.29
638418,768675,TUAS LINK MRT STATION (EW33),YISHUN INNOVA JUNIOR COLLEGE,42.45,32.07
059815,768675,CLARKE QUAY MRT STATION (NE5),YISHUN INNOVA JUNIOR COLLEGE,29.52,21.74
218703,768675,FARRER PARK MRT STATION (NE8),YISHUN INNOVA JUNIOR COLLEGE,25.83,17.64
328260,768675,BOON KENG MRT STATION (NE9),YISHUN INNOVA JUNIOR COLLEGE,24.35,16.4
347694,768675,POTONG PASIR MRT STATION (NE10),YISHUN INNOVA JUNIOR COLLEGE,23.23,15.74
347695,768675,WOODLEIGH MRT STATION (NE11),YISHUN INNOVA JUNIOR COLLEGE,22,14.36
534799,768675,KOVAN MRT STATION (NE13),YISHUN INNOVA JUNIOR COLLEGE,24.72,15.11
538758,768675,HOUGANG MRT STATION (NE14),YISHUN INNOVA JUNIOR COLLEGE,25.8,12.69
545061,768675,BUANGKOK MRT STATION (NE15),YISHUN INNOVA JUNIOR COLLEGE,21.45,13.13
545062,768675,SENGKANG LRT STATION (STC),YISHUN INNOVA JUNIOR COLLEGE,19.15,12.13
828868,768675,PUNGGOL MRT STATION (NE17 / PTC),YISHUN INNOVA JUNIOR COLLEGE,20.03,12.55
828604,768675,PUNGGOL COAST MRT STATION (NE18),YISHUN INNOVA JUNIOR COLLEGE,22.38,11.22
659958,768675,BUKIT BATOK MRT STATION (NS2),YISHUN INNOVA JUNIOR COLLEGE,32.53,20.19
659083,768675,BUKIT GOMBAK MRT STATION (NS3),YISHUN INNOVA JUNIOR COLLEGE,28.78,18.65
689810,768675,CHOA CHU KANG MRT STATION (NS4 / BP1 / JS1),YISHUN INNOVA JUNIOR COLLEGE,24.85,15.87
689715,768675,YEW TEE MRT STATION (NS5),YISHUN INNOVA JUNIOR COLLEGE,24.62,12.6
738702,768675,KRANJI MRT STATION (NS7),YISHUN INNOVA JUNIOR COLLEGE,16.82,10.22
739044,768675,MARSILING MRT STATION (NS8),YISHUN INNOVA JUNIOR COLLEGE,15.78,9.65
738343,768675,WOODLANDS MRT STATION (NS9 / TE2),YISHUN INNOVA JUNIOR COLLEGE,13.42,6.88
738344,768675,ADMIRALTY MRT STATION (NS10),YISHUN INNOVA JUNIOR COLLEGE,9.15,4.82
759775,768675,SEMBAWANG MRT STATION (NS11),YISHUN INNOVA JUNIOR COLLEGE,7.23,3.54
756972,768675,CANBERRA MRT STATION (NS12),YISHUN INNOVA JUNIOR COLLEGE,5.7,3.02
769093,768675,YISHUN MRT STATION (NS13),YISHUN INNOVA JUNIOR COLLEGE,2.55,1.34
769092,768675,KHATIB MRT STATION (NS14),YISHUN INNOVA JUNIOR COLLEGE,2.42,0.99
569813,768675,YIO CHU KANG MRT STATION (NS15),YISHUN INNOVA JUNIOR COLLEGE,11.92,5.96
569812,768675,ANG MO KIO MRT STATION (NS16),YISHUN INNOVA JUNIOR COLLEGE,14.53,7.44
319756,768675,BRADDELL MRT STATION (NS18),YISHUN INNOVA JUNIOR COLLEGE,23.42,15
319398,768675,TOA PAYOH MRT STATION (NS19),YISHUN INNOVA JUNIOR COLLEGE,25.67,16.77
307642,768675,NOVENA MRT STATION (NS20),YISHUN INNOVA JUNIOR COLLEGE,25.08,17.22
238878,768675,ORCHARD MRT STATION (TE14 / NS22),YISHUN INNOVA JUNIOR COLLEGE,27.13,19.34
238162,768675,SOMERSET MRT STATION (NE23),YISHUN INNOVA JUNIOR COLLEGE,27.38,19.6
018948,768675,MARINA SOUTH PIER MRT STATION (NS28),YISHUN INNOVA JUNIOR COLLEGE,34.18,23.9
737668,768675,WOODLANDS NORTH MRT STATION (TE1),YISHUN INNOVA JUNIOR COLLEGE,15.62,7.92
737741,768675,WOODLANDS SOUTH MRT STATION (TE3),YISHUN INNOVA JUNIOR COLLEGE,14.17,6.89
787140,768675,SPRINGLEAF MRT STATION (TE4),YISHUN INNOVA JUNIOR COLLEGE,9.13,4.73
789361,768675,LENTOR MRT STATION (TE5),YISHUN INNOVA JUNIOR COLLEGE,11.62,5.77
569900,768675,MAYFLOWER MRT STATION (TE6),YISHUN INNOVA JUNIOR COLLEGE,14.15,7.16
575737,768675,BRIGHT HILL MRT STATION (TE7),YISHUN INNOVA JUNIOR COLLEGE,17.97,9.22
577937,768675,UPPER THOMSON MRT STATION (TE8),YISHUN INNOVA JUNIOR COLLEGE,17.63,9.38
299781,768675,MOUNT PLEASANT MRT STATION (TE10),YISHUN INNOVA JUNIOR COLLEGE,24.67,12.48
258511,768675,NAPIER MRT STATION (TE12),YISHUN INNOVA JUNIOR COLLEGE,30.1,20.96
248654,768675,ORCHARD BOULEVARD MRT STATION (TE13),YISHUN INNOVA JUNIOR COLLEGE,29.38,20.71
238384,768675,GREAT WORLD MRT STATION (TE15),YISHUN INNOVA JUNIOR COLLEGE,29.62,20.26
168604,768675,HAVELOCK MRT STATION (TE16),YISHUN INNOVA JUNIOR COLLEGE,30.03,21.05
058841,768675,MAXWELL MRT STATION (TE18),YISHUN INNOVA JUNIOR COLLEGE,29.93,21.83
018928,768675,SHENTON WAY MRT STATION (TE19),YISHUN INNOVA JUNIOR COLLEGE,31.13,22.36
019397,768675,MARINA SOUTH MRT STATION (TE21),YISHUN INNOVA JUNIOR COLLEGE,32.03,22.81
019396,768675,GARDENS BY THE BAY MRT STATION (TE22),YISHUN INNOVA JUNIOR COLLEGE,34.52,23.94
436488,768675,TANJONG RHU MRT STATION (TE23),YISHUN INNOVA JUNIOR COLLEGE,33.18,20.56
437870,768675,KATONG PARK MRT STATION (TE24),YISHUN INNOVA JUNIOR COLLEGE,29.68,19.77
439846,768675,TANJONG KATONG MRT STATION (TE25),YISHUN INNOVA JUNIOR COLLEGE,31.8,20.91
449971,768675,MARINE PARADE MRT STATION (TE26),YISHUN INNOVA JUNIOR COLLEGE,33.17,21.95
449970,768675,MARINE TERRACE MRT STATION (TE27),YISHUN INNOVA JUNIOR COLLEGE,33.72,22.75
449969,768675,SIGLAP MRT STATION (TE28),YISHUN INNOVA JUNIOR COLLEGE,35.87,24.32
469958,768675,BAYSHORE MRT STATION (TE29),YISHUN INNOVA JUNIOR COLLEGE,37.43,28.99
468324,768675,BEDOK SOUTH MRT STATION (TE30),YISHUN INNOVA JUNIOR COLLEGE,39.68,29.89
688265,768675,SOUTH VIEW LRT STATION (BP2),YISHUN INNOVA JUNIOR COLLEGE,25.87,16.54
688266,768675,KEAT HONG LRT STATION (BP3),YISHUN INNOVA JUNIOR COLLEGE,26.48,17.13
688267,768675,TECK WHYE LRT STATION (BP4),YISHUN INNOVA JUNIOR COLLEGE,24.5,16.37
689483,768675,PHOENIX LRT STATION (BP5),YISHUN INNOVA JUNIOR COLLEGE,23.45,15.84
678269,768675,PETIR LRT STATION (BP7),YISHUN INNOVA JUNIOR COLLEGE,21.9,14.94
678296,768675,PENDING LRT STATION (BP8),YISHUN INNOVA JUNIOR COLLEGE,20.58,14.28
679939,768675,BANGKIT LRT STATION (BP9),YISHUN INNOVA JUNIOR COLLEGE,20.87,14.41
679004,768675,FAJAR LRT STATION (BP10),YISHUN INNOVA JUNIOR COLLEGE,22.83,15.37
679940,768675,SEGAR LRT STATION (BP11),YISHUN INNOVA JUNIOR COLLEGE,22.83,15.46
679941,768675,JELAPANG LRT STATION (BP12),YISHUN INNOVA JUNIOR COLLEGE,22.27,13.73
679942,768675,SENJA LRT STATION (BP13),YISHUN INNOVA JUNIOR COLLEGE,22.72,15.4
545055,768675,COMPASSVALE LRT STATION (SE1),YISHUN INNOVA JUNIOR COLLEGE,19.4,12.24
545054,768675,RUMBIA LRT STATION (SE2),YISHUN INNOVA JUNIOR COLLEGE,20.57,13.03
545053,768675,BAKAU LRT STATION (SE3),YISHUN INNOVA JUNIOR COLLEGE,21.35,13.44
545052,768675,KANGKAR LRT STATION (SE4),YISHUN INNOVA JUNIOR COLLEGE,21.87,13.71
545046,768675,RANGGUNG LRT STATION (SE5),YISHUN INNOVA JUNIOR COLLEGE,21.52,13.26
545047,768675,CHENG LIM LRT STATION (SW1),YISHUN INNOVA JUNIOR COLLEGE,18.28,11.62
545048,768675,FARMWAY LRT STATION (SW2),YISHUN INNOVA JUNIOR COLLEGE,19.55,12.13
797697,768675,KUPANG LRT STATION (SW3),YISHUN INNOVA JUNIOR COLLEGE,19.45,10.43
797699,768675,THANGGAM LRT STATION (SW4),YISHUN INNOVA JUNIOR COLLEGE,17.78,9.77
797698,768675,FERNVALE LRT STATION (SW5),YISHUN INNOVA JUNIOR COLLEGE,19.77,10.47
797700,768675,LAYAR LRT STATION (SW6),YISHUN INNOVA JUNIOR COLLEGE,18.8,10.44
545050,768675,TONGKANG LRT STATION (SW7),YISHUN INNOVA JUNIOR COLLEGE,20.17,11.17
545049,768675,RENJONG LRT STATION (SW8),YISHUN INNOVA JUNIOR COLLEGE,20.33,12.73
828858,768675,COVE LRT STATION (PE1),YISHUN INNOVA JUNIOR COLLEGE,19.9,12.65
828857,768675,MERIDIAN LRT STATION (PE2),YISHUN INNOVA JUNIOR COLLEGE,20.68,13.07
828856,768675,CORAL EDGE LRT STATION (PE3),YISHUN INNOVA JUNIOR COLLEGE,21.67,13.59
828852,768675,RIVIERA LRT STATION (PE4),YISHUN INNOVA JUNIOR COLLEGE,22.82,14.18
828853,768675,KADALOOR LRT STATION (PE5),YISHUN INNOVA JUNIOR COLLEGE,23.52,14.35
828854,768675,OASIS LRT STATION (PE6),YISHUN INNOVA JUNIOR COLLEGE,22.53,13.83
828855,768675,DAMAI LRT STATION (PE7),YISHUN INNOVA JUNIOR COLLEGE,21.28,13.37
828851,768675,SAM KEE LRT STATION (PW1),YISHUN INNOVA JUNIOR COLLEGE,22.12,13.16
828861,768675,TECK LEE LRT STATION (PW2),YISHUN INNOVA JUNIOR COLLEGE,21.67,10.5
828644,768675,PUNGGOL POINT LRT STATION (PW3),YISHUN INNOVA JUNIOR COLLEGE,21.62,10.81
828645,768675,SAMUDERA LRT STATION (PW4),YISHUN INNOVA JUNIOR COLLEGE,20.53,10.23
828862,768675,NIBONG LRT STATION (PW5),YISHUN INNOVA JUNIOR COLLEGE,20.15,12.68
828863,768675,SUMANG LRT STATION (PW6),YISHUN INNOVA JUNIOR COLLEGE,19.35,12.26
828864,768675,SOO TECK LRT STATION (PW7),YISHUN INNOVA JUNIOR COLLEGE,18.65,11.88
